46 296359872 296294336
55 258717696 258652160
21 390557184 390491648
55 221075520 221009984
54 220934016 220868480
2 277538816 277473280
16 409378304 296295936
57 371736128 371670592
52 296359936 296294400
55 258717760 258652224
21 390557248 390491712
55 221075584 221010048
54 220934080 220868544
2 277538880 277473344
16 409378368 296296000
57 371736192 371670656
52 296360000 390502464
55 258717824 258652288
21 390557312 390491776
55 221075648 221010112
54 220934144 220868608
2 277538944 277473408
16 409378432 296296064
57 371736256 371670720
52 296360064 390502528
55 258717888 258652352
21 390557376 390491840
55 221075712 221010176
59 258717952 258652416
10 371736320 371670784
1 220934208 220868672
2 277539008 277473472
5 390557440 390491904
1 296360128 390502592
8 409378496 296296128
44 221075776 221010240
54 220934272 220868736
2 277539072 277473536
16 409378560 296296192
57 371736384 371670848
52 296360192 390502656
55 258718016 258652480
21 390557504 390491968
55 221075840 221010304
54 220934336 220868800
2 277539136 277473600
16 409378624 296296256
57 371736448 371670912
52 296360256 390502720
55 258718080 258652544
21 390557568 390492032
55 221075904 221010368
54 220934400 220868864
2 277539200 277473664
16 409378688 296296320
57 371736512 371670976
52 296360320 390502784
55 258718144 258652608
21 390557632 390492096
55 221075968 221010432
54 220934464 220868928
2 277539264 277473728
16 409378752 296296384
57 371736576 371671040
52 296360384 390502848
55 258718208 258652672
21 390557696 390492160
55 221076032 221010496
54 220934528 220868992
2 277539328 277473792
16 409378816 296296448
57 371736640 371671104
52 296360448 390502912
55 258718272 258652736
21 390557760 390492224
55 221076096 221010560
54 220934592 220869056
2 277539392 277473856
16 409378880 296296512
57 371736704 371671168
52 296360512 390502976
55 258718336 258652800
21 390557824 390492288
55 221076160 221010624
54 220934656 220869120
2 277539456 277473920
16 409378944 296296576
57 371736768 371671232
52 296360576 390503040
55 258718400 258652864
21 390557888 390492352
55 221076224 221010688
54 220934720 220869184
2 277539520 277473984
16 409379008 409313472
57 371736832 371671296
52 296360640 390503104
55 258718464 258652928
21 390557952 390492416
55 221076288 221010752
54 220934784 369472128
2 277539584 277474048
16 409379072 409313536
57 371736896 371671360
52 296360704 390503168
55 258718528 258652992
21 390558016 390492480
55 221076352 221010816
54 220934848 409318080
2 277539648 277474112
16 409379136 409313600
57 371736960 371671424
52 296360768 390503232
55 258718592 258653056
21 390558080 390492544
55 221076416 221010880
54 220934912 409318144
2 277539712 277474176
16 409379200 409313664
57 371737024 371671488
52 296360832 390503296
55 258718656 258653120
21 390558144 390492608
55 221076480 221010944
54 220934976 409318208
2 277539776 277474240
16 409379264 409313728
57 371737088 371671552
52 296360896 390503360
55 258718720 258653184
21 390558208 390492672
55 221076544 221011008
54 220935040 409318272
2 277539840 277474304
16 409379328 409313792
57 371737152 371671616
52 296360960 390503424
55 258718784 258653248
21 390558272 390492736
55 221076608 221011072
54 220935104 409318336
2 277539904 277474368
16 409379392 409313856
57 371737216 371671680
52 296361024 390503488
55 258718848 258653312
21 390558336 390492800
55 221076672 221011136
54 220935168 409318400
2 277539968 277474432
16 409379456 409313920
57 371737280 371671744
52 296361088 390503552
55 258718912 258653376
21 390558400 390492864
55 221076736 221011200
54 220935232 409318464
2 277540032 277474496
16 409379520 409313984
57 371737344 371671808
52 296361152 390503616
71 221076800 221011264
1 258718976 258653440
10 371737408 371671872
1 220935296 409318528
2 277540096 277474560
5 390558464 390492928
10 409379584 409314048
30 296361216 390503680
55 258719040 258653504
21 390558528 390492992
55 221076864 221011328
54 220935360 220869824
2 277540160 277474624
16 409379648 409314112
57 371737472 371671936
52 296361280 390503744
55 258719104 258653568
21 390558592 390493056
55 221076928 221011392
54 220935424 220869888
2 277540224 277474688
16 409379712 409314176
57 371737536 371672000
52 296361344 390503808
55 258719168 258653632
21 390558656 390493120
55 221076992 221011456
54 220935488 220869952
2 277540288 277474752
16 409379776 409314240
57 371737600 371672064
52 296361408 390503872
55 258719232 258653696
21 390558720 390493184
55 221077056 221011520
54 220935552 220870016
2 277540352 277474816
16 409379840 409314304
57 371737664 371672128
52 296361472 390503936
55 258719296 258653760
21 390558784 390493248
55 221077120 221011584
54 220935616 220870080
2 277540416 277474880
16 409379904 409314368
57 371737728 371672192
52 296361536 390504000
55 258719360 258653824
21 390558848 390493312
55 221077184 221011648
54 220935680 220870144
2 277540480 277474944
16 409379968 409314432
57 371737792 371672256
52 296361600 390504064
55 258719424 258653888
21 390558912 390493376
55 221077248 221011712
54 220935744 220870208
2 277540544 277475008
16 409380032 409314496
57 371737856 371672320
52 296361664 390504128
55 258719488 258653952
21 390558976 390493440
55 221077312 221011776
54 220935808 220870272
2 277540608 277475072
16 409380096 409314560
57 371737920 371672384
52 296361728 390504192
55 258719552 258654016
21 390559040 390493504
55 221077376 221011840
54 220935872 220870336
2 277540672 277475136
16 409380160 409314624
57 371737984 371672448
52 296361792 390504256
55 258719616 258654080
21 390559104 390493568
55 221077440 221011904
54 220935936 220870400
2 277540736 277475200
16 409380224 409314688
57 371738048 371672512
52 296361856 390504320
55 258719680 258654144
21 390559168 390493632
55 221077504 221011968
54 220936000 220870464
2 277540800 277475264
16 409380288 409314752
57 371738112 371672576
52 296361920 390504384
55 258719744 258654208
21 390559232 390493696
55 221077568 221012032
54 220936064 220870528
2 277540864 277475328
16 409380352 409314816
57 371738176 371672640
52 296361984 390504448
55 258719808 258654272
21 390559296 390493760
55 221077632 221012096
54 220936128 220870592
2 277540928 277475392
16 409380416 409314880
57 371738240 371672704
52 296362048 390504512
55 258719872 258654336
21 390559360 390493824
55 221077696 221012160
54 220936192 220870656
2 277540992 277475456
16 409380480 409314944
57 371738304 371672768
52 296362112 390504576
55 258719936 258654400
21 390559424 390493888
55 221077760 221012224
54 220936256 220870720
2 277541056 277475520
16 409380544 409315008
57 371738368 371672832
52 296362176 296296640
55 258720000 258654464
21 390559488 390493952
55 221077824 221012288
54 220936320 220870784
2 277541120 277475584
16 409380608 409315072
62 221077888 221012352
1 258720064 258654528
10 371738432 371672896
10 390559552 390494016
1 296362240 296296704
28 220936384 220870848
2 277541184 277475648
16 409380672 409315136
57 371738496 371672960
52 296362304 296296768
55 258720128 258654592
21 390559616 390494080
55 221077952 221012416
54 220936448 220870912
2 277541248 277475712
16 409380736 409315200
57 371738560 371673024
52 296362368 296296832
55 258720192 258654656
21 390559680 390494144
55 221078016 221012480
54 220936512 220870976
2 277541312 277475776
16 409380800 409315264
57 371738624 371673088
52 296362432 296296896
55 258720256 258654720
21 390559744 390494208
55 221078080 221012544
54 220936576 220871040
2 277541376 277475840
16 409380864 409315328
57 371738688 371673152
52 296362496 296296960
55 258720320 258654784
21 390559808 390494272
55 221078144 221012608
54 220936640 220871104
2 277541440 277475904
16 409380928 409315392
57 371738752 371673216
52 296362560 296297024
55 258720384 258654848
21 390559872 390494336
55 221078208 221012672
54 220936704 220871168
2 277541504 277475968
16 409380992 409315456
57 371738816 371673280
52 296362624 296297088
55 258720448 258654912
21 390559936 390494400
55 221078272 221012736
54 220936768 220871232
2 277541568 277476032
16 409381056 409315520
57 371738880 371673344
52 296362688 296297152
55 258720512 258654976
21 390560000 390494464
55 221078336 221012800
54 220936832 220871296
2 277541632 277476096
16 409381120 409315584
57 371738944 371673408
52 296362752 296297216
55 258720576 258655040
21 390560064 390494528
55 221078400 221012864
54 220936896 220871360
2 277541696 277476160
16 409381184 409315648
57 371739008 371673472
52 296362816 296297280
55 258720640 258655104
21 390560128 390494592
55 221078464 221012928
54 220936960 220871424
2 277541760 277476224
16 409381248 409315712
57 371739072 371673536
52 296362880 296297344
55 258720704 258655168
21 390560192 390494656
55 221078528 221012992
54 220937024 220871488
2 277541824 277476288
16 409381312 409315776
57 371739136 371673600
52 296362944 296297408
55 258720768 258655232
21 390560256 390494720
55 221078592 221013056
54 220937088 220871552
2 277541888 277476352
16 409381376 409315840
57 371739200 371673664
52 296363008 296297472
55 258720832 258655296
21 390560320 390494784
55 221078656 221013120
54 220937152 220871616
2 277541952 277476416
16 409381440 409315904
57 371739264 371673728
52 296363072 296297536
55 258720896 258655360
21 390560384 390494848
55 221078720 221013184
54 220937216 220871680
2 277542016 277476480
16 409381504 409315968
57 371739328 371673792
52 296363136 296297600
55 258720960 258655424
21 390560448 390494912
55 221078784 221013248
54 220937280 220871744
2 277542080 277476544
16 409381568 409316032
57 371739392 371673856
52 296363200 296297664
55 258721024 258655488
21 390560512 390494976
55 221078848 221013312
54 220937344 220871808
2 277542144 277476608
16 409381632 409316096
57 371739456 371673920
52 296363264 296297728
55 258721088 258655552
21 390560576 390495040
73 221078912 221013376
12 371739520 371673984
1 220937408 220871872
2 277542208 277476672
7 296363328 296297792
8 409381696 409316160
6 258721152 258655616
21 390560640 390495104
55 221078976 221013440
54 220937472 220871936
2 277542272 277476736
16 409381760 409316224
57 371739584 371674048
52 296363392 296297856
55 258721216 258655680
21 390560704 390495168
55 221079040 221013504
54 220937536 220872000
2 277542336 277476800
16 409381824 409316288
57 371739648 371674112
52 296363456 296297920
55 258721280 258655744
21 390560768 390495232
55 221079104 221013568
54 220937600 220872064
2 277542400 277476864
16 409381888 409316352
57 371739712 371674176
52 296363520 296297984
55 258721344 258655808
21 390560832 390495296
55 221079168 221013632
54 220937664 220872128
2 277542464 277476928
16 409381952 409316416
57 371739776 371674240
52 296363584 296298048
55 258721408 258655872
21 390560896 390495360
55 221079232 221013696
54 220937728 220872192
2 277542528 277476992
16 409382016 409316480
57 371739840 371674304
52 296363648 296298112
55 258721472 258655936
21 390560960 390495424
55 221079296 221013760
54 220937792 220872256
2 277542592 277477056
16 409382080 409316544
57 371739904 371674368
52 296363712 296298176
55 258721536 258656000
21 390561024 390495488
55 221079360 221013824
54 220937856 220872320
2 277542656 277477120
16 409382144 409316608
57 371739968 371674432
52 296363776 296298240
55 258721600 258656064
21 390561088 390495552
55 221079424 221013888
54 220937920 220872384
2 277542720 277477184
16 409382208 409316672
57 371740032 371674496
52 296363840 296298304
55 258721664 258656128
21 390561152 390495616
55 221079488 221013952
54 220937984 220872448
2 277542784 277477248
16 409382272 409316736
57 371740096 371674560
52 296363904 296298368
55 258721728 258656192
21 390561216 390495680
55 221079552 221014016
54 220938048 220872512
2 277542848 277477312
16 409382336 409316800
57 371740160 371674624
52 296363968 296298432
55 258721792 258656256
21 390561280 390495744
55 221079616 221014080
54 220938112 220872576
2 277542912 277477376
16 409382400 409316864
57 371740224 371674688
52 296364032 296298496
55 258721856 258656320
21 390561344 390495808
55 221079680 221014144
54 220938176 220872640
2 277542976 277477440
16 409382464 409316928
57 371740288 371674752
52 296364096 296298560
55 258721920 258656384
21 390561408 390495872
55 221079744 221014208
54 220938240 220872704
2 277543040 277477504
16 409382528 409316992
57 371740352 371674816
52 296364160 296298624
55 258721984 258656448
21 390561472 390495936
55 221079808 221014272
54 220938304 220872768
2 277543104 277477568
16 409382592 409317056
57 371740416 371674880
52 296364224 296298688
55 258722048 258656512
21 390561536 390496000
55 221079872 221014336
54 220938368 220872832
2 277543168 277477632
16 409382656 409317120
57 371740480 371674944
52 296364288 296298752
55 258722112 258656576
21 390561600 390496064
55 221079936 221014400
54 220938432 220872896
2 277543232 277477696
16 409382720 409317184
57 371740544 371675008
52 296364352 296298816
31 221080000 221014464
1 258722176 258656640
12 220938496 220872960
2 277543296 277477760
5 390561664 390496128
10 409382784 409317248
17 371740608 371675072
52 296364416 296298880
55 258722240 258656704
21 390561728 390496192
55 221080064 221014528
54 220938560 220873024
2 277543360 277477824
16 409382848 409317312
57 371740672 371675136
52 296364480 296298944
55 258722304 258656768
21 390561792 390496256
55 221080128 221014592
54 220938624 220873088
2 277543424 277477888
16 409382912 409317376
57 371740736 371675200
52 296364544 296299008
55 258722368 258656832
21 390561856 390496320
55 221080192 221014656
54 220938688 220873152
2 277543488 277477952
16 409382976 409317440
57 371740800 371675264
52 296364608 296299072
55 258722432 258656896
21 390561920 390496384
55 221080256 221014720
54 220938752 220873216
2 277543552 277478016
16 409383040 409317504
57 371740864 371675328
52 296364672 296299136
55 258722496 258656960
21 390561984 390496448
55 221080320 221014784
54 220938816 220873280
2 277543616 277478080
16 409383104 409317568
57 371740928 371675392
52 296364736 296299200
55 258722560 258657024
21 390562048 390496512
55 221080384 221014848
54 220938880 220873344
2 277543680 277478144
16 409383168 409317632
57 371740992 371675456
52 296364800 296299264
55 258722624 258657088
21 390562112 390496576
55 221080448 221014912
54 220938944 220873408
2 277543744 277478208
16 409383232 409317696
57 371741056 371675520
52 296364864 296299328
55 258722688 258657152
21 390562176 390496640
55 221080512 221014976
54 220939008 220873472
2 277543808 277478272
16 409383296 409317760
57 371741120 371675584
52 296364928 296299392
55 258722752 258657216
21 390562240 390496704
55 221080576 221015040
54 220939072 220873536
2 277543872 277478336
16 409383360 409317824
57 371741184 371675648
52 296364992 296299456
55 258722816 258657280
21 390562304 390496768
55 221080640 221015104
54 220939136 220873600
2 277543936 277478400
16 409383424 409317888
57 371741248 371675712
52 296365056 296299520
55 258722880 258657344
21 390562368 390496832
55 221080704 221015168
54 220939200 220873664
2 277544000 277478464
16 409383488 409317952
57 371741312 371675776
52 296365120 296299584
55 258722944 258657408
21 390562432 390496896
55 221080768 221015232
54 220939264 220873728
2 277544064 277478528
16 409383552 409318016
57 371741376 371675840
52 296365184 296299648
55 258723008 258657472
21 390562496 390496960
55 221080832 221015296
54 220939328 220873792
2 277544128 277478592
16 409383616 296301248
57 371741440 371675904
52 296365248 296299712
55 258723072 258657536
21 390562560 390497024
55 221080896 221015360
54 220939392 220873856
2 277544192 277478656
16 409383680 296301312
57 371741504 371675968
52 296365312 296299776
55 258723136 258657600
21 390562624 390497088
55 221080960 221015424
54 220939456 220873920
2 277544256 277478720
16 409383744 296301376
57 371741568 371676032
52 296365376 296299840
55 258723200 258657664
21 390562688 390497152
55 221081024 221015488
54 220939520 220873984
2 277544320 277478784
16 409383808 296301440
13 369472704 409318592
10 258723264 258657728
10 371741632 371676096
10 390562752 390497216
1 296365440 296299904
13 221081088 221015552
54 220939584 220874048
2 277544384 277478848
16 409383872 296301504
57 371741696 371676160
52 296365504 296299968
55 258723328 258657792
21 390562816 390497280
55 221081152 221015616
54 220939648 220874112
2 277544448 277478912
16 409383936 296301568
57 371741760 371676224
52 296365568 296300032
55 258723392 258657856
21 390562880 390497344
55 221081216 221015680
54 220939712 220874176
2 277544512 277478976
16 409384000 296301632
57 371741824 371676288
52 296365632 296300096
55 258723456 258657920
21 390562944 390497408
55 221081280 221015744
54 220939776 220874240
2 277544576 277479040
16 409384064 296301696
57 371741888 371676352
52 296365696 296300160
55 258723520 258657984
21 390563008 390497472
55 221081344 221015808
54 220939840 220874304
2 277544640 277479104
16 409384128 296301760
57 371741952 371676416
52 296365760 296300224
55 258723584 258658048
21 390563072 390497536
55 221081408 221015872
54 220939904 220874368
2 277544704 277479168
16 409384192 409318656
57 371742016 371676480
52 296365824 296300288
55 258723648 258658112
21 390563136 390497600
55 221081472 221015936
54 220939968 220874432
2 277544768 277479232
16 409384256 409318720
57 371742080 371676544
52 296365888 296300352
55 258723712 258658176
21 390563200 390497664
55 221081536 221016000
54 220940032 220874496
2 277544832 277479296
16 409384320 409318784
57 371742144 371676608
52 296365952 296300416
55 258723776 258658240
21 390563264 390497728
55 221081600 221016064
54 220940096 220874560
2 277544896 277479360
16 409384384 409318848
57 371742208 371676672
52 296366016 296300480
55 258723840 258658304
21 390563328 390497792
55 221081664 221016128
54 220940160 220874624
2 277544960 277479424
16 409384448 409318912
57 371742272 371676736
52 296366080 296300544
55 258723904 258658368
21 390563392 390497856
55 221081728 221016192
54 220940224 220874688
2 277545024 277479488
16 409384512 409318976
57 371742336 371676800
52 296366144 296300608
55 258723968 258658432
21 390563456 390497920
55 221081792 221016256
54 220940288 220874752
2 277545088 277479552
16 409384576 409319040
57 371742400 371676864
52 296366208 296300672
55 258724032 258658496
21 390563520 390497984
55 221081856 221016320
54 220940352 220874816
2 277545152 277479616
16 409384640 409319104
57 371742464 371676928
52 296366272 296300736
55 258724096 258658560
21 390563584 390498048
55 221081920 221016384
54 220940416 220874880
2 277545216 277479680
16 409384704 409319168
57 371742528 371676992
52 296366336 296300800
55 258724160 258658624
21 390563648 390498112
55 221081984 221016448
54 220940480 220874944
2 277545280 277479744
16 409384768 409319232
57 371742592 371677056
52 296366400 296300864
55 258724224 258658688
21 390563712 390498176
55 221082048 221016512
54 220940544 220875008
2 277545344 277479808
16 409384832 409319296
57 371742656 371677120
52 296366464 296300928
55 258724288 258658752
21 390563776 390498240
33 221082112 221016576
12 371742720 371677184
1 220940608 220875072
2 277545408 277479872
7 296366528 296300992
8 409384896 409319360
46 258724352 258658816
21 390563840 390498304
55 221082176 221016640
54 220940672 220875136
2 277545472 277479936
16 409384960 409319424
57 371742784 371677248
52 296366592 296301056
55 258724416 258658880
21 390563904 390498368
55 221082240 221016704
54 220940736 220875200
2 277545536 277480000
16 409385024 409319488
57 371742848 371677312
52 296366656 296301120
55 258724480 258658944
21 390563968 390498432
55 221082304 221016768
54 220940800 220875264
2 277545600 277480064
16 409385088 409319552
57 371742912 371677376
52 296366720 296301184
55 258724544 258659008
21 390564032 390498496
55 221082368 221016832
54 220940864 220875328
2 277545664 277480128
16 409385152 409319616
57 371742976 371677440
52 296366784 369472192
55 258724608 258659072
21 390564096 390498560
55 221082432 221016896
54 220940928 220875392
2 277545728 277480192
16 409385216 409319680
57 371743040 371677504
52 296366848 390509312
55 258724672 258659136
21 390564160 390498624
55 221082496 221016960
54 220940992 220875456
2 277545792 277480256
16 409385280 409319744
57 371743104 371677568
52 296366912 390509376
55 258724736 258659200
21 390564224 390498688
55 221082560 221017024
54 220941056 220875520
2 277545856 277480320
16 409385344 409319808
57 371743168 371677632
52 296366976 390509440
55 258724800 258659264
21 390564288 390498752
55 221082624 221017088
54 220941120 220875584
2 277545920 277480384
16 409385408 409319872
57 371743232 371677696
52 296367040 390509504
55 258724864 258659328
21 390564352 390498816
55 221082688 221017152
54 220941184 220875648
2 277545984 277480448
16 409385472 409319936
57 371743296 371677760
52 296367104 390509568
55 258724928 258659392
21 390564416 390498880
55 221082752 221017216
54 220941248 220875712
2 277546048 277480512
16 409385536 409320000
57 371743360 371677824
52 296367168 390509632
55 258724992 258659456
21 390564480 390498944
55 221082816 221017280
54 220941312 220875776
2 277546112 277480576
16 409385600 409320064
57 371743424 371677888
52 296367232 390509696
55 258725056 258659520
21 390564544 390499008
55 221082880 221017344
54 220941376 220875840
2 277546176 277480640
16 409385664 409320128
57 371743488 371677952
52 296367296 390509760
55 258725120 258659584
21 390564608 390499072
55 221082944 221017408
54 220941440 220875904
2 277546240 277480704
16 409385728 409320192
57 371743552 371678016
52 296367360 296301824
55 258725184 258659648
21 390564672 390499136
55 221083008 221017472
54 220941504 220875968
2 277546304 277480768
16 409385792 409320256
57 371743616 371678080
52 296367424 296301888
55 258725248 258659712
21 390564736 390499200
55 221083072 221017536
54 220941568 220876032
2 277546368 277480832
16 409385856 409320320
57 371743680 371678144
52 296367488 296301952
55 258725312 258659776
21 390564800 390499264
55 221083136 221017600
54 220941632 220876096
2 277546432 277480896
16 409385920 409320384
57 371743744 371678208
44 221083200 221017664
1 258725376 258659840
12 220941696 220876160
2 277546496 277480960
5 390564864 390499328
1 296367552 296302016
8 409385984 409320448
57 371743808 371678272
52 296367616 296302080
55 258725440 258659904
21 390564928 390499392
55 221083264 221017728
54 220941760 220876224
2 277546560 277481024
16 409386048 409320512
57 371743872 371678336
52 296367680 296302144
55 258725504 258659968
21 390564992 390499456
55 221083328 221017792
54 220941824 220876288
2 277546624 277481088
16 409386112 409320576
57 371743936 371678400
52 296367744 296302208
55 258725568 258660032
21 390565056 390499520
55 221083392 221017856
54 220941888 220876352
2 277546688 277481152
16 409386176 409320640
57 371744000 371678464
52 296367808 296302272
55 258725632 258660096
21 390565120 390499584
55 221083456 221017920
54 220941952 220876416
2 277546752 277481216
16 409386240 409320704
57 371744064 371678528
52 296367872 296302336
55 258725696 258660160
21 390565184 390499648
55 221083520 221017984
54 220942016 220876480
2 277546816 277481280
16 409386304 409320768
57 371744128 371678592
52 296367936 296302400
55 258725760 258660224
21 390565248 390499712
55 221083584 221018048
54 220942080 220876544
2 277546880 277481344
16 409386368 409320832
57 371744192 371678656
52 296368000 296302464
55 258725824 258660288
21 390565312 390499776
55 221083648 221018112
54 220942144 220876608
2 277546944 277481408
16 409386432 409320896
57 371744256 371678720
52 296368064 296302528
55 258725888 258660352
21 390565376 390499840
55 221083712 221018176
54 220942208 220876672
2 277547008 277481472
16 409386496 409320960
57 371744320 371678784
52 296368128 296302592
55 258725952 258660416
21 390565440 390499904
55 221083776 221018240
54 220942272 220876736
2 277547072 277481536
16 409386560 409321024
57 371744384 371678848
52 296368192 296302656
55 258726016 258660480
21 390565504 390499968
55 221083840 221018304
54 220942336 220876800
2 277547136 277481600
16 409386624 409321088
57 371744448 371678912
52 296368256 296302720
55 258726080 258660544
21 390565568 390500032
55 221083904 221018368
54 220942400 220876864
2 277547200 277481664
16 409386688 409321152
57 371744512 371678976
52 296368320 296302784
55 258726144 258660608
21 390565632 390500096
55 221083968 221018432
54 220942464 220876928
2 277547264 277481728
16 409386752 409321216
57 371744576 371679040
52 296368384 296302848
55 258726208 258660672
21 390565696 390500160
55 221084032 221018496
54 220942528 220876992
2 277547328 277481792
16 409386816 409321280
57 371744640 371679104
52 296368448 296302912
55 258726272 258660736
21 390565760 390500224
55 221084096 221018560
54 220942592 220877056
2 277547392 277481856
16 409386880 409321344
57 371744704 371679168
52 296368512 296302976
55 258726336 258660800
21 390565824 390500288
55 221084160 221018624
54 220942656 220877120
2 277547456 277481920
16 409386944 409321408
57 371744768 371679232
52 296368576 296303040
55 258726400 258660864
21 390565888 390500352
55 221084224 221018688
59 258726464 258660928
10 371744832 371679296
1 220942720 220877184
2 277547520 277481984
5 390565952 390500416
1 296368640 296303104
8 409387008 409321472
44 221084288 221018752
54 220942784 220877248
2 277547584 277482048
16 409387072 409321536
57 371744896 371679360
52 296368704 296303168
55 258726528 258660992
21 390566016 390500480
55 221084352 221018816
54 220942848 220877312
2 277547648 277482112
16 409387136 409321600
57 371744960 371679424
52 296368768 296303232
55 258726592 258661056
21 390566080 390500544
55 221084416 221018880
54 220942912 220877376
2 277547712 277482176
16 409387200 409321664
57 371745024 371679488
52 296368832 296303296
55 258726656 258661120
21 390566144 390500608
55 221084480 221018944
54 220942976 220877440
2 277547776 277482240
16 409387264 409321728
57 371745088 371679552
52 296368896 296303360
55 258726720 258661184
21 390566208 390500672
55 221084544 221019008
54 220943040 220877504
2 277547840 277482304
16 409387328 409321792
57 371745152 371679616
52 296368960 296303424
55 258726784 258661248
21 390566272 390500736
55 221084608 221019072
54 220943104 220877568
2 277547904 277482368
16 409387392 409321856
57 371745216 371679680
52 296369024 296303488
55 258726848 258661312
21 390566336 390500800
55 221084672 221019136
54 220943168 220877632
2 277547968 277482432
16 409387456 409321920
57 371745280 371679744
52 296369088 296303552
55 258726912 258661376
21 390566400 390500864
55 221084736 221019200
54 220943232 220877696
2 277548032 277482496
16 409387520 409321984
57 371745344 371679808
52 296369152 296303616
55 258726976 258661440
21 390566464 390500928
55 221084800 221019264
54 220943296 220877760
2 277548096 277482560
16 409387584 409322048
57 371745408 371679872
52 296369216 296303680
55 258727040 258661504
21 390566528 390500992
55 221084864 221019328
54 220943360 220877824
2 277548160 277482624
16 409387648 409322112
57 371745472 371679936
52 296369280 296303744
55 258727104 258661568
21 390566592 390501056
55 221084928 221019392
54 220943424 220877888
2 277548224 277482688
16 409387712 409322176
57 371745536 371680000
52 296369344 296303808
55 258727168 258661632
21 390566656 390501120
55 221084992 221019456
54 220943488 220877952
2 277548288 277482752
16 409387776 409322240
57 371745600 371680064
52 296369408 296303872
55 258727232 258661696
21 390566720 390501184
55 221085056 221019520
54 220943552 220878016
2 277548352 277482816
16 409387840 409322304
57 371745664 371680128
52 296369472 296303936
55 258727296 258661760
21 390566784 390501248
55 221085120 221019584
54 220943616 220878080
2 277548416 277482880
16 409387904 409322368
57 371745728 371680192
52 296369536 296304000
55 258727360 258661824
21 390566848 390501312
55 221085184 221019648
54 220943680 220878144
2 277548480 277482944
16 409387968 409322432
57 371745792 371680256
52 296369600 296304064
55 258727424 258661888
21 390566912 390501376
55 221085248 221019712
54 220943744 220878208
2 277548544 277483008
16 409388032 409322496
57 371745856 371680320
52 296369664 296304128
71 221085312 221019776
1 258727488 258661952
10 371745920 371680384
1 220943808 220878272
2 277548608 277483072
5 390566976 390501440
10 409388096 409322560
30 296369728 296304192
55 258727552 258662016
21 390567040 390501504
55 221085376 221019840
54 220943872 220878336
2 277548672 277483136
16 409388160 409322624
57 371745984 371680448
52 296369792 296304256
55 258727616 258662080
21 390567104 390501568
55 221085440 221019904
54 220943936 220878400
2 277548736 277483200
16 409388224 409322688
57 371746048 371680512
52 296369856 296304320
55 258727680 258662144
21 390567168 390501632
55 221085504 221019968
54 220944000 220878464
2 277548800 277483264
16 409388288 409322752
57 371746112 371680576
52 296369920 296304384
55 258727744 258662208
21 390567232 390501696
55 221085568 221020032
54 220944064 220878528
2 277548864 277483328
16 409388352 409322816
57 371746176 371680640
52 296369984 296304448
55 258727808 258662272
21 390567296 390501760
55 221085632 221020096
54 220944128 220878592
2 277548928 277483392
16 409388416 409322880
57 371746240 371680704
52 296370048 296304512
55 258727872 258662336
21 390567360 390501824
55 221085696 221020160
54 220944192 220878656
2 277548992 277483456
16 409388480 409322944
57 371746304 371680768
52 296370112 296304576
55 258727936 258662400
21 390567424 390501888
55 221085760 221020224
54 220944256 220878720
2 277549056 277483520
16 409388544 409323008
57 371746368 371680832
52 296370176 296304640
55 258728000 258662464
21 390567488 390501952
55 221085824 221020288
54 220944320 220878784
2 277549120 277483584
16 409388608 409323072
57 371746432 371680896
52 296370240 296304704
55 258728064 258662528
21 390567552 390502016
55 221085888 221020352
54 220944384 220878848
2 277549184 277483648
16 409388672 409323136
57 371746496 371680960
52 296370304 296304768
55 258728128 258662592
21 390567616 390502080
55 221085952 221020416
54 220944448 220878912
2 277549248 277483712
16 409388736 409323200
57 371746560 371681024
52 296370368 296304832
55 258728192 258662656
21 390567680 390502144
55 221086016 221020480
54 220944512 220878976
2 277549312 277483776
16 409388800 409323264
57 371746624 371681088
52 296370432 296304896
55 258728256 258662720
21 390567744 390502208
55 221086080 221020544
54 220944576 220879040
2 277549376 277483840
16 409388864 409323328
57 371746688 371681152
52 296370496 296304960
55 258728320 258662784
21 390567808 390502272
55 221086144 221020608
54 220944640 220879104
2 277549440 277483904
16 409388928 409323392
57 371746752 371681216
52 296370560 296305024
55 258728384 258662848
21 390567872 390502336
55 221086208 221020672
54 220944704 220879168
2 277549504 277483968
16 409388992 409323456
57 371746816 371681280
52 296370624 296305088
55 258728448 258662912
21 390567936 390502400
55 221086272 221020736
54 220944768 220879232
2 277549568 277484032
16 409389056 409323520
57 371746880 371681344
52 296370688 296305152
55 258728512 258662976
21 390568000 277485632
55 221086336 221020800
54 220944832 220879296
2 277549632 277484096
16 409389120 409323584
62 221086400 221020864
1 258728576 258663040
10 371746944 371681408
10 390568064 277485696
1 296370752 296305216
28 220944896 220879360
2 277549696 277484160
16 409389184 409323648
57 371747008 371681472
52 296370816 296305280
55 258728640 258663104
21 390568128 277485760
55 221086464 221020928
54 220944960 220879424
2 277549760 277484224
16 409389248 409323712
57 371747072 371681536
52 296370880 296305344
55 258728704 258663168
21 390568192 277485824
55 221086528 221020992
54 220945024 220879488
2 277549824 277484288
16 409389312 409323776
57 371747136 371681600
52 296370944 296305408
55 258728768 258663232
21 390568256 277485888
55 221086592 221021056
54 220945088 220879552
2 277549888 277484352
16 409389376 409323840
57 371747200 371681664
52 296371008 296305472
55 258728832 258663296
21 390568320 277485952
55 221086656 221021120
54 220945152 220879616
2 277549952 277484416
16 409389440 409323904
57 371747264 371681728
52 296371072 296305536
55 258728896 258663360
21 390568384 277486016
55 221086720 221021184
54 220945216 220879680
2 277550016 277484480
16 409389504 409323968
57 371747328 371681792
52 296371136 296305600
55 258728960 258663424
21 390568448 277486080
55 221086784 221021248
54 220945280 220879744
2 277550080 277484544
16 409389568 409324032
57 371747392 371681856
52 296371200 296305664
55 258729024 258663488
21 390568512 277486144
55 221086848 221021312
54 220945344 220879808
2 277550144 277484608
16 409389632 409324096
57 371747456 371681920
52 296371264 296305728
55 258729088 258663552
21 390568576 277486208
55 221086912 221021376
54 220945408 220879872
2 277550208 277484672
16 409389696 409324160
57 371747520 371681984
52 296371328 296305792
55 258729152 258663616
21 390568640 277486272
55 221086976 221021440
54 220945472 220879936
2 277550272 277484736
16 409389760 409324224
57 371747584 371682048
52 296371392 296305856
55 258729216 258663680
21 390568704 277486336
55 221087040 221021504
54 220945536 220880000
2 277550336 277484800
16 409389824 409324288
57 371747648 371682112
52 296371456 296305920
55 258729280 258663744
21 390568768 277486400
55 221087104 221021568
54 220945600 220880064
2 277550400 277484864
16 409389888 409324352
57 371747712 371682176
52 296371520 296305984
55 258729344 258663808
21 390568832 277486464
55 221087168 221021632
54 220945664 220880128
2 277550464 277484928
16 409389952 409324416
57 371747776 371682240
52 296371584 296306048
55 258729408 258663872
21 390568896 277486528
55 221087232 221021696
54 220945728 220880192
2 277550528 277484992
16 409390016 409324480
57 371747840 371682304
52 296371648 296306112
55 258729472 258663936
21 390568960 277486592
55 221087296 221021760
54 220945792 220880256
2 277550592 277485056
16 409390080 409324544
57 371747904 371682368
52 296371712 296306176
55 258729536 258664000
21 390569024 277486656
55 221087360 221021824
54 220945856 220880320
2 277550656 277485120
16 409390144 409324608
57 371747968 371682432
52 296371776 296306240
55 258729600 258664064
21 390569088 277486720
73 221087424 221021888
12 371748032 371682496
1 220945920 220880384
2 277550720 277485184
7 296371840 296306304
8 409390208 409324672
6 258729664 258664128
21 390569152 277486784
55 221087488 221021952
54 220945984 220880448
2 277550784 277485248
16 409390272 409324736
57 371748096 371682560
52 296371904 296306368
55 258729728 258664192
21 390569216 277486848
55 221087552 221022016
54 220946048 220880512
2 277550848 277485312
16 409390336 409324800
57 371748160 371682624
52 296371968 296306432
55 258729792 258664256
21 390569280 277486912
55 221087616 221022080
54 220946112 220880576
2 277550912 277485376
16 409390400 409324864
57 371748224 371682688
52 296372032 296306496
55 258729856 258664320
21 390569344 277486976
55 221087680 221022144
54 220946176 220880640
2 277550976 277485440
16 409390464 409324928
57 371748288 371682752
52 296372096 296306560
55 258729920 258664384
21 390569408 277487040
55 221087744 221022208
54 220946240 220880704
2 277551040 277485504
16 409390528 409324992
57 371748352 371682816
52 296372160 296306624
55 258729984 258664448
21 390569472 277487104
55 221087808 221022272
54 220946304 220880768
2 277551104 277485568
16 409390592 409325056
57 371748416 371682880
52 296372224 296306688
55 258730048 258664512
21 390569536 277487168
55 221087872 221022336
54 220946368 220880832
2 277551168 221026368
16 409390656 409325120
57 371748480 371682944
52 296372288 296306752
55 258730112 258664576
21 390569600 277487232
55 221087936 221022400
54 220946432 220880896
2 277551232 221026432
16 409390720 409325184
57 371748544 371683008
52 296372352 296306816
55 258730176 258664640
21 390569664 277487296
55 221088000 221022464
54 220946496 220880960
2 277551296 221026496
16 409390784 409325248
57 371748608 371683072
52 296372416 296306880
55 258730240 258664704
21 390569728 277487360
55 221088064 221022528
54 220946560 220881024
2 277551360 221026560
16 409390848 409325312
57 371748672 371683136
52 296372480 296306944
55 258730304 258664768
21 390569792 277487424
55 221088128 221022592
54 220946624 220881088
2 277551424 221026624
16 409390912 409325376
57 371748736 371683200
52 296372544 296307008
55 258730368 258664832
21 390569856 277487488
55 221088192 221022656
54 220946688 220881152
2 277551488 221026688
16 409390976 409325440
57 371748800 371683264
52 296372608 296307072
55 258730432 258664896
21 390569920 277487552
55 221088256 221022720
54 220946752 220881216
2 277551552 221026752
16 409391040 409325504
57 371748864 371683328
52 296372672 296307136
55 258730496 258664960
21 390569984 277487616
55 221088320 221022784
54 220946816 220881280
2 277551616 221026816
16 409391104 409325568
57 371748928 371683392
52 296372736 296307200
55 258730560 258665024
21 390570048 277487680
55 221088384 221022848
54 220946880 220881344
2 277551680 221026880
16 409391168 409325632
57 371748992 371683456
52 296372800 296307264
55 258730624 258665088
21 390570112 277487744
55 221088448 221022912
54 220946944 220881408
2 277551744 221026944
16 409391232 409325696
57 371749056 371683520
52 296372864 296307328
31 221088512 221022976
1 258730688 258665152
12 220947008 220881472
2 277551808 221027008
5 390570176 390504640
10 409391296 409325760
17 371749120 371683584
52 296372928 296307392
55 258730752 258665216
21 390570240 390504704
55 221088576 221023040
54 220947072 220881536
2 277551872 221027072
16 409391360 409325824
57 371749184 371683648
52 296372992 296307456
55 258730816 258665280
21 390570304 390504768
55 221088640 221023104
54 220947136 220881600
2 277551936 221027136
16 409391424 409325888
57 371749248 371683712
52 296373056 296307520
55 258730880 258665344
21 390570368 390504832
55 221088704 221023168
54 220947200 220881664
2 277552000 221027200
16 409391488 409325952
57 371749312 371683776
52 296373120 296307584
55 258730944 258665408
21 390570432 390504896
55 221088768 221023232
54 220947264 220881728
2 277552064 221027264
16 409391552 409326016
57 371749376 371683840
52 296373184 296307648
55 258731008 258665472
21 390570496 390504960
55 221088832 221023296
54 220947328 220881792
2 277552128 221027328
16 409391616 409326080
57 371749440 371683904
52 296373248 296307712
55 258731072 258665536
21 390570560 390505024
55 221088896 221023360
54 220947392 220881856
2 277552192 221027392
16 409391680 409326144
57 371749504 371683968
52 296373312 296307776
55 258731136 258665600
21 390570624 390505088
55 221088960 221023424
54 220947456 220881920
2 277552256 221027456
16 409391744 409326208
57 371749568 371684032
52 296373376 296307840
55 258731200 258665664
21 390570688 390505152
55 221089024 221023488
54 220947520 220881984
2 277552320 221027520
16 409391808 409326272
57 371749632 371684096
52 296373440 296307904
55 258731264 258665728
21 390570752 390505216
55 221089088 221023552
54 220947584 220882048
2 277552384 221027584
16 409391872 409326336
57 371749696 371684160
52 296373504 296307968
55 258731328 258665792
21 390570816 390505280
55 221089152 221023616
54 220947648 220882112
2 277552448 221027648
16 409391936 409326400
57 371749760 371684224
52 296373568 296308032
55 258731392 258665856
21 390570880 390505344
55 221089216 221023680
54 220947712 220882176
2 277552512 221027712
16 409392000 409326464
57 371749824 371684288
52 296373632 296308096
55 258731456 258665920
21 390570944 390505408
55 221089280 221023744
54 220947776 220882240
2 277552576 221027776
16 409392064 409326528
57 371749888 371684352
52 296373696 296308160
55 258731520 258665984
21 390571008 390505472
55 221089344 221023808
54 220947840 220882304
2 277552640 221027840
16 409392128 409326592
57 371749952 371684416
52 296373760 296308224
55 258731584 258666048
21 390571072 390505536
55 221089408 221023872
54 220947904 220882368
2 277552704 221027904
16 409392192 409326656
57 371750016 371684480
52 296373824 296308288
55 258731648 258666112
21 390571136 390505600
55 221089472 221023936
54 220947968 220882432
2 277552768 221027968
16 409392256 409326720
57 371750080 371684544
52 296373888 296308352
55 258731712 258666176
21 390571200 390505664
55 221089536 221024000
54 220948032 220882496
2 277552832 221028032
16 409392320 409326784
13 369472768 390509824
10 258731776 258666240
10 371750144 371684608
10 390571264 390505728
1 296373952 296308416
13 221089600 221024064
54 220948096 220882560
2 277552896 221028096
16 409392384 409326848
57 371750208 371684672
52 296374016 296308480
55 258731840 258666304
21 390571328 390505792
55 221089664 221024128
54 220948160 220882624
2 277552960 221028160
16 409392448 409326912
57 371750272 371684736
52 296374080 296308544
55 258731904 258666368
21 390571392 390505856
55 221089728 221024192
54 220948224 220882688
2 277553024 221028224
16 409392512 409326976
57 371750336 371684800
52 296374144 296308608
55 258731968 258666432
21 390571456 390505920
55 221089792 221024256
54 220948288 220882752
2 277553088 221028288
16 409392576 409327040
57 371750400 371684864
52 296374208 296308672
55 258732032 258666496
21 390571520 390505984
55 221089856 221024320
54 220948352 220882816
2 277553152 221028352
16 409392640 409327104
57 371750464 371684928
52 296374272 296308736
55 258732096 258666560
21 390571584 390506048
55 221089920 221024384
54 220948416 220882880
2 277553216 221028416
16 409392704 409327168
57 371750528 371684992
52 296374336 296308800
55 258732160 258666624
21 390571648 390506112
55 221089984 221024448
54 220948480 220882944
2 277553280 221028480
16 409392768 409327232
57 371750592 371685056
52 296374400 296308864
55 258732224 258666688
21 390571712 390506176
55 221090048 221024512
54 220948544 220883008
2 277553344 277487808
16 409392832 409327296
57 371750656 371685120
52 296374464 296308928
55 258732288 258666752
21 390571776 390506240
55 221090112 221024576
54 220948608 220883072
2 277553408 277487872
16 409392896 409327360
57 371750720 371685184
52 296374528 296308992
55 258732352 258666816
21 390571840 390506304
55 221090176 221024640
54 220948672 220883136
2 277553472 277487936
16 409392960 409327424
57 371750784 371685248
52 296374592 296309056
55 258732416 258666880
21 390571904 390506368
55 221090240 221024704
54 220948736 220883200
2 277553536 277488000
16 409393024 409327488
57 371750848 371685312
52 296374656 296309120
55 258732480 258666944
21 390571968 390506432
55 221090304 221024768
54 220948800 220883264
2 277553600 277488064
16 409393088 409327552
57 371750912 371685376
52 296374720 296309184
55 258732544 258667008
21 390572032 390506496
55 221090368 221024832
54 220948864 220883328
2 277553664 277488128
16 409393152 409327616
57 371750976 371685440
52 296374784 296309248
55 258732608 258667072
21 390572096 390506560
55 221090432 221024896
54 220948928 220883392
2 277553728 277488192
16 409393216 409327680
57 371751040 371685504
52 296374848 296309312
55 258732672 258667136
21 390572160 390506624
55 221090496 221024960
54 220948992 220883456
2 277553792 277488256
16 409393280 409327744
57 371751104 371685568
52 296374912 296309376
55 258732736 258667200
21 390572224 390506688
55 221090560 221025024
54 220949056 220883520
2 277553856 277488320
16 409393344 409327808
57 371751168 371685632
52 296374976 296309440
55 258732800 258667264
21 390572288 390506752
33 221090624 221025088
12 371751232 371685696
1 220949120 220883584
2 277553920 277488384
7 296375040 296309504
8 409393408 409327872
46 258732864 258667328
21 390572352 390506816
55 221090688 221025152
54 220949184 220883648
2 277553984 277488448
16 409393472 409327936
57 371751296 371685760
52 296375104 296309568
55 258732928 258667392
21 390572416 390506880
55 221090752 221025216
54 220949248 220883712
2 277554048 277488512
16 409393536 409328000
57 371751360 371685824
52 296375168 296309632
55 258732992 258667456
21 390572480 390506944
55 221090816 221025280
54 220949312 220883776
2 277554112 277488576
16 409393600 409328064
57 371751424 371685888
52 296375232 296309696
55 258733056 258667520
21 390572544 390507008
55 221090880 221025344
54 220949376 220883840
2 277554176 277488640
16 409393664 409328128
57 371751488 371685952
52 296375296 296309760
55 258733120 258667584
21 390572608 390507072
55 221090944 221025408
54 220949440 220883904
2 277554240 277488704
16 409393728 409328192
57 371751552 371686016
52 296375360 296309824
55 258733184 258667648
21 390572672 390507136
55 221091008 221025472
54 220949504 220883968
2 277554304 277488768
16 409393792 409328256
57 371751616 371686080
52 296375424 296309888
55 258733248 258667712
21 390572736 390507200
55 221091072 221025536
54 220949568 220884032
2 277554368 277488832
16 409393856 409328320
57 371751680 371686144
52 296375488 296309952
55 258733312 258667776
21 390572800 390507264
55 221091136 221025600
54 220949632 220884096
2 277554432 277488896
16 409393920 409328384
57 371751744 371686208
52 296375552 296310016
55 258733376 258667840
21 390572864 390507328
55 221091200 221025664
54 220949696 220884160
2 277554496 277488960
16 409393984 409328448
57 371751808 371686272
52 296375616 296310080
55 258733440 258667904
21 390572928 390507392
55 221091264 221025728
54 220949760 220884224
2 277554560 277489024
16 409394048 409328512
57 371751872 371686336
52 296375680 296310144
55 258733504 258667968
21 390572992 390507456
55 221091328 221025792
54 220949824 220884288
2 277554624 277489088
16 409394112 409328576
57 371751936 371686400
52 296375744 296310208
55 258733568 258668032
21 390573056 390507520
55 221091392 221025856
54 220949888 220884352
2 277554688 277489152
16 409394176 409328640
57 371752000 371686464
52 296375808 296310272
55 258733632 258668096
21 390573120 390507584
55 221091456 221025920
54 220949952 220884416
2 277554752 277489216
16 409394240 409328704
57 371752064 371686528
52 296375872 296310336
55 258733696 258668160
21 390573184 390507648
55 221091520 221025984
54 220950016 220884480
2 277554816 277489280
16 409394304 409328768
57 371752128 371686592
52 296375936 296310400
55 258733760 258668224
21 390573248 390507712
55 221091584 221026048
54 220950080 220884544
2 277554880 277489344
16 409394368 409328832
57 371752192 371686656
52 296376000 296310464
55 258733824 258668288
21 390573312 390507776
55 221091648 221026112
54 220950144 220884608
2 277554944 277489408
16 409394432 409328896
57 371752256 371686720
44 221091712 221026176
1 258733888 258668352
12 220950208 220884672
2 277555008 277489472
5 390573376 390507840
1 296376064 296310528
8 409394496 409328960
57 371752320 371686784
52 296376128 296310592
55 258733952 258668416
21 390573440 390507904
55 221091776 221026240
54 220950272 220884736
2 277555072 277489536
16 409394560 409329024
57 371752384 371686848
52 296376192 296310656
55 258734016 258668480
21 390573504 390507968
55 221091840 221026304
54 220950336 220884800
2 277555136 277489600
16 409394624 409329088
57 371752448 371686912
52 296376256 296310720
55 258734080 258668544
21 390573568 390508032
55 221091904 371693632
54 220950400 220884864
2 277555200 277489664
16 409394688 409329152
57 371752512 371686976
52 296376320 296310784
55 258734144 258668608
21 390573632 390508096
55 221091968 371693696
54 220950464 220884928
2 277555264 277489728
16 409394752 409329216
57 371752576 371687040
52 296376384 296310848
55 258734208 258668672
21 390573696 390508160
55 221092032 371693760
54 220950528 220884992
2 277555328 277489792
16 409394816 409329280
57 371752640 371687104
52 296376448 296310912
55 258734272 258668736
21 390573760 390508224
55 221092096 371693824
54 220950592 220885056
2 277555392 277489856
16 409394880 409329344
57 371752704 371687168
52 296376512 296310976
55 258734336 258668800
21 390573824 390508288
55 221092160 371693888
54 220950656 220885120
2 277555456 277489920
16 409394944 409329408
57 371752768 371687232
52 296376576 296311040
55 258734400 258668864
21 390573888 390508352
55 221092224 371693952
54 220950720 220885184
2 277555520 277489984
16 409395008 409329472
57 371752832 371687296
52 296376640 296311104
55 258734464 258668928
21 390573952 390508416
55 221092288 371694016
54 220950784 220885248
2 277555584 277490048
16 409395072 409329536
57 371752896 371687360
52 296376704 296311168
55 258734528 258668992
21 390574016 390508480
55 221092352 371694080
54 220950848 220885312
2 277555648 277490112
16 409395136 409329600
57 371752960 371687424
52 296376768 296311232
55 258734592 258669056
21 390574080 390508544
55 221092416 371694144
54 220950912 220885376
2 277555712 277490176
16 409395200 409329664
57 371753024 371687488
52 296376832 296311296
55 258734656 258669120
21 390574144 390508608
55 221092480 371694208
54 220950976 220885440
2 277555776 277490240
16 409395264 409329728
57 371753088 371687552
52 296376896 296311360
55 258734720 258669184
21 390574208 390508672
55 221092544 371694272
54 220951040 220885504
2 277555840 277490304
16 409395328 409329792
57 371753152 371687616
52 296376960 296311424
55 258734784 258669248
21 390574272 390508736
55 221092608 371694336
54 220951104 220885568
2 277555904 277490368
16 409395392 409329856
57 371753216 371687680
52 296377024 296311488
55 258734848 258669312
21 390574336 390508800
55 221092672 371694400
54 220951168 220885632
2 277555968 277490432
16 409395456 409329920
57 371753280 371687744
52 296377088 296311552
55 258734912 258669376
21 390574400 390508864
55 221092736 371694464
59 258734976 258669440
10 371753344 371687808
1 220951232 220885696
2 277556032 277490496
5 390574464 390508928
1 296377152 296311616
8 409395520 409329984
44 221092800 371694528
54 220951296 220885760
2 277556096 277490560
16 409395584 409330048
57 371753408 371687872
52 296377216 296311680
55 258735040 258669504
21 390574528 390508992
55 221092864 371694592
54 220951360 220885824
2 277556160 277490624
16 409395648 409330112
57 371753472 371687936
52 296377280 296311744
55 258735104 258669568
21 390574592 390509056
55 221092928 371694656
54 220951424 220885888
2 277556224 277490688
16 409395712 409330176
57 371753536 371688000
52 296377344 296311808
55 258735168 258669632
21 390574656 390509120
55 221092992 371694720
54 220951488 220885952
2 277556288 277490752
16 409395776 409330240
57 371753600 371688064
52 296377408 296311872
55 258735232 258669696
21 390574720 390509184
55 221093056 371694784
54 220951552 220886016
2 277556352 277490816
16 409395840 409330304
57 371753664 371688128
52 296377472 296311936
55 258735296 258669760
21 390574784 390509248
55 221093120 371694848
54 220951616 220886080
2 277556416 277490880
16 409395904 409330368
57 371753728 371688192
52 296377536 296312000
55 258735360 258669824
21 390574848 369472256
55 221093184 371694912
54 220951680 220886144
2 277556480 277490944
16 409395968 409330432
57 371753792 371688256
52 296377600 296312064
55 258735424 258669888
21 390574912 277492544
55 221093248 371694976
54 220951744 220886208
2 277556544 277491008
16 409396032 409330496
57 371753856 371688320
52 296377664 296312128
55 258735488 258669952
21 390574976 277492608
55 221093312 371695040
54 220951808 220886272
2 277556608 277491072
16 409396096 409330560
57 371753920 371688384
52 296377728 296312192
55 258735552 258670016
21 390575040 277492672
55 221093376 371695104
54 220951872 220886336
2 277556672 277491136
16 409396160 409330624
57 371753984 371688448
52 296377792 296312256
55 258735616 258670080
21 390575104 277492736
55 221093440 371695168
54 220951936 220886400
2 277556736 277491200
16 409396224 409330688
57 371754048 371688512
52 296377856 296312320
55 258735680 258670144
21 390575168 277492800
55 221093504 371695232
54 220952000 220886464
2 277556800 277491264
16 409396288 409330752
57 371754112 371688576
52 296377920 296312384
55 258735744 258670208
21 390575232 277492864
55 221093568 371695296
54 220952064 220886528
2 277556864 277491328
16 409396352 409330816
57 371754176 371688640
52 296377984 296312448
55 258735808 258670272
21 390575296 277492928
55 221093632 371695360
54 220952128 220886592
2 277556928 277491392
16 409396416 409330880
57 371754240 371688704
52 296378048 296312512
55 258735872 258670336
21 390575360 277492992
55 221093696 371695424
54 220952192 220886656
2 277556992 277491456
16 409396480 409330944
57 371754304 371688768
52 296378112 296312576
55 258735936 258670400
21 390575424 390509888
55 221093760 371695488
54 220952256 220886720
2 277557056 277491520
16 409396544 409331008
57 371754368 371688832
52 296378176 296312640
71 221093824 371695552
1 258736000 258670464
10 371754432 371688896
1 220952320 220886784
2 277557120 277491584
5 390575488 390509952
10 409396608 409331072
30 296378240 296312704
55 258736064 258670528
21 390575552 390510016
55 221093888 371695616
54 220952384 220886848
2 277557184 277491648
16 409396672 409331136
57 371754496 371688960
52 296378304 296312768
55 258736128 258670592
21 390575616 390510080
55 221093952 371695680
54 220952448 220886912
2 277557248 277491712
16 409396736 409331200
57 371754560 371689024
52 296378368 296312832
55 258736192 258670656
21 390575680 390510144
55 221094016 371695744
54 220952512 220886976
2 277557312 277491776
16 409396800 409331264
57 371754624 371689088
52 296378432 296312896
55 258736256 258670720
21 390575744 390510208
55 221094080 221028544
54 220952576 220887040
2 277557376 277491840
16 409396864 409331328
57 371754688 371689152
52 296378496 296312960
55 258736320 258670784
21 390575808 390510272
55 221094144 221028608
54 220952640 220887104
2 277557440 277491904
16 409396928 409331392
57 371754752 371689216
52 296378560 296313024
55 258736384 258670848
21 390575872 390510336
55 221094208 221028672
54 220952704 220887168
2 277557504 277491968
16 409396992 409331456
57 371754816 371689280
52 296378624 296313088
55 258736448 258670912
21 390575936 390510400
55 221094272 221028736
54 220952768 220887232
2 277557568 277492032
16 409397056 409331520
57 371754880 371689344
52 296378688 296313152
55 258736512 258670976
21 390576000 390510464
55 221094336 221028800
54 220952832 220887296
2 277557632 277492096
16 409397120 409331584
57 371754944 371689408
52 296378752 296313216
55 258736576 258671040
21 390576064 390510528
55 221094400 221028864
54 220952896 220887360
2 277557696 277492160
16 409397184 409331648
57 371755008 371689472
52 296378816 296313280
55 258736640 258671104
21 390576128 390510592
55 221094464 221028928
54 220952960 220887424
2 277557760 277492224
16 409397248 409331712
57 371755072 371689536
52 296378880 296313344
55 258736704 258671168
21 390576192 390510656
55 221094528 221028992
54 220953024 220887488
2 277557824 277492288
16 409397312 409331776
57 371755136 371689600
52 296378944 296313408
55 258736768 258671232
21 390576256 390510720
55 221094592 221029056
54 220953088 220887552
2 277557888 277492352
16 409397376 409331840
57 371755200 371689664
52 296379008 296313472
55 258736832 258671296
21 390576320 390510784
55 221094656 221029120
54 220953152 220887616
2 277557952 277492416
16 409397440 409331904
57 371755264 371689728
52 296379072 296313536
55 258736896 258671360
21 390576384 390510848
55 221094720 221029184
54 220953216 220887680
2 277558016 277492480
16 409397504 409331968
57 371755328 371689792
52 296379136 296313600
55 258736960 258671424
21 390576448 390510912
55 221094784 221029248
54 220953280 220887744
2 277558080 221033280
16 409397568 409332032
57 371755392 371689856
52 296379200 296313664
55 258737024 258671488
21 390576512 390510976
55 221094848 221029312
54 220953344 220887808
2 277558144 221033344
16 409397632 409332096
62 221094912 221029376
1 258737088 258671552
10 371755456 371689920
10 390576576 390511040
1 296379264 296313728
28 220953408 220887872
2 277558208 221033408
16 409397696 409332160
57 371755520 371689984
52 296379328 296313792
55 258737152 258671616
21 390576640 390511104
55 221094976 221029440
54 220953472 220887936
2 277558272 221033472
16 409397760 409332224
57 371755584 371690048
52 296379392 296313856
55 258737216 258671680
21 390576704 390511168
55 221095040 221029504
54 220953536 220888000
2 277558336 221033536
16 409397824 409332288
57 371755648 371690112
52 296379456 296313920
55 258737280 258671744
21 390576768 390511232
55 221095104 221029568
54 220953600 220888064
2 277558400 221033600
16 409397888 409332352
57 371755712 371690176
52 296379520 296313984
55 258737344 258671808
21 390576832 390511296
55 221095168 221029632
54 220953664 220888128
2 277558464 221033664
16 409397952 409332416
57 371755776 371690240
52 296379584 296314048
55 258737408 258671872
21 390576896 390511360
55 221095232 221029696
54 220953728 220888192
2 277558528 221033728
16 409398016 409332480
57 371755840 371690304
52 296379648 296314112
55 258737472 258671936
21 390576960 390511424
55 221095296 221029760
54 220953792 220888256
2 277558592 277493056
16 409398080 409332544
57 371755904 371690368
52 296379712 296314176
55 258737536 258672000
21 390577024 390511488
55 221095360 221029824
54 220953856 220888320
2 277558656 277493120
16 409398144 409332608
57 371755968 371690432
52 296379776 296314240
55 258737600 258672064
21 390577088 390511552
55 221095424 221029888
54 220953920 220888384
2 277558720 277493184
16 409398208 409332672
57 371756032 371690496
52 296379840 296314304
55 258737664 258672128
21 390577152 390511616
55 221095488 221029952
54 220953984 220888448
2 277558784 277493248
16 409398272 409332736
57 371756096 371690560
52 296379904 296314368
55 258737728 258672192
21 390577216 390511680
55 221095552 221030016
54 220954048 220888512
2 277558848 277493312
16 409398336 409332800
57 371756160 371690624
52 296379968 296314432
55 258737792 258672256
21 390577280 390511744
55 221095616 221030080
54 220954112 220888576
2 277558912 277493376
16 409398400 409332864
57 371756224 371690688
52 296380032 296314496
55 258737856 258672320
21 390577344 390511808
55 221095680 221030144
54 220954176 220888640
2 277558976 277493440
16 409398464 409332928
57 371756288 371690752
52 296380096 296314560
55 258737920 258672384
21 390577408 390511872
55 221095744 221030208
54 220954240 220888704
2 277559040 277493504
16 409398528 409332992
57 371756352 371690816
52 296380160 296314624
55 258737984 258672448
21 390577472 390511936
55 221095808 221030272
54 220954304 220888768
2 277559104 277493568
16 409398592 409333056
57 371756416 371690880
52 296380224 296314688
55 258738048 258672512
21 390577536 390512000
55 221095872 221030336
54 220954368 220888832
2 277559168 277493632
16 409398656 409333120
57 371756480 371690944
52 296380288 296314752
55 258738112 258672576
21 390577600 390512064
73 221095936 221030400
12 371756544 371691008
1 220954432 220888896
2 277559232 277493696
7 296380352 296314816
8 409398720 409333184
6 258738176 258672640
21 390577664 390512128
55 221096000 221030464
54 220954496 220888960
2 277559296 277493760
16 409398784 409333248
57 371756608 371691072
52 296380416 296314880
55 258738240 258672704
21 390577728 390512192
55 221096064 221030528
54 220954560 220889024
2 277559360 277493824
16 409398848 409333312
57 371756672 371691136
52 296380480 296314944
55 258738304 258672768
21 390577792 390512256
55 221096128 221030592
54 220954624 220889088
2 277559424 277493888
16 409398912 409333376
57 371756736 371691200
52 296380544 296315008
55 258738368 258672832
21 390577856 390512320
55 221096192 221030656
54 220954688 220889152
2 277559488 277493952
16 409398976 409333440
57 371756800 371691264
52 296380608 296315072
55 258738432 258672896
21 390577920 390512384
55 221096256 221030720
54 220954752 220889216
2 277559552 277494016
16 409399040 409333504
57 371756864 371691328
52 296380672 296315136
55 258738496 258672960
21 390577984 390512448
55 221096320 221030784
54 220954816 220889280
2 277559616 277494080
16 409399104 409333568
57 371756928 371691392
52 296380736 296315200
55 258738560 258673024
21 390578048 390512512
55 221096384 221030848
54 220954880 220889344
2 277559680 277494144
16 409399168 409333632
57 371756992 371691456
52 296380800 296315264
55 258738624 258673088
21 390578112 390512576
55 221096448 221030912
54 220954944 220889408
2 277559744 277494208
16 409399232 409333696
57 371757056 371691520
52 296380864 296315328
55 258738688 258673152
21 390578176 390512640
55 221096512 221030976
54 220955008 220889472
2 277559808 277494272
16 409399296 409333760
57 371757120 371691584
52 296380928 296315392
55 258738752 258673216
21 390578240 390512704
55 221096576 221031040
54 220955072 220889536
2 277559872 277494336
16 409399360 409333824
57 371757184 371691648
52 296380992 296315456
55 258738816 258673280
21 390578304 390512768
55 221096640 221031104
54 220955136 220889600
2 277559936 277494400
16 409399424 409333888
57 371757248 371691712
52 296381056 296315520
55 258738880 258673344
21 390578368 390512832
55 221096704 221031168
54 220955200 220889664
2 277560000 277494464
16 409399488 409333952
57 371757312 371691776
52 296381120 296315584
55 258738944 258673408
21 390578432 390512896
55 221096768 221031232
54 220955264 220889728
2 277560064 277494528
16 409399552 409334016
57 371757376 371691840
52 296381184 296315648
55 258739008 258673472
21 390578496 390512960
55 221096832 221031296
54 220955328 220889792
2 277560128 277494592
16 409399616 409334080
57 371757440 371691904
52 296381248 296315712
55 258739072 258673536
21 390578560 390513024
55 221096896 221031360
54 220955392 220889856
2 277560192 277494656
16 409399680 409334144
57 371757504 371691968
52 296381312 296315776
55 258739136 258673600
21 390578624 390513088
55 221096960 221031424
54 220955456 220889920
2 277560256 277494720
16 409399744 409334208
57 371757568 371692032
52 296381376 296315840
31 221097024 221031488
1 258739200 258673664
12 220955520 220889984
2 277560320 277494784
5 390578688 390513152
10 409399808 409334272
17 371757632 371692096
52 296381440 296315904
55 258739264 258673728
21 390578752 390513216
55 221097088 221031552
54 220955584 220890048
2 277560384 277494848
16 409399872 409334336
57 371757696 371692160
52 296381504 296315968
55 258739328 258673792
21 390578816 390513280
55 221097152 221031616
54 220955648 220890112
2 277560448 277494912
16 409399936 409334400
57 371757760 371692224
52 296381568 296316032
55 258739392 258673856
21 390578880 390513344
55 221097216 221031680
54 220955712 220890176
2 277560512 277494976
16 409400000 409334464
57 371757824 371692288
52 296381632 296316096
55 258739456 258673920
21 390578944 390513408
55 221097280 221031744
54 220955776 220890240
2 277560576 277495040
16 409400064 409334528
57 371757888 371692352
52 296381696 296316160
55 258739520 258673984
21 390579008 390513472
55 221097344 221031808
54 220955840 220890304
2 277560640 277495104
16 409400128 409334592
57 371757952 371692416
52 296381760 296316224
55 258739584 258674048
21 390579072 390513536
55 221097408 221031872
54 220955904 220890368
2 277560704 277495168
16 409400192 409334656
57 371758016 371692480
52 296381824 296316288
55 258739648 258674112
21 390579136 390513600
55 221097472 221031936
54 220955968 220890432
2 277560768 277495232
16 409400256 409334720
57 371758080 371692544
52 296381888 296316352
55 258739712 258674176
21 390579200 390513664
55 221097536 221032000
54 220956032 220890496
2 277560832 277495296
16 409400320 409334784
57 371758144 371692608
52 296381952 296316416
55 258739776 258674240
21 390579264 390513728
55 221097600 221032064
54 220956096 220890560
2 277560896 277495360
16 409400384 409334848
57 371758208 371692672
52 296382016 296316480
55 258739840 258674304
21 390579328 390513792
55 221097664 221032128
54 220956160 220890624
2 277560960 277495424
16 409400448 409334912
57 371758272 371692736
52 296382080 296316544
55 258739904 258674368
21 390579392 390513856
55 221097728 221032192
54 220956224 220890688
2 277561024 277495488
16 409400512 409334976
57 371758336 371692800
52 296382144 296316608
55 258739968 258674432
21 390579456 390513920
55 221097792 221032256
54 220956288 220890752
2 277561088 277495552
16 409400576 409335040
57 371758400 371692864
52 296382208 296316672
55 258740032 258674496
21 390579520 390513984
55 221097856 221032320
54 220956352 220890816
2 277561152 277495616
16 409400640 409335104
57 371758464 371692928
52 296382272 296316736
55 258740096 258674560
21 390579584 390514048
55 221097920 221032384
54 220956416 220890880
2 277561216 277495680
16 409400704 409335168
57 371758528 371692992
52 296382336 296316800
55 258740160 258674624
21 390579648 390514112
55 221097984 221032448
54 220956480 220890944
2 277561280 277495744
16 409400768 409335232
57 371758592 371693056
52 296382400 296316864
55 258740224 258674688
21 390579712 390514176
55 221098048 221032512
54 220956544 220891008
2 277561344 277495808
16 409400832 409335296
13 369472832 221033792
10 258740288 258674752
10 371758656 371693120
10 390579776 390514240
1 296382464 296316928
13 221098112 221032576
54 220956608 220891072
2 277561408 277495872
16 409400896 409335360
57 371758720 371693184
52 296382528 296316992
55 258740352 258674816
21 390579840 390514304
55 221098176 221032640
54 220956672 220891136
2 277561472 277495936
16 409400960 409335424
57 371758784 371693248
52 296382592 296317056
55 258740416 258674880
21 390579904 390514368
55 221098240 221032704
54 220956736 220891200
2 277561536 277496000
16 409401024 409335488
57 371758848 371693312
52 296382656 296317120
55 258740480 258674944
21 390579968 390514432
55 221098304 221032768
54 220956800 220891264
2 277561600 277496064
16 409401088 409335552
57 371758912 371693376
52 296382720 296317184
55 258740544 258675008
21 390580032 390514496
55 221098368 221032832
54 220956864 220891328
2 277561664 277496128
16 409401152 409335616
57 371758976 371693440
52 296382784 296317248
55 258740608 258675072
21 390580096 390514560
55 221098432 221032896
54 220956928 220891392
2 277561728 277496192
16 409401216 409335680
57 371759040 371693504
52 296382848 296317312
55 258740672 258675136
21 390580160 390514624
55 221098496 221032960
54 220956992 220891456
2 277561792 277496256
16 409401280 409335744
57 371759104 371693568
52 296382912 296317376
55 258740736 258675200
21 390580224 390514688
55 221098560 221033024
54 220957056 220891520
2 277561856 277496320
16 409401344 409335808
57 371759168 258676800
52 296382976 296317440
55 258740800 258675264
21 390580288 390514752
55 221098624 221033088
54 220957120 220891584
2 277561920 277496384
16 409401408 409335872
57 371759232 258676864
52 296383040 296317504
55 258740864 258675328
21 390580352 390514816
55 221098688 221033152
54 220957184 220891648
2 277561984 277496448
16 409401472 409335936
57 371759296 258676928
52 296383104 296317568
55 258740928 258675392
21 390580416 390514880
55 221098752 221033216
54 220957248 220891712
2 277562048 277496512
16 409401536 409336000
57 371759360 258676992
52 296383168 296317632
55 258740992 258675456
21 390580480 390514944
55 221098816 369472320
54 220957312 220891776
2 277562112 277496576
16 409401600 409336064
57 371759424 258677056
52 296383232 296317696
55 258741056 258675520
21 390580544 390515008
55 221098880 371700608
54 220957376 220891840
2 277562176 277496640
16 409401664 409336128
57 371759488 258677120
52 296383296 296317760
55 258741120 258675584
21 390580608 390515072
55 221098944 371700672
54 220957440 220891904
2 277562240 277496704
16 409401728 409336192
57 371759552 258677184
52 296383360 296317824
55 258741184 258675648
21 390580672 390515136
55 221099008 371700736
54 220957504 220891968
2 277562304 277496768
16 409401792 409336256
57 371759616 258677248
52 296383424 296317888
55 258741248 258675712
21 390580736 390515200
55 221099072 371700800
54 220957568 220892032
2 277562368 277496832
16 409401856 409336320
57 371759680 258677312
52 296383488 296317952
55 258741312 258675776
21 390580800 390515264
33 221099136 371700864
12 371759744 258677376
1 220957632 220892096
2 277562432 277496896
7 296383552 296318016
8 409401920 409336384
46 258741376 258675840
21 390580864 390515328
55 221099200 371700928
54 220957696 220892160
2 277562496 277496960
16 409401984 409336448
57 371759808 258677440
52 296383616 296318080
55 258741440 258675904
21 390580928 390515392
55 221099264 371700992
54 220957760 220892224
2 277562560 277497024
16 409402048 409336512
57 371759872 258677504
52 296383680 296318144
55 258741504 258675968
21 390580992 390515456
55 221099328 371701056
54 220957824 220892288
2 277562624 277497088
16 409402112 409336576
57 371759936 258677568
52 296383744 296318208
55 258741568 258676032
21 390581056 390515520
55 221099392 221033856
54 220957888 220892352
2 277562688 277497152
16 409402176 409336640
57 371760000 258677632
52 296383808 296318272
55 258741632 258676096
21 390581120 390515584
55 221099456 221033920
54 220957952 220892416
2 277562752 277497216
16 409402240 409336704
57 371760064 258677696
52 296383872 296318336
55 258741696 258676160
21 390581184 390515648
55 221099520 221033984
54 220958016 220892480
2 277562816 277497280
16 409402304 409336768
57 371760128 258677760
52 296383936 296318400
55 258741760 258676224
21 390581248 390515712
55 221099584 221034048
54 220958080 220892544
2 277562880 277497344
16 409402368 409336832
57 371760192 258677824
52 296384000 296318464
55 258741824 258676288
21 390581312 390515776
55 221099648 221034112
54 220958144 220892608
2 277562944 277497408
16 409402432 409336896
57 371760256 258677888
52 296384064 296318528
55 258741888 258676352
21 390581376 390515840
55 221099712 221034176
54 220958208 220892672
2 277563008 277497472
16 409402496 409336960
57 371760320 258677952
52 296384128 296318592
55 258741952 258676416
21 390581440 390515904
55 221099776 221034240
54 220958272 220892736
2 277563072 277497536
16 409402560 409337024
57 371760384 258678016
52 296384192 296318656
55 258742016 258676480
21 390581504 390515968
55 221099840 221034304
54 220958336 220892800
2 277563136 277497600
16 409402624 409337088
57 371760448 258678080
52 296384256 296318720
55 258742080 258676544
21 390581568 390516032
55 221099904 221034368
54 220958400 220892864
2 277563200 277497664
16 409402688 409337152
57 371760512 258678144
52 296384320 296318784
55 258742144 258676608
21 390581632 390516096
55 221099968 221034432
54 220958464 220892928
2 277563264 277497728
16 409402752 409337216
57 371760576 258678208
52 296384384 296318848
55 258742208 258676672
21 390581696 390516160
55 221100032 221034496
54 220958528 220892992
2 277563328 277497792
16 409402816 409337280
57 371760640 258678272
52 296384448 296318912
55 258742272 258676736
21 390581760 390516224
55 221100096 221034560
54 220958592 220893056
2 277563392 277497856
16 409402880 409337344
57 371760704 258678336
52 296384512 296318976
55 258742336 220895296
21 390581824 390516288
55 221100160 221034624
54 220958656 220893120
2 277563456 277497920
16 409402944 409337408
57 371760768 258678400
44 221100224 221034688
1 258742400 220895360
12 220958720 220893184
2 277563520 277497984
5 390581888 390516352
1 296384576 296319040
8 409403008 409337472
57 371760832 258678464
52 296384640 296319104
55 258742464 220895424
21 390581952 390516416
55 221100288 221034752
54 220958784 220893248
2 277563584 277498048
16 409403072 409337536
57 371760896 258678528
52 296384704 296319168
55 258742528 220895488
21 390582016 390516480
55 221100352 221034816
54 220958848 220893312
2 277563648 277498112
16 409403136 409337600
57 371760960 258678592
52 296384768 296319232
55 258742592 220895552
21 390582080 390516544
55 221100416 221034880
54 220958912 220893376
2 277563712 277498176
16 409403200 409337664
57 371761024 258678656
52 296384832 296319296
55 258742656 220895616
21 390582144 390516608
55 221100480 221034944
54 220958976 220893440
2 277563776 277498240
16 409403264 409337728
57 371761088 258678720
52 296384896 296319360
55 258742720 220895680
21 390582208 390516672
55 221100544 221035008
54 220959040 220893504
2 277563840 277498304
16 409403328 409337792
57 371761152 258678784
52 296384960 296319424
55 258742784 220895744
21 390582272 390516736
55 221100608 221035072
54 220959104 220893568
2 277563904 277498368
16 409403392 409337856
57 371761216 258678848
52 296385024 296319488
55 258742848 220895808
21 390582336 390516800
55 221100672 221035136
54 220959168 220893632
2 277563968 277498432
16 409403456 409337920
57 371761280 258678912
52 296385088 296319552
55 258742912 220895872
21 390582400 390516864
55 221100736 221035200
54 220959232 220893696
2 277564032 277498496
16 409403520 409337984
57 371761344 371695808
52 296385152 296319616
55 258742976 220895936
21 390582464 390516928
55 221100800 221035264
54 220959296 220893760
2 277564096 277498560
16 409403584 409338048
57 371761408 371695872
52 296385216 296319680
55 258743040 220896000
21 390582528 390516992
55 221100864 221035328
54 220959360 220893824
2 277564160 277498624
16 409403648 409338112
57 371761472 371695936
52 296385280 296319744
55 258743104 220896064
21 390582592 390517056
55 221100928 221035392
54 220959424 220893888
2 277564224 277498688
16 409403712 409338176
57 371761536 371696000
52 296385344 296319808
55 258743168 220896128
21 390582656 390517120
55 221100992 221035456
54 220959488 220893952
2 277564288 277498752
16 409403776 409338240
57 371761600 371696064
52 296385408 296319872
55 258743232 220896192
21 390582720 390517184
55 221101056 221035520
54 220959552 220894016
2 277564352 277498816
16 409403840 409338304
57 371761664 371696128
52 296385472 296319936
55 258743296 220896256
21 390582784 390517248
55 221101120 221035584
54 220959616 220894080
2 277564416 277498880
16 409403904 409338368
57 371761728 371696192
52 296385536 296320000
55 258743360 220896320
21 390582848 390517312
55 221101184 221035648
54 220959680 220894144
2 277564480 277498944
16 409403968 409338432
57 371761792 371696256
52 296385600 296320064
55 258743424 220896384
21 390582912 390517376
55 221101248 221035712
59 258743488 220896448
10 371761856 371696320
1 220959744 220894208
2 277564544 277499008
5 390582976 390517440
1 296385664 296320128
8 409404032 409338496
44 221101312 221035776
54 220959808 220894272
2 277564608 277499072
16 409404096 409338560
57 371761920 371696384
52 296385728 296320192
55 258743552 220896512
21 390583040 390517504
55 221101376 221035840
54 220959872 220894336
2 277564672 277499136
16 409404160 409338624
57 371761984 371696448
52 296385792 296320256
55 258743616 220896576
21 390583104 390517568
55 221101440 221035904
54 220959936 220894400
2 277564736 277499200
16 409404224 409338688
57 371762048 371696512
52 296385856 296320320
55 258743680 220896640
21 390583168 390517632
55 221101504 221035968
54 220960000 220894464
2 277564800 277499264
16 409404288 409338752
57 371762112 371696576
52 296385920 296320384
55 258743744 220896704
21 390583232 390517696
55 221101568 221036032
54 220960064 220894528
2 277564864 277499328
16 409404352 409338816
57 371762176 371696640
52 296385984 296320448
55 258743808 220896768
21 390583296 390517760
55 221101632 221036096
54 220960128 220894592
2 277564928 277499392
16 409404416 409338880
57 371762240 371696704
52 296386048 296320512
55 258743872 220896832
21 390583360 390517824
55 221101696 221036160
54 220960192 220894656
2 277564992 277499456
16 409404480 409338944
57 371762304 371696768
52 296386112 296320576
55 258743936 220896896
21 390583424 390517888
55 221101760 221036224
54 220960256 220894720
2 277565056 277499520
16 409404544 409339008
57 371762368 371696832
52 296386176 296320640
55 258744000 220896960
21 390583488 390517952
55 221101824 221036288
54 220960320 220894784
2 277565120 277499584
16 409404608 409339072
57 371762432 371696896
52 296386240 296320704
55 258744064 220897024
21 390583552 390518016
55 221101888 221036352
54 220960384 220894848
2 277565184 277499648
16 409404672 409339136
57 371762496 371696960
52 296386304 296320768
55 258744128 220897088
21 390583616 390518080
55 221101952 221036416
54 220960448 220894912
2 277565248 277499712
16 409404736 409339200
57 371762560 371697024
52 296386368 296320832
55 258744192 220897152
21 390583680 390518144
55 221102016 221036480
54 220960512 220894976
2 277565312 277499776
16 409404800 409339264
57 371762624 371697088
52 296386432 296320896
55 258744256 220897216
21 390583744 390518208
55 221102080 221036544
54 220960576 220895040
2 277565376 277499840
16 409404864 409339328
57 371762688 371697152
52 296386496 296320960
55 258744320 220897280
21 390583808 390518272
55 221102144 221036608
54 220960640 220895104
2 277565440 277499904
16 409404928 409339392
57 371762752 371697216
52 296386560 296321024
55 258744384 220897344
21 390583872 390518336
55 221102208 221036672
54 220960704 220895168
2 277565504 277499968
16 409404992 409339456
57 371762816 371697280
52 296386624 296321088
55 258744448 220897408
21 390583936 390518400
55 221102272 221036736
54 220960768 220895232
2 277565568 277500032
16 409405056 409339520
57 371762880 371697344
52 296386688 296321152
59 140737488348416 390522112
2 140737488348480 390522176
31 369471808 371700032
8 221107648 277501376
1 258749824 371701120
6 221106560 277500288
3 371768256 371702720
1 220966144 371698944
2 277570944 390522240
5 390589312 390523776
1 296392064 409343360
8 409410432 409344896
13 221106624 277500352
32 258749888 371701184
21 390589376 390523840
55 221107712 277501440
54 220966208 371699008
2 277571008 390522304
16 409410496 409344960
57 371768320 371702784
52 296392128 409343424
22 221106688 277500416
32 258749952 371701248
21 390589440 390523904
55 221107776 277501504
54 220966272 371699072
2 277571072 390522368
16 409410560 409345024
57 371768384 371702848
52 296392192 409343488
22 221106752 277500480
32 258750016 371701312
21 390589504 390523968
55 221107840 277501568
54 220966336 371699136
2 277571136 390522432
16 409410624 409345088
57 371768448 371702912
52 296392256 409343552
22 221106816 277500544
32 258750080 371701376
21 390589568 390524032
55 221107904 390518464
54 220966400 371699200
2 277571200 390522496
16 409410688 409345152
57 371768512 371702976
52 296392320 409343616
22 221106880 277500608
32 258750144 371701440
21 390589632 390524096
55 221107968 390518528
54 220966464 371699264
2 277571264 390522560
16 409410752 409345216
57 371768576 371703040
52 296392384 409343680
22 221106944 277500672
32 258750208 371701504
21 390589696 390524160
55 221108032 390518592
54 220966528 371699328
2 277571328 390522624
16 409410816 409345280
57 371768640 371703104
52 296392448 409343744
22 221107008 277500736
32 258750272 371701568
21 390589760 390524224
55 221108096 390518656
54 220966592 371699392
2 277571392 390522688
16 409410880 409345344
57 371768704 371703168
52 296392512 409343808
22 221107072 277500800
32 258750336 371701632
21 390589824 390524288
55 221108160 390518720
54 220966656 371699456
2 277571456 390522752
16 409410944 409345408
57 371768768 371703232
52 296392576 409343872
22 221107136 277500864
32 258750400 371701696
21 390589888 390524352
55 221108224 390518784
54 220966720 371699520
2 277571520 390522816
16 409411008 409345472
57 371768832 371703296
52 296392640 409343936
22 221107200 277500928
32 258750464 371701760
21 390589952 390524416
55 221108288 390518848
54 220966784 371699584
2 277571584 390522880
16 409411072 409345536
57 371768896 371703360
52 296392704 409344000
22 221107264 277500992
32 258750528 371701824
21 390590016 390524480
55 221108352 390518912
54 220966848 371699648
2 277571648 390522944
16 409411136 409345600
57 371768960 371703424
52 296392768 409344064
22 221107328 277501056
32 258750592 371701888
21 390590080 390524544
55 221108416 390518976
54 220966912 371699712
2 277571712 390523008
16 409411200 409345664
57 371769024 371703488
52 296392832 409344128
22 221107392 277501120
32 258750656 371701952
21 390590144 390524608
55 221108480 390519040
54 220966976 371699776
2 277571776 390523072
16 409411264 409345728
57 371769088 371703552
52 296392896 409344192
22 221107456 277501184
32 258750720 371702016
21 390590208 390524672
55 221108544 390519104
54 220967040 371699840
2 277571840 390523136
16 409411328 409345792
57 371769152 371703616
52 296392960 409344256
22 221107520 277501248
32 258750784 371702080
21 390590272 390524736
55 221108608 390519168
54 220967104 371699904
2 277571904 390523200
16 409411392 409345856
57 371769216 371703680
52 296393024 409344320
22 221107584 277501312
32 258750848 371702144
21 390590336 390524800
55 221108672 390519232
54 220967168 371699968
2 277571968 390523264
16 409411456 409345920
57 371769280 371703744
44 221108736 390519296
1 258750912 371702208
12 220967232 258683200
2 277572032 390523328
5 390590400 390524864
1 296393088 409344384
8 409411520 409345984
57 371769344 371703808
52 296393152 409344448
55 258750976 371702272
21 390590464 390524928
55 221108800 390519360
54 220967296 371700096
2 277572096 390523392
16 409411584 409346048
57 371769408 371703872
52 296393216 409344512
55 258751040 371702336
21 390590528 390524992
55 221108864 390519424
54 220967360 371700160
2 277572160 390523456
16 409411648 409346112
57 371769472 371703936
52 296393280 409344576
55 258751104 371702400
21 390590592 390525056
55 221108928 390519488
54 220967424 371700224
2 277572224 390523520
16 409411712 409346176
57 371769536 371704000
52 296393344 409344640
55 258751168 371702464
21 390590656 390525120
55 221108992 390519552
54 220967488 371700288
2 277572288 390523584
16 409411776 258678976
57 371769600 221036800
52 296393408 409344704
55 258751232 371702528
21 390590720 390525184
55 221109056 390519616
54 220967552 371700352
2 277572352 390523648
16 409411840 258679040
57 371769664 221036864
52 296393472 409344768
55 258751296 371702592
21 390590784 390525248
55 221109120 390519680
54 220967616 371700416
2 277572416 390523712
16 409411904 258679104
57 371769728 221036928
52 296393536 409344832
55 258751360 371702656
21 390590848 390525312
55 221109184 390519744
54 220967680 371700480
2 277572480 277506944
16 409411968 258679168
57 371769792 221036992
52 296393600 296328064
55 258751424 258685888
21 390590912 390525376
55 221109248 390519808
54 220967744 371700544
2 277572544 277507008
16 409412032 258679232
57 371769856 221037056
52 296393664 296328128
55 258751488 258685952
21 390590976 390525440
55 221109312 390519872
54 220967808 258683776
2 277572608 277507072
16 409412096 258679296
57 371769920 221037120
52 296393728 296328192
55 258751552 258686016
21 390591040 390525504
55 221109376 390519936
54 220967872 258683840
2 277572672 277507136
16 409412160 258679360
57 371769984 221037184
52 296393792 296328256
55 258751616 258686080
21 390591104 390525568
55 221109440 390520000
54 220967936 258683904
2 277572736 277507200
16 409412224 258679424
57 371770048 221037248
52 296393856 296328320
55 258751680 258686144
21 390591168 390525632
55 221109504 390520064
54 220968000 258683968
2 277572800 277507264
16 409412288 258679488
57 371770112 221037312
52 296393920 296328384
55 258751744 258686208
21 390591232 390525696
55 221109568 390520128
54 220968064 258684032
2 277572864 277507328
16 409412352 258679552
57 371770176 221037376
52 296393984 296328448
55 258751808 258686272
21 390591296 390525760
55 221109632 390520192
54 220968128 258684096
2 277572928 277507392
16 409412416 258679616
57 371770240 221037440
52 296394048 296328512
55 258751872 258686336
21 390591360 390525824
55 221109696 390520256
54 220968192 258684160
2 277572992 277507456
16 409412480 258679680
57 371770304 221037504
52 296394112 296328576
55 258751936 258686400
21 390591424 390525888
55 221109760 390520320
59 258752000 258686464
10 371770368 221037568
1 220968256 258684224
2 277573056 277507520
5 390591488 390525952
1 296394176 296328640
8 409412544 258679744
44 221109824 390520384
54 220968320 258684288
2 277573120 277507584
16 409412608 258679808
57 371770432 221037632
52 296394240 296328704
55 258752064 258686528
21 390591552 390526016
55 221109888 390520448
54 220968384 258684352
2 277573184 277507648
16 409412672 258679872
57 371770496 221037696
52 296394304 296328768
55 258752128 258686592
21 390591616 390526080
55 221109952 390520512
54 220968448 258684416
2 277573248 277507712
16 409412736 258679936
57 371770560 221037760
52 296394368 296328832
55 258752192 258686656
21 390591680 390526144
55 221110016 390520576
54 220968512 258684480
2 277573312 277507776
16 409412800 258680000
57 371770624 221037824
52 296394432 296328896
55 258752256 258686720
21 390591744 390526208
55 221110080 390520640
54 220968576 258684544
2 277573376 277507840
16 409412864 258680064
57 371770688 221037888
52 296394496 296328960
55 258752320 258686784
21 390591808 390526272
55 221110144 390520704
54 220968640 258684608
2 277573440 277507904
16 409412928 258680128
57 371770752 221037952
52 296394560 296329024
55 258752384 258686848
21 390591872 390526336
55 221110208 390520768
54 220968704 258684672
2 277573504 277507968
16 409412992 258680192
57 371770816 221038016
52 296394624 296329088
55 258752448 258686912
21 390591936 390526400
55 221110272 390520832
54 220968768 258684736
2 277573568 277508032
16 409413056 258680256
57 371770880 221038080
52 296394688 296329152
55 258752512 258686976
21 390592000 390526464
55 221110336 390520896
54 220968832 258684800
2 277573632 277508096
16 409413120 258680320
57 371770944 221038144
52 296394752 296329216
55 258752576 258687040
21 390592064 390526528
55 221110400 390520960
54 220968896 258684864
2 277573696 277508160
16 409413184 258680384
57 371771008 221038208
52 296394816 296329280
55 258752640 258687104
21 390592128 390526592
55 221110464 390521024
54 220968960 258684928
2 277573760 277508224
16 409413248 258680448
57 371771072 221038272
52 296394880 296329344
55 258752704 258687168
21 390592192 390526656
55 221110528 390521088
54 220969024 258684992
2 277573824 277508288
16 409413312 258680512
57 371771136 221038336
52 296394944 220897472
55 258752768 371704064
21 390592256 390526720
55 221110592 390521152
54 220969088 258685056
2 277573888 277508352
16 409413376 371697408
57 371771200 221038400
52 296395008 220897536
55 258752832 371704128
21 390592320 390526784
55 221110656 390521216
54 220969152 258685120
2 277573952 277508416
16 409413440 371697472
57 371771264 221038464
52 296395072 220897600
55 258752896 371704192
21 390592384 390526848
55 221110720 390521280
54 220969216 258685184
2 277574016 277508480
16 409413504 371697536
57 371771328 221038528
52 296395136 220897664
55 258752960 371704256
21 390592448 390526912
55 221110784 390521344
54 220969280 258685248
2 277574080 277508544
16 409413568 371697600
57 371771392 221038592
52 296395200 220897728
71 221110848 390521408
1 258753024 371704320
10 371771456 221038656
1 220969344 258685312
2 277574144 277508608
5 390592512 390526976
10 409413632 371697664
30 296395264 220897792
55 258753088 371704384
21 390592576 390527040
55 221110912 390521472
54 220969408 258685376
2 277574208 277508672
16 409413696 371697728
57 371771520 221038720
52 296395328 220897856
55 258753152 371704448
21 390592640 390527104
55 221110976 390521536
54 220969472 258685440
2 277574272 277508736
16 409413760 371697792
57 371771584 221038784
52 296395392 220897920
55 258753216 371704512
21 390592704 390527168
55 221111040 390521600
54 220969536 258685504
2 277574336 277508800
16 409413824 371697856
57 371771648 221038848
52 296395456 220897984
55 258753280 371704576
21 390592768 390527232
55 221111104 390521664
54 220969600 258685568
2 277574400 277508864
16 409413888 371697920
57 371771712 221038912
52 296395520 220898048
55 258753344 371704640
21 390592832 390527296
55 221111168 390521728
54 220969664 258685632
2 277574464 277508928
16 409413952 371697984
57 371771776 221038976
52 296395584 220898112
55 258753408 371704704
21 390592896 390527360
55 221111232 390521792
54 220969728 258685696
2 277574528 277508992
16 409414016 371698048
57 371771840 221039040
52 296395648 220898176
55 258753472 371704768
21 390592960 390527424
55 221111296 390521856
54 220969792 258685760
2 277574592 277509056
16 409414080 371698112
57 371771904 221039104
52 296395712 220898240
55 258753536 371704832
21 390593024 390527488
55 221111360 390521920
54 220969856 258685824
2 277574656 277509120
16 409414144 371698176
57 371771968 221039168
52 296395776 220898304
55 258753600 371704896
21 390593088 390527552
55 221111424 390521984
54 220969920 220904384
2 277574720 277509184
16 409414208 371698240
57 371772032 221039232
52 296395840 220898368
55 258753664 371704960
21 390593152 390527616
55 221111488 390522048
54 220969984 220904448
2 277574784 277509248
16 409414272 371698304
57 371772096 221039296
52 296395904 220898432
55 258753728 371705024
21 390593216 390527680
55 221111552 277505280
54 220970048 220904512
2 277574848 277509312
16 409414336 371698368
57 371772160 221039360
52 296395968 220898496
55 258753792 371705088
21 390593280 390527744
55 221111616 277505344
54 220970112 220904576
2 277574912 277509376
16 409414400 371698432
57 371772224 221039424
52 296396032 220898560
55 258753856 371705152
21 390593344 390527808
55 221111680 277505408
54 220970176 220904640
2 277574976 277509440
16 409414464 371698496
57 371772288 221039488
52 296396096 220898624
55 258753920 371705216
21 390593408 390527872
55 221111744 277505472
54 220970240 220904704
2 277575040 277509504
16 409414528 371698560
57 371772352 221039552
52 296396160 220898688
55 258753984 371705280
21 390593472 390527936
55 221111808 277505536
54 220970304 220904768
2 277575104 277509568
16 409414592 371698624
57 371772416 221039616
52 296396224 220898752
55 258754048 371705344
21 390593536 390528000
55 221111872 277505600
54 220970368 220904832
2 277575168 277509632
16 409414656 371698688
53 369471872 258683264
8 221111936 277505664
1 258754112 371705408
10 371772480 221039680
10 390593600 390528064
1 296396288 220898816
28 220970432 220904896
2 277575232 277509696
16 409414720 371698752
57 371772544 221039744
52 296396352 220898880
55 258754176 371705472
21 390593664 390528128
55 221112000 277505728
54 220970496 220904960
2 277575296 277509760
16 409414784 371698816
57 371772608 221039808
52 296396416 220898944
55 258754240 371705536
21 390593728 390528192
55 221112064 277505792
54 220970560 220905024
2 277575360 277509824
16 409414848 371698880
57 371772672 221039872
52 296396480 220899008
55 258754304 371705600
21 390593792 390528256
55 221112128 277505856
54 220970624 220905088
2 277575424 277509888
16 409414912 258682112
57 371772736 221039936
52 296396544 258680576
55 258754368 371705664
21 390593856 390528320
55 221112192 277505920
54 220970688 220905152
2 277575488 277509952
16 409414976 258682176
57 371772800 221040000
52 296396608 258680640
55 258754432 371705728
21 390593920 390528384
55 221112256 277505984
54 220970752 220905216
2 277575552 277510016
16 409415040 258682240
57 371772864 221040064
52 296396672 258680704
55 258754496 371705792
21 390593984 390528448
55 221112320 277506048
54 220970816 220905280
2 277575616 277510080
16 409415104 258682304
57 371772928 221040128
52 296396736 258680768
55 258754560 371705856
21 390594048 390528512
55 221112384 277506112
54 220970880 220905344
2 277575680 277510144
16 409415168 258682368
57 371772992 221040192
52 296396800 258680832
55 258754624 371705920
21 390594112 390528576
55 221112448 277506176
54 220970944 220905408
2 277575744 277510208
16 409415232 258682432
57 371773056 221040256
52 296396864 258680896
55 258754688 371705984
21 390594176 390528640
55 221112512 277506240
54 220971008 220905472
2 277575808 277510272
16 409415296 258682496
57 371773120 221040320
52 296396928 258680960
55 258754752 371706048
21 390594240 390528704
55 221112576 277506304
54 220971072 220905536
2 277575872 277510336
16 409415360 258682560
57 371773184 221040384
52 296396992 258681024
55 258754816 371706112
21 390594304 390528768
55 221112640 277506368
54 220971136 220905600
2 277575936 277510400
16 409415424 258682624
57 371773248 221040448
52 296397056 258681088
55 258754880 371706176
21 390594368 390528832
55 221112704 277506432
54 220971200 220905664
2 277576000 277510464
16 409415488 258682688
57 371773312 221040512
52 296397120 258681152
55 258754944 371706240
21 390594432 390528896
55 221112768 277506496
54 220971264 258687232
2 277576064 277510528
16 409415552 258682752
57 371773376 221040576
52 296397184 258681216
55 258755008 371706304
21 390594496 390528960
55 221112832 277506560
54 220971328 258687296
2 277576128 277510592
16 409415616 258682816
57 371773440 221040640
52 296397248 258681280
55 258755072 371706368
21 390594560 390529024
55 221112896 277506624
54 220971392 258687360
2 277576192 277510656
16 409415680 258682880
57 371773504 221040704
52 296397312 258681344
55 258755136 371706432
21 390594624 390529088
73 221112960 277506688
12 371773568 221040768
1 220971456 258687424
2 277576256 277510720
7 296397376 258681408
8 409415744 258682944
6 258755200 371706496
21 390594688 390529152
55 221113024 277506752
54 220971520 258687488
2 277576320 277510784
16 409415808 258683008
57 371773632 277500096
52 296397440 258681472
55 258755264 371706560
21 390594752 296321216
55 221113088 277506816
54 220971584 258687552
2 277576384 277510848
16 409415872 258683072
57 371773696 277500160
52 296397504 258681536
55 258755328 371706624
21 390594816 296321280
55 221113152 277506880
54 220971648 258687616
2 277576448 277510912
16 409415936 258683136
57 371773760 277500224
52 296397568 258681600
55 258755392 371706688
21 390594880 296321344
55 221113216 221047680
54 220971712 258687680
2 277576512 277510976
16 409416000 220901696
57 371773824 221041024
52 296397632 258681664
55 258755456 371706752
21 390594944 296321408
55 221113280 221047744
54 220971776 258687744
2 277576576 277511040
16 409416064 220901760
57 371773888 221041088
52 296397696 258681728
55 258755520 371706816
21 390595008 296321472
55 221113344 221047808
54 220971840 258687808
2 277576640 277511104
16 409416128 258683328
57 371773952 221041152
52 296397760 258681792
55 258755584 371706880
21 390595072 296321536
55 221113408 221047872
54 220971904 258687872
2 277576704 277511168
16 409416192 258683392
57 371774016 221041216
52 296397824 258681856
55 258755648 371706944
21 390595136 296321600
55 221113472 221047936
54 220971968 258687936
2 277576768 277511232
16 409416256 258683456
57 371774080 221041280
52 296397888 258681920
55 258755712 371707008
21 390595200 296321664
55 221113536 221048000
54 220972032 258688000
2 277576832 277511296
16 409416320 258683520
57 371774144 221041344
52 296397952 258681984
55 258755776 371707072
21 390595264 296321728
55 221113600 221048064
54 220972096 258688064
2 277576896 277511360
16 409416384 258683584
57 371774208 221041408
52 296398016 258682048
55 258755840 371707136
21 390595328 296321792
55 221113664 221048128
54 220972160 258688128
2 277576960 277511424
16 409416448 258683648
57 371774272 221041472
52 296398080 220900608
55 258755904 371707200
21 390595392 296321856
55 221113728 221048192
54 220972224 258688192
2 277577024 277511488
16 409416512 258683712
57 371774336 221041536
52 296398144 220900672
55 258755968 371707264
21 390595456 296321920
55 221113792 221048256
54 220972288 258688256
2 277577088 277511552
16 409416576 220902272
57 371774400 221041600
52 296398208 220900736
55 258756032 371707328
21 390595520 296321984
55 221113856 221048320
54 220972352 258688320
2 277577152 277511616
16 409416640 220902336
57 371774464 221041664
52 296398272 220900800
55 258756096 371707392
21 390595584 296322048
55 221113920 221048384
54 220972416 258688384
2 277577216 277511680
16 409416704 220902400
57 371774528 221041728
52 296398336 220900864
55 258756160 371707456
21 390595648 296322112
55 221113984 221048448
54 220972480 258688448
2 277577280 277511744
16 409416768 220902464
57 371774592 221041792
52 296398400 220900928
31 221114048 221048512
1 258756224 371707520
12 220972544 258688512
2 277577344 277511808
5 390595712 296322176
10 409416832 220902528
17 371774656 221041856
52 296398464 220900992
55 258756288 371707584
21 390595776 296322240
55 221114112 221048576
54 220972608 258688576
2 277577408 277511872
16 409416896 220902592
57 371774720 221041920
52 296398528 220901056
55 258756352 371707648
21 390595840 296322304
55 221114176 221048640
54 220972672 258688640
2 277577472 277511936
16 409416960 220902656
57 371774784 221041984
52 296398592 220901120
55 258756416 371707712
21 390595904 296322368
55 221114240 221048704
54 220972736 258688704
2 277577536 277512000
16 409417024 220902720
57 371774848 221042048
52 296398656 220901184
55 258756480 371707776
21 390595968 296322432
55 221114304 221048768
54 220972800 258688768
2 277577600 277512064
16 409417088 220902784
57 371774912 221042112
52 296398720 220901248
55 258756544 371707840
21 390596032 296322496
55 221114368 221048832
54 220972864 258688832
2 277577664 277512128
16 409417152 220902848
57 371774976 221042176
52 296398784 220901312
55 258756608 371707904
21 390596096 296322560
55 221114432 221048896
54 220972928 258688896
2 277577728 277512192
16 409417216 220902912
57 371775040 221042240
52 296398848 220901376
55 258756672 371707968
21 390596160 296322624
55 221114496 221048960
54 220972992 258688960
2 277577792 277512256
16 409417280 220902976
57 371775104 221042304
52 296398912 220901440
55 258756736 371708032
21 390596224 296322688
55 221114560 221049024
54 220973056 258689024
2 277577856 277512320
16 409417344 220903040
57 371775168 277501632
52 296398976 220901504
55 258756800 221040832
21 390596288 409339584
55 221114624 221049088
54 220973120 258689088
2 277577920 390529216
16 409417408 220903104
57 371775232 277501696
52 296399040 220901568
55 258756864 221040896
21 390596352 409339648
55 221114688 221049152
54 220973184 258689152
2 277577984 390529280
16 409417472 220903168
57 371775296 277501760
52 296399104 220901632
55 258756928 221040960
21 390596416 409339712
55 221114752 221049216
54 220973248 258689216
2 277578048 390529344
16 409417536 220903232
57 371775360 277501824
52 296399168 409350464
55 258756992 371708288
21 390596480 409339776
55 221114816 221049280
54 220973312 258689280
2 277578112 390529408
16 409417600 220903296
57 371775424 277501888
52 296399232 409350528
55 258757056 371708352
21 390596544 409339840
55 221114880 221049344
54 220973376 258689344
2 277578176 390529472
16 409417664 220903360
57 371775488 277501952
52 296399296 220901824
55 258757120 371708416
21 390596608 409339904
55 221114944 221049408
54 220973440 258689408
2 277578240 390529536
16 409417728 220903424
57 371775552 277502016
52 296399360 220901888
55 258757184 371708480
21 390596672 409339968
55 221115008 221049472
54 220973504 258689472
2 277578304 390529600
16 409417792 220903488
57 371775616 277502080
52 296399424 220901952
55 258757248 371708544
21 390596736 409340032
55 221115072 221049536
54 220973568 258689536
2 277578368 390529664
16 409417856 220903552
24 258757312 371708608
10 371775680 277502144
10 390596800 409340096
1 296399488 220902016
13 221115136 221049600
54 220973632 258689600
2 277578432 390529728
16 409417920 220903616
57 371775744 277502208
52 296399552 220902080
55 258757376 371708672
21 390596864 409340160
55 221115200 221049664
54 220973696 258689664
2 277578496 390529792
16 409417984 220903680
57 371775808 277502272
52 296399616 220902144
55 258757440 371708736
21 390596928 409340224
55 221115264 221049728
54 220973760 258689728
2 277578560 390529856
16 409418048 220903744
57 371775872 277502336
52 296399680 220902208
55 258757504 371708800
21 390596992 409340288
55 221115328 221049792
54 220973824 258689792
2 277578624 390529920
16 409418112 220903808
57 371775936 277502400
52 296399744 369472384
55 258757568 371708864
21 390597056 409340352
55 221115392 221049856
54 220973888 258689856
2 277578688 390529984
16 409418176 220903872
57 371776000 277502464
52 296399808 409351104
55 258757632 371708928
21 390597120 409340416
55 221115456 221049920
54 220973952 258689920
2 277578752 390530048
16 409418240 220903936
57 371776064 277502528
52 296399872 409351168
55 258757696 371708992
21 390597184 409340480
55 221115520 221049984
54 220974016 258689984
2 277578816 390530112
16 409418304 220904000
57 371776128 277502592
52 296399936 409351232
55 258757760 371709056
21 390597248 409340544
55 221115584 221050048
54 220974080 258690048
2 277578880 390530176
16 409418368 220904064
57 371776192 277502656
52 296400000 409351296
55 258757824 371709120
21 390597312 409340608
55 221115648 221050112
54 220974144 258690112
2 277578944 390530240
16 409418432 220904128
57 371776256 277502720
52 296400064 409351360
55 258757888 371709184
21 390597376 409340672
55 221115712 221050176
54 220974208 258690176
2 277579008 390530304
16 409418496 220904192
57 371776320 277502784
52 296400128 409351424
55 258757952 371709248
21 390597440 409340736
55 221115776 221050240
54 220974272 258690240
2 277579072 390530368
16 409418560 220904256
57 371776384 277502848
52 296400192 409351488
55 258758016 371709312
21 390597504 409340800
55 221115840 221050304
54 220974336 258690304
2 277579136 390530432
16 409418624 220904320
57 371776448 277502912
52 296400256 409351552
55 258758080 371709376
21 390597568 409340864
55 221115904 221050368
54 220974400 258690368
2 277579200 390530496
16 409418688 409353152
57 371776512 277502976
52 296400320 409351616
55 258758144 371709440
21 390597632 409340928
55 221115968 221050432
54 220974464 258690432
2 277579264 390530560
16 409418752 409353216
57 371776576 277503040
52 296400384 409351680
55 258758208 371709504
21 390597696 409340992
55 221116032 221050496
54 220974528 258690496
2 277579328 390530624
16 409418816 409353280
57 371776640 277503104
52 296400448 409351744
55 258758272 371709568
21 390597760 409341056
55 221116096 221050560
54 220974592 258690560
2 277579392 390530688
16 409418880 409353344
57 371776704 277503168
52 296400512 409351808
55 258758336 221042368
21 390597824 409341120
33 221116160 221050624
12 371776768 277503232
1 220974656 258690624
2 277579456 296322752
7 296400576 409351872
8 409418944 409353408
46 258758400 221042432
21 390597888 409341184
55 221116224 221050688
54 220974720 258690688
2 277579520 296322816
16 409419008 409353472
57 371776832 277503296
52 296400640 409351936
55 258758464 221042496
21 390597952 409341248
55 221116288 221050752
54 220974784 258690752
2 277579584 296322880
16 409419072 409353536
57 371776896 277503360
52 296400704 409352000
55 258758528 221042560
21 390598016 409341312
55 221116352 221050816
54 220974848 258690816
2 277579648 296322944
16 409419136 409353600
57 371776960 277503424
52 296400768 409352064
55 258758592 221042624
21 390598080 409341376
55 221116416 221050880
54 220974912 258690880
2 277579712 296323008
16 409419200 409353664
57 371777024 277503488
52 296400832 409352128
55 258758656 221042688
21 390598144 409341440
55 221116480 221050944
54 220974976 258690944
2 277579776 296323072
16 409419264 409353728
57 371777088 277503552
52 296400896 409352192
55 258758720 221042752
21 390598208 409341504
55 221116544 221051008
54 220975040 258691008
2 277579840 296323136
16 409419328 409353792
57 371777152 277503616
52 296400960 409352256
55 258758784 221042816
21 390598272 409341568
55 221116608 221051072
54 220975104 258691072
2 277579904 296323200
16 409419392 409353856
57 371777216 277503680
52 296401024 409352320
55 258758848 221042880
21 390598336 409341632
55 221116672 221051136
54 220975168 258691136
2 277579968 296323264
16 409419456 409353920
57 371777280 277503744
52 296401088 409352384
55 258758912 221042944
21 390598400 409341696
55 221116736 221051200
54 220975232 258691200
2 277580032 296323328
16 409419520 409353984
57 371777344 277503808
52 296401152 409352448
55 258758976 221043008
21 390598464 409341760
55 221116800 221051264
54 220975296 371708096
2 277580096 296323392
16 409419584 409354048
57 371777408 277503872
52 296401216 409352512
55 258759040 221043072
21 390598528 409341824
55 221116864 221051328
54 220975360 371708160
2 277580160 296323456
16 409419648 409354112
57 371777472 277503936
52 296401280 409352576
55 258759104 221043136
21 390598592 409341888
55 221116928 221051392
54 220975424 371708224
2 277580224 296323520
16 409419712 409354176
57 371777536 277504000
52 296401344 409352640
55 258759168 221043200
21 390598656 409341952
55 221116992 221051456
54 220975488 258691456
2 277580288 296323584
16 409419776 409354240
57 371777600 277504064
52 296401408 409352704
55 258759232 221043264
21 390598720 409342016
55 221117056 221051520
54 220975552 258691520
2 277580352 296323648
16 409419840 409354304
57 371777664 277504128
52 296401472 409352768
55 258759296 221043328
21 390598784 409342080
55 221117120 221051584
54 220975616 258691584
2 277580416 296323712
16 409419904 409354368
57 371777728 277504192
52 296401536 409352832
55 258759360 221043392
21 390598848 409342144
55 221117184 221051648
54 220975680 258691648
2 277580480 296323776
16 409419968 409354432
57 371777792 277504256
44 221117248 221051712
1 258759424 221043456
12 220975744 258691712
2 277580544 296323840
5 390598912 409342208
1 296401600 409352896
8 409420032 220905728
57 371777856 277504320
52 296401664 409352960
55 258759488 221043520
21 390598976 409342272
55 221117312 221051776
54 220975808 258691776
2 277580608 296323904
16 409420096 220905792
57 371777920 277504384
52 296401728 409353024
55 258759552 221043584
21 390599040 409342336
55 221117376 221051840
54 220975872 258691840
2 277580672 296323968
16 409420160 220905856
57 371777984 277504448
52 296401792 409353088
55 258759616 221043648
21 390599104 409342400
55 221117440 221051904
54 220975936 258691904
2 277580736 296324032
16 409420224 220905920
57 371778048 277504512
52 296401856 296336320
55 258759680 221043712
21 390599168 409342464
55 221117504 221051968
54 220976000 258691968
2 277580800 296324096
16 409420288 220905984
57 371778112 277504576
52 296401920 296336384
55 258759744 221043776
21 390599232 409342528
55 221117568 221052032
54 220976064 258692032
2 277580864 296324160
16 409420352 220906048
57 371778176 277504640
52 296401984 296336448
55 258759808 221043840
21 390599296 409342592
55 221117632 221052096
54 220976128 258692096
2 277580928 296324224
16 409420416 220906112
57 371778240 277504704
52 296402048 296336512
55 258759872 221043904
21 390599360 409342656
55 221117696 221052160
54 220976192 258692160
2 277580992 296324288
16 409420480 220906176
57 371778304 277504768
52 296402112 296336576
55 258759936 221043968
21 390599424 409342720
55 221117760 221052224
54 220976256 258692224
2 277581056 296324352
16 409420544 220906240
57 371778368 277504832
52 296402176 296336640
55 258760000 221044032
21 390599488 409342784
55 221117824 221052288
54 220976320 258692288
2 277581120 296324416
16 409420608 220906304
57 371778432 277504896
52 296402240 296336704
55 258760064 221044096
21 390599552 409342848
55 221117888 221052352
54 220976384 258692352
2 277581184 296324480
16 409420672 220906368
57 371778496 277504960
52 296402304 296336768
55 258760128 221044160
21 390599616 409342912
55 221117952 221052416
54 220976448 258692416
2 277581248 296324544
16 409420736 220906432
57 371778560 277505024
52 296402368 296336832
55 258760192 221044224
21 390599680 409342976
55 221118016 221052480
54 220976512 258692480
2 277581312 296324608
16 409420800 220906496
57 371778624 277505088
52 296402432 296336896
55 258760256 221044288
21 390599744 409343040
55 221118080 221052544
54 220976576 258692544
2 277581376 296324672
16 409420864 220906560
57 371778688 277505152
52 296402496 296336960
55 258760320 221044352
21 390599808 409343104
55 221118144 221052608
54 220976640 258692608
2 277581440 296324736
16 409420928 220906624
57 371778752 277505216
52 296402560 296337024
55 258760384 221044416
21 390599872 409343168
55 221118208 221052672
54 220976704 258692672
2 277581504 296324800
16 409420992 220906688
57 371778816 221046016
52 296402624 296337088
55 258760448 221044480
21 390599936 409343232
55 221118272 221052736
59 258760512 221044544
10 371778880 221046080
1 220976768 258692736
2 277581568 296324864
5 390600000 409343296
1 296402688 296337152
8 409421056 220906752
44 221118336 221052800
54 220976832 371709632
2 277581632 296324928
16 409421120 220906816
57 371778944 221046144
52 296402752 296337216
55 258760576 221044608
21 390600064 296326528
55 221118400 221052864
54 220976896 371709696
2 277581696 296324992
16 409421184 220906880
57 371779008 221046208
52 296402816 296337280
55 258760640 221044672
21 390600128 296326592
55 221118464 221052928
54 220976960 371709760
2 277581760 296325056
16 409421248 220906944
57 371779072 221046272
52 296402880 296337344
55 258760704 221044736
21 390600192 296326656
55 221118528 221052992
54 220977024 371709824
2 277581824 296325120
16 409421312 220907008
57 371779136 221046336
52 296402944 296337408
55 258760768 221044800
21 390600256 296326720
55 221118592 221053056
54 220977088 371709888
2 277581888 296325184
16 409421376 220907072
57 371779200 221046400
52 296403008 296337472
55 258760832 221044864
21 390600320 296326784
55 221118656 277512384
54 220977152 371709952
2 277581952 296325248
16 409421440 220907136
57 371779264 221046464
52 296403072 296337536
55 258760896 221044928
21 390600384 296326848
55 221118720 277512448
54 220977216 371710016
2 277582016 296325312
16 409421504 220907200
57 371779328 221046528
52 296403136 296337600
55 258760960 221044992
21 390600448 296326912
55 221118784 277512512
54 220977280 371710080
2 277582080 296325376
16 409421568 220907264
57 371779392 221046592
52 296403200 409354496
55 258761024 221045056
21 390600512 296326976
55 221118848 277512576
54 220977344 371710144
2 277582144 296325440
16 409421632 220907328
57 371779456 221046656
52 296403264 409354560
55 258761088 221045120
21 390600576 296327040
55 221118912 277512640
54 220977408 371710208
2 277582208 296325504
16 409421696 220907392
57 371779520 221046720
52 296403328 409354624
55 258761152 221045184
21 390600640 296327104
55 221118976 277512704
54 220977472 371710272
2 277582272 296325568
16 409421760 220907456
57 371779584 221046784
52 296403392 409354688
55 258761216 221045248
21 390600704 296327168
55 221119040 277512768
54 220977536 371710336
2 277582336 296325632
16 409421824 220907520
57 371779648 221046848
52 296403456 409354752
55 258761280 221045312
21 390600768 296327232
55 221119104 277512832
54 220977600 371710400
2 277582400 296325696
16 409421888 220907584
57 371779712 221046912
52 296403520 409354816
55 258761344 221045376
21 390600832 296327296
55 221119168 277512896
54 220977664 371710464
2 277582464 296325760
16 409421952 220907648
57 371779776 221046976
52 296403584 409354880
55 258761408 221045440
21 390600896 296327360
55 221119232 277512960
54 220977728 371710528
2 277582528 296325824
16 409422016 220907712
57 371779840 221047040
52 296403648 409354944
55 258761472 221045504
21 390600960 296327424
55 221119296 277513024
54 220977792 371710592
2 277582592 296325888
16 409422080 220907776
57 371779904 221047104
52 296403712 409355008
71 221119360 277513088
1 258761536 221045568
10 371779968 221047168
1 220977856 371710656
2 277582656 296325952
5 390601024 296327488
10 409422144 220907840
30 296403776 409355072
55 258761600 221045632
21 390601088 296327552
55 221119424 277513152
54 220977920 371710720
2 277582720 296326016
16 409422208 220907904
57 371780032 221047232
52 296403840 409355136
55 258761664 221045696
21 390601152 296327616
55 221119488 277513216
54 220977984 371710784
2 277582784 296326080
16 409422272 220907968
57 371780096 221047296
52 296403904 409355200
55 258761728 221045760
21 390601216 296327680
55 221119552 277513280
54 220978048 371710848
2 277582848 296326144
16 409422336 220908032
57 371780160 221047360
52 296403968 409355264
55 258761792 221045824
21 390601280 296327744
55 221119616 277513344
54 220978112 371710912
2 277582912 296326208
16 409422400 220908096
57 371780224 221047424
52 296404032 409355328
55 258761856 221045888
21 390601344 296327808
55 221119680 277513408
54 220978176 371710976
2 277582976 296326272
16 409422464 220908160
57 371780288 221047488
52 296404096 409355392
55 258761920 221045952
21 390601408 296327872
55 221119744 277513472
54 220978240 371711040
2 277583040 296326336
16 409422528 220908224
57 371780352 221047552
52 296404160 409355456
55 258761984 371713280
21 390601472 296327936
55 221119808 277513536
54 220978304 371711104
2 277583104 296326400
16 409422592 220908288
57 371780416 221047616
52 296404224 409355520
55 258762048 371713344
21 390601536 296328000
55 221119872 277513600
54 220978368 371711168
2 277583168 296326464
16 409422656 220908352
57 371780480 371714944
52 296404288 409355584
55 258762112 371713408
21 390601600 390536064
55 221119936 277513664
54 220978432 371711232
2 277583232 390534528
16 409422720 220908416
57 371780544 371715008
52 296404352 409355648
55 258762176 371713472
21 390601664 390536128
55 221120000 277513728
54 220978496 371711296
2 277583296 390534592
16 409422784 220908480
57 371780608 371715072
52 296404416 409355712
55 258762240 371713536
21 390601728 390536192
55 221120064 277513792
54 220978560 371711360
2 277583360 390534656
16 409422848 220908544
57 371780672 371715136
52 296404480 409355776
55 258762304 371713600
21 390601792 390536256
55 221120128 277513856
54 220978624 371711424
2 277583424 390534720
16 409422912 220908608
57 371780736 371715200
52 296404544 409355840
55 258762368 371713664
21 390601856 390536320
55 221120192 390530752
54 220978688 371711488
2 277583488 390534784
16 409422976 220908672
57 371780800 371715264
52 296404608 409355904
55 258762432 371713728
21 390601920 390536384
55 221120256 390530816
54 220978752 371711552
2 277583552 390534848
16 409423040 220908736
57 371780864 371715328
52 296404672 409355968
55 258762496 371713792
21 390601984 390536448
55 221120320 390530880
54 220978816 371711616
2 277583616 390534912
16 409423104 220908800
57 371780928 371715392
52 296404736 409356032
55 258762560 371713856
21 390602048 390536512
55 221120384 390530944
54 220978880 371711680
2 277583680 390534976
16 409423168 220908864
53 369471936 409350592
8 221120448 390531008
1 258762624 371713920
10 371780992 371715456
10 390602112 390536576
1 296404800 409356096
28 220978944 371711744
2 277583744 390535040
16 409423232 220908928
57 371781056 371715520
52 296404864 409356160
55 258762688 371713984
21 390602176 390536640
55 221120512 390531072
54 220979008 371711808
2 277583808 390535104
16 409423296 220908992
57 371781120 371715584
52 296404928 409356224
55 258762752 371714048
21 390602240 390536704
55 221120576 390531136
54 220979072 371711872
2 277583872 390535168
16 409423360 220909056
57 371781184 371715648
52 296404992 409356288
55 258762816 371714112
21 390602304 390536768
55 221120640 390531200
54 220979136 371711936
2 277583936 390535232
16 409423424 220909120
57 371781248 371715712
52 296405056 409356352
55 258762880 371714176
21 390602368 390536832
55 221120704 390531264
54 220979200 371712000
2 277584000 390535296
16 409423488 220909184
57 371781312 371715776
52 296405120 409356416
55 258762944 371714240
21 390602432 390536896
55 221120768 390531328
54 220979264 371712064
2 277584064 390535360
16 409423552 220909248
57 371781376 371715840
52 296405184 409356480
55 258763008 371714304
21 390602496 390536960
55 221120832 390531392
54 220979328 371712128
2 277584128 390535424
16 409423616 220909312
57 371781440 371715904
52 296405248 409356544
55 258763072 371714368
21 390602560 390537024
55 221120896 390531456
54 220979392 371712192
2 277584192 390535488
16 409423680 220909376
57 371781504 371715968
52 296405312 409356608
55 258763136 371714432
21 390602624 390537088
55 221120960 390531520
54 220979456 371712256
2 277584256 390535552
16 409423744 220909440
57 371781568 371716032
52 296405376 409356672
55 258763200 371714496
21 390602688 390537152
55 221121024 390531584
54 220979520 371712320
2 277584320 390535616
16 409423808 220909504
57 371781632 371716096
52 296405440 409356736
55 258763264 371714560
21 390602752 390537216
55 221121088 390531648
54 220979584 371712384
2 277584384 390535680
16 409423872 220909568
57 371781696 371716160
52 296405504 409356800
55 258763328 371714624
21 390602816 390537280
55 221121152 390531712
54 220979648 371712448
2 277584448 390535744
16 409423936 220909632
57 371781760 371716224
52 296405568 409356864
55 258763392 371714688
21 390602880 390537344
55 221121216 390531776
54 220979712 371712512
2 277584512 390535808
16 409424000 220909696
57 371781824 371716288
52 296405632 409356928
55 258763456 371714752
21 390602944 409346240
55 221121280 390531840
54 220979776 371712576
2 277584576 390535872
16 409424064 258691264
57 371781888 371716352
52 296405696 409356992
55 258763520 371714816
21 390603008 409346304
55 221121344 390531904
54 220979840 371712640
2 277584640 390535936
16 409424128 258691328
57 371781952 371716416
52 296405760 409357056
55 258763584 371714880
21 390603072 409346368
55 221121408 390531968
54 220979904 371712704
2 277584704 390536000
16 409424192 258691392
57 371782016 371716480
52 296405824 409357120
55 258763648 258698112
21 390603136 409346432
73 221121472 390532032
12 371782080 371716544
1 220979968 371712768
2 277584768 277519232
7 296405888 409357184
8 409424256 220909952
6 258763712 258698176
21 390603200 409346496
55 221121536 390532096
54 220980032 371712832
2 277584832 277519296
16 409424320 220910016
57 371782144 371716608
52 296405952 409357248
55 258763776 258698240
21 390603264 409346560
55 221121600 390532160
54 220980096 371712896
2 277584896 277519360
16 409424384 220910080
57 371782208 371716672
52 296406016 409357312
55 258763840 258698304
21 390603328 409346624
55 221121664 390532224
54 220980160 371712960
2 277584960 277519424
16 409424448 220910144
57 371782272 371716736
52 296406080 409357376
55 258763904 258698368
21 390603392 409346688
55 221121728 390532288
54 220980224 371713024
2 277585024 277519488
16 409424512 220910208
57 371782336 371716800
52 296406144 409357440
55 258763968 258698432
21 390603456 409346752
55 221121792 390532352
54 220980288 371713088
2 277585088 277519552
16 409424576 220910272
57 371782400 371716864
52 296406208 409357504
55 258764032 258698496
21 390603520 409346816
55 221121856 390532416
54 220980352 371713152
2 277585152 277519616
16 409424640 220910336
57 371782464 371716928
52 296406272 409357568
55 258764096 258698560
21 390603584 409346880
55 221121920 390532480
54 220980416 371713216
2 277585216 277519680
16 409424704 220910400
57 371782528 371716992
52 296406336 409357632
55 258764160 258698624
21 390603648 409346944
55 221121984 390532544
54 220980480 258696448
2 277585280 277519744
16 409424768 220910464
57 371782592 371717056
52 296406400 409357696
55 258764224 258698688
21 390603712 409347008
55 221122048 390532608
54 220980544 258696512
2 277585344 277519808
16 409424832 220910528
57 371782656 371717120
52 296406464 409357760
55 258764288 258698752
21 390603776 409347072
55 221122112 390532672
54 220980608 258696576
2 277585408 277519872
16 409424896 220910592
57 371782720 371717184
52 296406528 409357824
55 258764352 258698816
21 390603840 409347136
55 221122176 390532736
54 220980672 258696640
2 277585472 277519936
16 409424960 220910656
57 371782784 371717248
52 296406592 409357888
55 258764416 258698880
21 390603904 409347200
55 221122240 390532800
54 220980736 258696704
2 277585536 277520000
16 409425024 220910720
57 371782848 371717312
52 296406656 409357952
55 258764480 258698944
21 390603968 409347264
55 221122304 390532864
54 220980800 258696768
2 277585600 277520064
16 409425088 220910784
57 371782912 371717376
52 296406720 409358016
55 258764544 258699008
21 390604032 409347328
55 221122368 390532928
54 220980864 258696832
2 277585664 277520128
16 409425152 220910848
57 371782976 371717440
52 296406784 409358080
55 258764608 258699072
21 390604096 409347392
55 221122432 390532992
54 220980928 258696896
2 277585728 277520192
16 409425216 220910912
57 371783040 371717504
52 296406848 409358144
55 258764672 258699136
21 390604160 409347456
55 221122496 390533056
54 220980992 258696960
2 277585792 277520256
16 409425280 220910976
57 371783104 371717568
52 296406912 409358208
31 221122560 390533120
1 258764736 258699200
12 220981056 258697024
2 277585856 277520320
5 390604224 409347520
10 409425344 220911040
17 371783168 371717632
52 296406976 409358272
55 258764800 258699264
21 390604288 409347584
55 221122624 390533184
54 220981120 258697088
2 277585920 277520384
16 409425408 220911104
57 371783232 371717696
52 296407040 409358336
55 258764864 258699328
21 390604352 409347648
55 221122688 390533248
54 220981184 258697152
2 277585984 277520448
16 409425472 220911168
57 371783296 371717760
52 296407104 409358400
55 258764928 258699392
21 390604416 409347712
55 221122752 390533312
54 220981248 258697216
2 277586048 277520512
16 409425536 220911232
57 371783360 371717824
52 296407168 409358464
55 258764992 258699456
21 390604480 409347776
55 221122816 390533376
54 220981312 258697280
2 277586112 296329408
16 409425600 258692800
57 371783424 371717888
52 296407232 220909760
55 258765056 258699520
21 390604544 220899072
55 221122880 390533440
54 220981376 258697344
2 277586176 296329472
16 409425664 258692864
57 371783488 371717952
52 296407296 220909824
55 258765120 258699584
21 390604608 220899136
55 221122944 390533504
54 220981440 258697408
2 277586240 296329536
16 409425728 258692928
57 371783552 371718016
52 296407360 220909888
55 258765184 258699648
21 390604672 220899200
55 221123008 390533568
54 220981504 258697472
2 277586304 296329600
16 409425792 258692992
57 371783616 371718080
52 296407424 409358720
55 258765248 258699712
21 390604736 220899264
55 221123072 390533632
54 220981568 258697536
2 277586368 296329664
16 409425856 258693056
57 371783680 371718144
52 296407488 409358784
55 258765312 258699776
21 390604800 220899328
55 221123136 390533696
54 220981632 258697600
2 277586432 296329728
16 409425920 258693120
57 371783744 371718208
52 296407552 409358848
55 258765376 258699840
21 390604864 220899392
55 221123200 390533760
54 220981696 258697664
2 277586496 296329792
16 409425984 258693184
57 371783808 371718272
52 296407616 409358912
55 258765440 258699904
21 390604928 220899456
55 221123264 390533824
54 220981760 258697728
2 277586560 296329856
16 409426048 258693248
57 371783872 371718336
52 296407680 409358976
55 258765504 258699968
21 390604992 220899520
55 221123328 390533888
54 220981824 258697792
2 277586624 296329920
16 409426112 258693312
57 371783936 371718400
52 296407744 409359040
55 258765568 258700032
21 390605056 220899584
55 221123392 390533952
54 220981888 258697856
2 277586688 296329984
16 409426176 258693376
57 371784000 371718464
52 296407808 409359104
55 258765632 258700096
21 390605120 220899648
55 221123456 390534016
54 220981952 258697920
2 277586752 296330048
16 409426240 258693440
57 371784064 371718528
52 296407872 409359168
55 258765696 258700160
21 390605184 220899712
55 221123520 390534080
54 220982016 258697984
2 277586816 296330112
16 409426304 258693504
57 371784128 371718592
52 296407936 409359232
55 258765760 258700224
21 390605248 220899776
55 221123584 390534144
54 220982080 258698048
2 277586880 296330176
16 409426368 258693568
24 258765824 258700288
10 371784192 371718656
10 390605312 220899840
1 296408000 409359296
13 221123648 390534208
54 220982144 220916608
2 277586944 296330240
16 409426432 258693632
57 371784256 371718720
52 296408064 409359360
55 258765888 258700352
21 390605376 220899904
55 221123712 390534272
54 220982208 220916672
2 277587008 296330304
16 409426496 258693696
57 371784320 371718784
52 296408128 409359424
55 258765952 258700416
21 390605440 220899968
55 221123776 390534336
54 220982272 220916736
2 277587072 296330368
16 409426560 258693760
57 371784384 371718848
52 296408192 409359488
55 258766016 258700480
21 390605504 220900032
55 221123840 390534400
54 220982336 220916800
2 277587136 296330432
16 409426624 258693824
57 371784448 371718912
52 296408256 409359552
55 258766080 258700544
21 390605568 220900096
55 221123904 390534464
54 220982400 220916864
2 277587200 296330496
16 409426688 258693888
57 371784512 371718976
52 296408320 409359616
55 258766144 258700608
21 390605632 220900160
55 221123968 277517696
54 220982464 220916928
2 277587264 296330560
16 409426752 258693952
57 371784576 371719040
52 296408384 409359680
55 258766208 258700672
21 390605696 220900224
55 221124032 277517760
54 220982528 220916992
2 277587328 296330624
16 409426816 258694016
57 371784640 371719104
52 296408448 409359744
55 258766272 258700736
21 390605760 220900288
55 221124096 277517824
54 220982592 220917056
2 277587392 296330688
16 409426880 258694080
57 371784704 371719168
52 296408512 409359808
55 258766336 258700800
21 390605824 220900352
55 221124160 277517888
54 220982656 220917120
2 277587456 296330752
16 409426944 258694144
57 371784768 371719232
52 296408576 409359872
55 258766400 258700864
21 390605888 220900416
55 221124224 277517952
54 220982720 220917184
2 277587520 296330816
16 409427008 258694208
57 371784832 371719296
52 296408640 409359936
55 258766464 258700928
21 390605952 220900480
55 221124288 277518016
54 220982784 220917248
2 277587584 296330880
16 409427072 258694272
57 371784896 371719360
52 296408704 409360000
55 258766528 258700992
21 390606016 220900544
55 221124352 277518080
54 220982848 220917312
2 277587648 296330944
16 409427136 258694336
57 371784960 371719424
52 296408768 220911296
55 258766592 258701056
21 390606080 409349376
55 221124416 277518144
54 220982912 220917376
2 277587712 409347840
16 409427200 258694400
57 371785024 371719488
52 296408832 220911360
55 258766656 258701120
21 390606144 409349440
55 221124480 277518208
54 220982976 220917440
2 277587776 409347904
16 409427264 258694464
57 371785088 371719552
52 296408896 220911424
55 258766720 258701184
21 390606208 409349504
55 221124544 277518272
54 220983040 220917504
2 277587840 409347968
16 409427328 258694528
57 371785152 371719616
52 296408960 220911488
55 258766784 258701248
21 390606272 409349568
55 221124608 277518336
54 220983104 220917568
2 277587904 409348032
16 409427392 258694592
57 371785216 371719680
52 296409024 220911552
55 258766848 258701312
21 390606336 409349632
33 221124672 277518400
12 371785280 371719744
1 220983168 220917632
2 277587968 409348096
7 296409088 220911616
8 409427456 258694656
46 258766912 258701376
21 390606400 409349696
55 221124736 277518464
54 220983232 220917696
2 277588032 409348160
16 409427520 258694720
57 371785344 371719808
52 296409152 220911680
55 258766976 258701440
21 390606464 409349760
55 221124800 277518528
54 220983296 220917760
2 277588096 409348224
16 409427584 258694784
57 371785408 371719872
52 296409216 220911744
55 258767040 258701504
21 390606528 409349824
55 221124864 277518592
54 220983360 220917824
2 277588160 409348288
16 409427648 258694848
57 371785472 371719936
52 296409280 220911808
55 258767104 258701568
21 390606592 409349888
55 221124928 277518656
54 220983424 220917888
2 277588224 409348352
16 409427712 258694912
57 371785536 371720000
52 296409344 220911872
55 258767168 258701632
21 390606656 409349952
55 221124992 277518720
54 220983488 220917952
2 277588288 409348416
16 409427776 258694976
57 371785600 371720064
52 296409408 220911936
55 258767232 258701696
21 390606720 409350016
55 221125056 277518784
54 220983552 220918016
2 277588352 409348480
16 409427840 258695040
57 371785664 371720128
52 296409472 220912000
55 258767296 258701760
21 390606784 409350080
55 221125120 277518848
54 220983616 220918080
2 277588416 409348544
16 409427904 258695104
57 371785728 371720192
52 296409536 220912064
55 258767360 258701824
21 390606848 409350144
55 221125184 277518912
54 220983680 220918144
2 277588480 409348608
16 409427968 258695168
57 371785792 371720256
52 296409600 220912128
55 258767424 258701888
21 390606912 409350208
55 221125248 277518976
54 220983744 220918208
2 277588544 409348672
16 409428032 258695232
57 371785856 371720320
52 296409664 220912192
55 258767488 258701952
21 390606976 409350272
55 221125312 277519040
54 220983808 220918272
2 277588608 409348736
16 409428096 258695296
57 371785920 221053120
52 296409728 220912256
55 258767552 258702016
21 390607040 409350336
55 221125376 277519104
54 220983872 220918336
2 277588672 409348800
16 409428160 258695360
57 371785984 221053184
52 296409792 220912320
55 258767616 258702080
21 390607104 409350400
55 221125440 277519168
54 220983936 220918400
2 277588736 409348864
16 409428224 258695424
57 371786048 221053248
52 296409856 220912384
55 258767680 258702144
21 390607168 296333632
55 221125504 221059968
54 220984000 220918464
2 277588800 409348928
16 409428288 258695488
57 371786112 221053312
52 296409920 220912448
55 258767744 258702208
21 390607232 296333696
55 221125568 221060032
54 220984064 220918528
2 277588864 409348992
16 409428352 258695552
57 371786176 221053376
52 296409984 220912512
55 258767808 258702272
21 390607296 296333760
55 221125632 221060096
54 220984128 220918592
2 277588928 409349056
16 409428416 258695616
57 371786240 221053440
52 296410048 220912576
55 258767872 258702336
21 390607360 409350656
55 221125696 221060160
54 220984192 220918656
2 277588992 409349120
16 409428480 258695680
57 371786304 221053504
44 221125760 221060224
1 258767936 258702400
12 220984256 220918720
2 277589056 409349184
5 390607424 409350720
1 296410112 220912640
8 409428544 258695744
57 371786368 221053568
52 296410176 220912704
55 258768000 258702464
21 390607488 409350784
55 221125824 221060288
54 220984320 220918784
2 277589120 409349248
16 409428608 258695808
57 371786432 221053632
52 296410240 220912768
55 258768064 258702528
21 390607552 409350848
55 221125888 221060352
54 220984384 220918848
2 277589184 409349312
16 409428672 258695872
57 371786496 221053696
52 296410304 220912832
55 258768128 258702592
21 390607616 409350912
55 221125952 221060416
54 220984448 220918912
2 277589248 296332544
16 409428736 258695936
57 371786560 221053760
52 296410368 220912896
55 258768192 258702656
21 390607680 409350976
55 221126016 221060480
54 220984512 220918976
2 277589312 296332608
16 409428800 258696000
57 371786624 221053824
52 296410432 220912960
55 258768256 258702720
21 390607744 409351040
55 221126080 221060544
54 220984576 220919040
2 277589376 296332672
16 409428864 258696064
57 371786688 221053888
52 296410496 220913024
55 258768320 258702784
21 390607808 296334272
55 221126144 221060608
54 220984640 220919104
2 277589440 296332736
16 409428928 258696128
57 371786752 221053952
52 296410560 220913088
55 258768384 258702848
21 390607872 296334336
55 221126208 221060672
54 220984704 220919168
2 277589504 296332800
16 409428992 258696192
57 371786816 221054016
52 296410624 220913152
55 258768448 258702912
21 390607936 296334400
55 221126272 221060736
54 220984768 220919232
2 277589568 296332864
16 409429056 258696256
57 371786880 221054080
52 296410688 220913216
55 258768512 258702976
21 390608000 296334464
55 221126336 221060800
54 220984832 220919296
2 277589632 296332928
16 409429120 258696320
57 371786944 221054144
52 296410752 220913280
55 258768576 258703040
21 390608064 296334528
55 221126400 221060864
54 220984896 220919360
2 277589696 296332992
16 409429184 258696384
57 371787008 221054208
52 296410816 220913344
55 258768640 258703104
21 390608128 296334592
55 221126464 221060928
54 220984960 220919424
2 277589760 296333056
16 409429248 220914944
57 371787072 221054272
52 296410880 220913408
55 258768704 258703168
21 390608192 296334656
55 221126528 221060992
54 220985024 220919488
2 277589824 296333120
16 409429312 220915008
57 371787136 221054336
52 296410944 220913472
55 258768768 258703232
21 390608256 296334720
55 221126592 221061056
54 220985088 220919552
2 277589888 296333184
16 409429376 220915072
57 371787200 221054400
52 296411008 220913536
55 258768832 258703296
21 390608320 296334784
55 221126656 221061120
54 220985152 220919616
2 277589952 296333248
16 409429440 220915136
57 371787264 221054464
52 296411072 220913600
55 258768896 258703360
21 390608384 296334848
55 221126720 221061184
54 220985216 220919680
2 277590016 296333312
16 409429504 220915200
57 371787328 221054528
52 296411136 220913664
55 258768960 258703424
21 390608448 296334912
55 221126784 221061248
59 258769024 258703488
10 371787392 221054592
1 220985280 220919744
2 277590080 296333376
5 390608512 296334976
1 296411200 220913728
8 409429568 220915264
44 221126848 390537408
54 220985344 220919808
2 277590144 296333440
16 409429632 220915328
57 371787456 277513920
52 296411264 220913792
55 258769088 371720384
21 390608576 296335040
55 221126912 390537472
54 220985408 220919872
2 277590208 296333504
16 409429696 220915392
57 371787520 277513984
52 296411328 220913856
55 258769152 371720448
21 390608640 296335104
55 221126976 390537536
54 220985472 220919936
2 277590272 296333568
16 409429760 220915456
57 371787584 277514048
52 296411392 220913920
55 258769216 371720512
21 390608704 296335168
55 221127040 390537600
54 220985536 220920000
2 277590336 390541632
16 409429824 220915520
57 371787648 277514112
52 296411456 220913984
55 258769280 371720576
21 390608768 296335232
55 221127104 390537664
54 220985600 220920064
2 277590400 390541696
16 409429888 220915584
57 371787712 277514176
52 296411520 220914048
55 258769344 371720640
21 390608832 296335296
55 221127168 390537728
54 220985664 220920128
2 277590464 390541760
16 409429952 220915648
57 371787776 277514240
52 296411584 220914112
55 258769408 371720704
21 390608896 296335360
55 221127232 390537792
54 220985728 220920192
2 277590528 296333824
16 409430016 220915712
57 371787840 277514304
52 296411648 220914176
55 258769472 371720768
21 390608960 296335424
55 221127296 390537856
54 220985792 220920256
2 277590592 296333888
16 409430080 220915776
57 371787904 277514368
52 296411712 220914240
55 258769536 371720832
21 390609024 296335488
55 221127360 390537920
54 220985856 220920320
2 277590656 296333952
16 409430144 220915840
57 371787968 277514432
52 296411776 220914304
55 258769600 371720896
21 390609088 296335552
55 221127424 390537984
54 220985920 220920384
2 277590720 296334016
16 409430208 220915904
57 371788032 277514496
52 296411840 220914368
55 258769664 371720960
21 390609152 296335616
55 221127488 390538048
54 220985984 220920448
2 277590784 296334080
16 409430272 220915968
57 371788096 277514560
52 296411904 220914432
55 258769728 371721024
21 390609216 296335680
55 221127552 390538112
54 220986048 220920512
2 277590848 296334144
16 409430336 220916032
57 371788160 277514624
52 296411968 220914496
55 258769792 371721088
21 390609280 296335744
55 221127616 390538176
54 220986112 220920576
2 277590912 296334208
16 409430400 220916096
57 371788224 277514688
52 296412032 220914560
55 258769856 371721152
21 390609344 296335808
55 221127680 390538240
54 220986176 220920640
2 277590976 369472448
16 409430464 220916160
57 371788288 277514752
52 296412096 220914624
55 258769920 371721216
21 390609408 296335872
55 221127744 390538304
54 220986240 220920704
2 277591040 390542336
16 409430528 220916224
57 371788352 277514816
52 296412160 220914688
55 258769984 371721280
21 390609472 296335936
55 221127808 390538368
54 220986304 220920768
2 277591104 390542400
16 409430592 220916288
57 371788416 277514880
52 296412224 220914752
71 221127872 390538432
1 258770048 371721344
10 371788480 277514944
1 220986368 220920832
2 277591168 390542464
5 390609536 296336000
10 409430656 220916352
30 296412288 220914816
55 258770112 371721408
21 390609600 296336064
55 221127936 390538496
54 220986432 220920896
2 277591232 390542528
16 409430720 220916416
57 371788544 277515008
52 296412352 220914880
55 258770176 371721472
21 390609664 296336128
55 221128000 390538560
54 220986496 220920960
2 277591296 390542592
16 409430784 220916480
57 371788608 277515072
52 296412416 409363712
55 258770240 371721536
21 390609728 296336192
55 221128064 390538624
54 220986560 220921024
2 277591360 390542656
16 409430848 220916544
57 371788672 277515136
52 296412480 409363776
55 258770304 371721600
21 390609792 296336256
55 221128128 390538688
54 220986624 220921088
2 277591424 390542720
16 409430912 409365376
57 371788736 277515200
52 296412544 409363840
55 258770368 371721664
21 390609856 390544320
55 221128192 390538752
54 220986688 220921152
2 277591488 390542784
16 409430976 409365440
57 371788800 277515264
52 296412608 409363904
55 258770432 371721728
21 390609920 390544384
55 221128256 390538816
54 220986752 220921216
2 277591552 390542848
16 409431040 409365504
57 371788864 277515328
52 296412672 409363968
55 258770496 371721792
21 390609984 390544448
55 221128320 390538880
54 220986816 220921280
2 277591616 390542912
16 409431104 409365568
57 371788928 277515392
52 296412736 409364032
55 258770560 371721856
21 390610048 390544512
55 221128384 390538944
54 220986880 220921344
2 277591680 390542976
16 409431168 409365632
57 371788992 277515456
52 296412800 409364096
55 258770624 221054656
21 390610112 390544576
55 221128448 296331008
54 220986944 220921408
2 277591744 390543040
16 409431232 409365696
57 371789056 277515520
52 296412864 409364160
55 258770688 221054720
21 390610176 390544640
55 221128512 296331072
54 220987008 220921472
2 277591808 390543104
16 409431296 409365760
57 371789120 277515584
52 296412928 409364224
55 258770752 221054784
21 390610240 390544704
55 221128576 296331136
54 220987072 220921536
2 277591872 390543168
16 409431360 409365824
57 371789184 277515648
52 296412992 409364288
55 258770816 221054848
21 390610304 390544768
55 221128640 296331200
54 220987136 220921600
2 277591936 390543232
16 409431424 409365888
57 371789248 277515712
52 296413056 409364352
55 258770880 221054912
21 390610368 390544832
55 221128704 296331264
54 220987200 220921664
2 277592000 390543296
16 409431488 409365952
57 371789312 277515776
52 296413120 409364416
55 258770944 221054976
21 390610432 390544896
55 221128768 296331328
54 220987264 220921728
2 277592064 390543360
16 409431552 409366016
57 371789376 277515840
52 296413184 409364480
55 258771008 221055040
21 390610496 390544960
55 221128832 296331392
54 220987328 220921792
2 277592128 390543424
16 409431616 409366080
57 371789440 277515904
52 296413248 409364544
55 258771072 221055104
21 390610560 390545024
55 221128896 296331456
54 220987392 220921856
2 277592192 390543488
16 409431680 409366144
53 369472000 390541824
8 221128960 296331520
1 258771136 221055168
10 371789504 277515968
10 390610624 390545088
1 296413312 409364608
28 220987456 220921920
2 277592256 390543552
16 409431744 409366208
57 371789568 277516032
52 296413376 409364672
55 258771200 221055232
21 390610688 390545152
55 221129024 296331584
54 220987520 220921984
2 277592320 390543616
16 409431808 409366272
57 371789632 277516096
52 296413440 409364736
55 258771264 221055296
21 390610752 390545216
55 221129088 296331648
54 220987584 258703552
2 277592384 390543680
16 409431872 409366336
57 371789696 277516160
52 296413504 409364800
55 258771328 221055360
21 390610816 390545280
55 221129152 296331712
54 220987648 258703616
2 277592448 390543744
16 409431936 409366400
57 371789760 277516224
52 296413568 409364864
55 258771392 221055424
21 390610880 390545344
55 221129216 296331776
54 220987712 258703680
2 277592512 390543808
16 409432000 409366464
57 371789824 277516288
52 296413632 409364928
55 258771456 221055488
21 390610944 390545408
55 221129280 296331840
54 220987776 258703744
2 277592576 390543872
16 409432064 409366528
57 371789888 277516352
52 296413696 409364992
55 258771520 221055552
21 390611008 390545472
55 221129344 296331904
54 220987840 258703808
2 277592640 390543936
16 409432128 409366592
57 371789952 277516416
52 296413760 409365056
55 258771584 221055616
21 390611072 390545536
55 221129408 296331968
54 220987904 258703872
2 277592704 390544000
16 409432192 409366656
57 371790016 277516480
52 296413824 409365120
55 258771648 221055680
21 390611136 390545600
55 221129472 296332032
54 220987968 258703936
2 277592768 390544064
16 409432256 409366720
57 371790080 277516544
52 296413888 409365184
55 258771712 221055744
21 390611200 296337664
55 221129536 296332096
54 220988032 258704000
2 277592832 390544128
16 409432320 409366784
57 371790144 277516608
52 296413952 409365248
55 258771776 221055808
21 390611264 296337728
55 221129600 296332160
54 220988096 258704064
2 277592896 390544192
16 409432384 409366848
57 371790208 277516672
52 296414016 409365312
55 258771840 221055872
21 390611328 296337792
55 221129664 296332224
54 220988160 258704128
2 277592960 390544256
16 409432448 409366912
57 371790272 277516736
52 296414080 296348544
55 258771904 221055936
21 390611392 296337856
55 221129728 296332288
54 220988224 258704192
2 277593024 277527488
16 409432512 409366976
57 371790336 277516800
52 296414144 296348608
55 258771968 221056000
21 390611456 296337920
55 221129792 296332352
54 220988288 258704256
2 277593088 277527552
16 409432576 409367040
57 371790400 277516864
52 296414208 296348672
55 258772032 221056064
21 390611520 296337984
55 221129856 296332416
54 220988352 258704320
2 277593152 277527616
16 409432640 409367104
57 371790464 277516928
52 296414272 296348736
55 258772096 221056128
21 390611584 296338048
55 221129920 296332480
54 220988416 258704384
2 277593216 277527680
16 409432704 409367168
57 371790528 277516992
52 296414336 296348800
55 258772160 221056192
21 390611648 296338112
73 221129984 390540544
12 371790592 277517056
1 220988480 258704448
2 277593280 277527744
7 296414400 296348864
8 409432768 409367232
6 258772224 221056256
21 390611712 296338176
55 221130048 390540608
54 220988544 258704512
2 277593344 277527808
16 409432832 409367296
57 371790656 277517120
52 296414464 296348928
55 258772288 221056320
21 390611776 296338240
55 221130112 390540672
54 220988608 258704576
2 277593408 277527872
16 409432896 409367360
57 371790720 277517184
52 296414528 296348992
55 258772352 221056384
21 390611840 296338304
55 221130176 390540736
54 220988672 258704640
2 277593472 277527936
16 409432960 409367424
57 371790784 277517248
52 296414592 296349056
55 258772416 221056448
21 390611904 296338368
55 221130240 390540800
54 220988736 258704704
2 277593536 277528000
16 409433024 409367488
57 371790848 277517312
52 296414656 296349120
55 258772480 221056512
21 390611968 296338432
55 221130304 390540864
54 220988800 258704768
2 277593600 277528064
16 409433088 409367552
57 371790912 277517376
52 296414720 296349184
55 258772544 221056576
21 390612032 296338496
55 221130368 390540928
54 220988864 258704832
2 277593664 277528128
16 409433152 409367616
57 371790976 277517440
52 296414784 296349248
55 258772608 221056640
21 390612096 296338560
55 221130432 390540992
54 220988928 258704896
2 277593728 277528192
16 409433216 409367680
57 371791040 277517504
52 296414848 296349312
55 258772672 221056704
21 390612160 296338624
55 221130496 390541056
54 220988992 258704960
2 277593792 277528256
16 409433280 409367744
57 371791104 277517568
52 296414912 296349376
55 258772736 221056768
21 390612224 296338688
55 221130560 390541120
54 220989056 258705024
2 277593856 277528320
16 409433344 409367808
57 371791168 277517632
52 296414976 296349440
55 258772800 221056832
21 390612288 296338752
55 221130624 390541184
54 220989120 371721920
2 277593920 277528384
16 409433408 409367872
57 371791232 221058432
52 296415040 296349504
55 258772864 221056896
21 390612352 296338816
55 221130688 390541248
54 220989184 371721984
2 277593984 277528448
16 409433472 409367936
57 371791296 221058496
52 296415104 296349568
55 258772928 221056960
21 390612416 296338880
55 221130752 390541312
54 220989248 371722048
2 277594048 277528512
16 409433536 409368000
57 371791360 221058560
52 296415168 296349632
55 258772992 221057024
21 390612480 296338944
55 221130816 390541376
54 220989312 371722112
2 277594112 277528576
16 409433600 409368064
57 371791424 221058624
52 296415232 296349696
55 258773056 221057088
21 390612544 296339008
55 221130880 390541440
54 220989376 371722176
2 277594176 277528640
16 409433664 409368128
57 371791488 221058688
52 296415296 296349760
55 258773120 221057152
21 390612608 296339072
55 221130944 390541504
54 220989440 371722240
2 277594240 277528704
16 409433728 409368192
57 371791552 221058752
52 296415360 296349824
55 258773184 221057216
21 390612672 296339136
55 221131008 390541568
54 220989504 371722304
2 277594304 277528768
16 409433792 409368256
57 371791616 221058816
52 296415424 296349888
31 221131072 277524800
1 258773248 221057280
12 220989568 371722368
2 277594368 390545664
5 390612736 296339200
10 409433856 409368320
17 371791680 221058880
52 296415488 296349952
55 258773312 221057344
21 390612800 296339264
55 221131136 277524864
54 220989632 371722432
2 277594432 390545728
16 409433920 409368384
57 371791744 221058944
52 296415552 296350016
55 258773376 221057408
21 390612864 296339328
55 221131200 277524928
54 220989696 371722496
2 277594496 390545792
16 409433984 409368448
57 371791808 221059008
52 296415616 296350080
55 258773440 221057472
21 390612928 296339392
55 221131264 277524992
54 220989760 371722560
2 277594560 390545856
16 409434048 409368512
57 371791872 221059072
52 296415680 296350144
55 258773504 221057536
21 390612992 296339456
55 221131328 390541888
54 220989824 371722624
2 277594624 390545920
16 409434112 409368576
57 371791936 221059136
52 296415744 296350208
55 258773568 221057600
21 390613056 296339520
55 221131392 390541952
54 220989888 371722688
2 277594688 390545984
16 409434176 409368640
57 371792000 221059200
52 296415808 296350272
55 258773632 221057664
21 390613120 296339584
55 221131456 390542016
54 220989952 371722752
2 277594752 390546048
16 409434240 409368704
57 371792064 221059264
52 296415872 296350336
55 258773696 221057728
21 390613184 296339648
55 221131520 390542080
54 220990016 371722816
2 277594816 390546112
16 409434304 409368768
57 371792128 221059328
52 296415936 296350400
55 258773760 221057792
21 390613248 296339712
55 221131584 390542144
54 220990080 371722880
2 277594880 390546176
16 409434368 409368832
57 371792192 221059392
52 296416000 296350464
55 258773824 221057856
21 390613312 296339776
55 221131648 390542208
54 220990144 371722944
2 277594944 390546240
16 409434432 409368896
57 371792256 221059456
52 296416064 296350528
55 258773888 221057920
21 390613376 296339840
55 221131712 390542272
54 220990208 371723008
2 277595008 390546304
16 409434496 409368960
57 371792320 221059520
52 296416128 296350592
55 258773952 221057984
21 390613440 296339904
55 221131776 277525504
54 220990272 371723072
2 277595072 390546368
16 409434560 409369024
57 371792384 221059584
52 296416192 296350656
55 258774016 221058048
21 390613504 296339968
55 221131840 277525568
54 220990336 371723136
2 277595136 390546432
16 409434624 409369088
57 371792448 221059648
52 296416256 296350720
55 258774080 221058112
21 390613568 296340032
55 221131904 277525632
54 220990400 371723200
2 277595200 390546496
16 409434688 409369152
57 371792512 221059712
52 296416320 296350784
55 258774144 221058176
21 390613632 296340096
55 221131968 277525696
54 220990464 371723264
2 277595264 390546560
16 409434752 409369216
57 371792576 221059776
52 296416384 296350848
55 258774208 221058240
21 390613696 296340160
55 221132032 277525760
54 220990528 371723328
2 277595328 390546624
16 409434816 409369280
57 371792640 221059840
52 296416448 296350912
55 258774272 221058304
21 390613760 296340224
55 221132096 277525824
54 220990592 371723392
2 277595392 390546688
16 409434880 409369344
24 258774336 221058368
10 371792704 221059904
10 390613824 296340288
1 296416512 296350976
13 221132160 277525888
54 220990656 371723456
2 277595456 390546752
16 409434944 409369408
57 371792768 371727232
52 296416576 296351040
55 258774400 371725696
21 390613888 296340352
55 221132224 277525952
54 220990720 371723520
2 277595520 390546816
16 409435008 409369472
57 371792832 371727296
52 296416640 296351104
55 258774464 371725760
21 390613952 296340416
55 221132288 277526016
54 220990784 371723584
2 277595584 390546880
16 409435072 409369536
57 371792896 371727360
52 296416704 296351168
55 258774528 371725824
21 390614016 296340480
55 221132352 277526080
54 220990848 371723648
2 277595648 390546944
16 409435136 409369600
57 371792960 371727424
52 296416768 296351232
55 258774592 371725888
21 390614080 296340544
55 221132416 277526144
54 220990912 371723712
2 277595712 390547008
16 409435200 409369664
57 371793024 371727488
52 296416832 296351296
55 258774656 371725952
21 390614144 296340608
55 221132480 277526208
54 220990976 371723776
2 277595776 390547072
16 409435264 409369728
57 371793088 371727552
52 296416896 296351360
55 258774720 371726016
21 390614208 296340672
55 221132544 277526272
54 220991040 371723840
2 277595840 390547136
16 409435328 409369792
57 371793152 371727616
52 296416960 296351424
55 258774784 371726080
21 390614272 296340736
55 221132608 277526336
54 220991104 371723904
2 277595904 390547200
16 409435392 409369856
57 371793216 371727680
52 296417024 296351488
55 258774848 371726144
21 390614336 296340800
55 221132672 277526400
54 220991168 371723968
2 277595968 390547264
16 409435456 409369920
57 371793280 371727744
52 296417088 296351552
55 258774912 371726208
21 390614400 296340864
55 221132736 277526464
54 220991232 371724032
2 277596032 390547328
16 409435520 409369984
57 371793344 371727808
52 296417152 296351616
55 258774976 371726272
21 390614464 296340928
55 221132800 277526528
54 220991296 371724096
2 277596096 390547392
16 409435584 409370048
57 371793408 371727872
52 296417216 296351680
55 258775040 371726336
21 390614528 296340992
55 221132864 277526592
54 220991360 371724160
2 277596160 390547456
16 409435648 409370112
57 371793472 371727936
52 296417280 296351744
55 258775104 371726400
21 390614592 296341056
55 221132928 277526656
54 220991424 371724224
2 277596224 390547520
16 409435712 409370176
57 371793536 371728000
52 296417344 296351808
55 258775168 371726464
21 390614656 296341120
55 221132992 277526720
54 220991488 371724288
2 277596288 390547584
16 409435776 409370240
57 371793600 371728064
52 296417408 296351872
55 258775232 371726528
21 390614720 296341184
55 221133056 277526784
54 220991552 371724352
2 277596352 390547648
16 409435840 409370304
57 371793664 371728128
52 296417472 296351936
55 258775296 371726592
21 390614784 296341248
55 221133120 277526848
54 220991616 371724416
2 277596416 390547712
16 409435904 409370368
57 371793728 371728192
52 296417536 296352000
55 258775360 371726656
21 390614848 296341312
33 221133184 277526912
12 371793792 371728256
1 220991680 371724480
2 277596480 390547776
7 296417600 296352064
8 409435968 409370432
46 258775424 371726720
21 390614912 296341376
55 221133248 277526976
54 220991744 371724544
2 277596544 390547840
16 409436032 409370496
57 371793856 371728320
52 296417664 296352128
55 258775488 371726784
21 390614976 296341440
55 221133312 277527040
54 220991808 371724608
2 277596608 390547904
16 409436096 409370560
57 371793920 371728384
52 296417728 296352192
55 258775552 371726848
21 390615040 296341504
55 221133376 277527104
54 220991872 371724672
2 277596672 390547968
16 409436160 409370624
57 371793984 371728448
52 296417792 296352256
55 258775616 371726912
21 390615104 296341568
55 221133440 277527168
54 220991936 371724736
2 277596736 390548032
16 409436224 409370688
57 371794048 371728512
52 296417856 296352320
55 258775680 371726976
21 390615168 296341632
55 221133504 277527232
54 220992000 371724800
2 277596800 390548096
16 409436288 409370752
57 371794112 277520576
52 296417920 296352384
55 258775744 371727040
21 390615232 409358528
55 221133568 277527296
54 220992064 371724864
2 277596864 390548160
16 409436352 220922048
57 371794176 277520640
52 296417984 296352448
55 258775808 371727104
21 390615296 409358592
55 221133632 277527360
54 220992128 371724928
2 277596928 390548224
16 409436416 220922112
57 371794240 277520704
52 296418048 296352512
55 258775872 371727168
21 390615360 409358656
55 221133696 277527424
54 220992192 371724992
2 277596992 390548288
16 409436480 220922176
57 371794304 277520768
52 296418112 296352576
55 258775936 258710400
21 390615424 296341888
55 221133760 221068224
54 220992256 371725056
2 277597056 390548352
16 409436544 220922240
57 371794368 277520832
52 296418176 296352640
55 258776000 258710464
21 390615488 296341952
55 221133824 221068288
54 220992320 371725120
2 277597120 390548416
16 409436608 220922304
57 371794432 277520896
52 296418240 296352704
55 258776064 258710528
21 390615552 296342016
55 221133888 221068352
54 220992384 371725184
2 277597184 390548480
16 409436672 220922368
57 371794496 277520960
52 296418304 296352768
55 258776128 258710592
21 390615616 296342080
55 221133952 221068416
54 220992448 371725248
2 277597248 390548544
16 409436736 220922432
57 371794560 277521024
52 296418368 296352832
55 258776192 258710656
21 390615680 296342144
55 221134016 221068480
54 220992512 371725312
2 277597312 390548608
16 409436800 220922496
57 371794624 277521088
52 296418432 296352896
55 258776256 258710720
21 390615744 296342208
55 221134080 221068544
54 220992576 371725376
2 277597376 390548672
16 409436864 220922560
57 371794688 277521152
52 296418496 296352960
55 258776320 258710784
21 390615808 296342272
55 221134144 221068608
54 220992640 371725440
2 277597440 390548736
16 409436928 220922624
57 371794752 277521216
52 296418560 296353024
55 258776384 258710848
21 390615872 296342336
55 221134208 221068672
54 220992704 371725504
2 277597504 390548800
16 409436992 220922688
57 371794816 277521280
44 221134272 221068736
1 258776448 258710912
12 220992768 371725568
2 277597568 390548864
5 390615936 296342400
1 296418624 296353088
8 409437056 220922752
57 371794880 277521344
52 296418688 296353152
55 258776512 258710976
21 390616000 296342464
55 221134336 221068800
54 220992832 371725632
2 277597632 390548928
16 409437120 220922816
57 371794944 277521408
52 296418752 296353216
55 258776576 258711040
21 390616064 296342528
55 221134400 221068864
54 220992896 258708864
2 277597696 390548992
16 409437184 220922880
57 371795008 277521472
52 296418816 296353280
55 258776640 258711104
21 390616128 296342592
55 221134464 221068928
54 220992960 258708928
2 277597760 390549056
16 409437248 220922944
57 371795072 277521536
52 296418880 296353344
55 258776704 258711168
21 390616192 296342656
55 221134528 221068992
54 220993024 258708992
2 277597824 390549120
16 409437312 220923008
57 371795136 277521600
52 296418944 296353408
55 258776768 258711232
21 390616256 296342720
55 221134592 221069056
54 220993088 258709056
2 277597888 390549184
16 409437376 220923072
57 371795200 277521664
52 296419008 296353472
55 258776832 258711296
21 390616320 296342784
55 221134656 221069120
54 220993152 258709120
2 277597952 390549248
16 409437440 220923136
57 371795264 277521728
52 296419072 296353536
55 258776896 258711360
21 390616384 296342848
55 221134720 221069184
54 220993216 258709184
2 277598016 390549312
16 409437504 220923200
57 371795328 277521792
52 296419136 296353600
55 258776960 258711424
21 390616448 296342912
55 221134784 221069248
54 220993280 258709248
2 277598080 390549376
16 409437568 220923264
57 371795392 277521856
52 296419200 296353664
55 258777024 258711488
21 390616512 296342976
55 221134848 221069312
54 220993344 258709312
2 277598144 390549440
16 409437632 220923328
57 371795456 277521920
52 296419264 296353728
55 258777088 258711552
21 390616576 296343040
55 221134912 221069376
54 220993408 258709376
2 277598208 390549504
16 409437696 220923392
57 371795520 277521984
52 296419328 296353792
55 258777152 258711616
21 390616640 296343104
55 221134976 221069440
54 220993472 258709440
2 277598272 390549568
16 409437760 220923456
57 371795584 277522048
52 296419392 296353856
55 258777216 258711680
21 390616704 296343168
55 221135040 221069504
54 220993536 258709504
2 277598336 390549632
16 409437824 220923520
57 371795648 277522112
52 296419456 296353920
55 258777280 221061312
21 390616768 409360064
55 221135104 277528832
54 220993600 258709568
2 277598400 296341696
16 409437888 258705088
57 371795712 390539008
52 296419520 409370816
55 258777344 221061376
21 390616832 409360128
55 221135168 277528896
54 220993664 258709632
2 277598464 296341760
16 409437952 258705152
57 371795776 390539072
52 296419584 409370880
55 258777408 221061440
21 390616896 409360192
55 221135232 277528960
54 220993728 258709696
2 277598528 296341824
16 409438016 258705216
57 371795840 390539136
52 296419648 409370944
55 258777472 221061504
21 390616960 409360256
55 221135296 277529024
59 258777536 221061568
10 371795904 390539200
1 220993792 258709760
2 277598592 390549888
5 390617024 409360320
1 296419712 409371008
8 409438080 258705280
44 221135360 277529088
54 220993856 258709824
2 277598656 390549952
16 409438144 258705344
57 371795968 390539264
52 296419776 409371072
55 258777600 221061632
21 390617088 409360384
55 221135424 277529152
54 220993920 258709888
2 277598720 390550016
16 409438208 258705408
57 371796032 390539328
52 296419840 409371136
55 258777664 221061696
21 390617152 409360448
55 221135488 277529216
54 220993984 258709952
2 277598784 390550080
16 409438272 258705472
57 371796096 390539392
52 296419904 409371200
55 258777728 221061760
21 390617216 409360512
55 221135552 277529280
54 220994048 258710016
2 277598848 390550144
16 409438336 258705536
57 371796160 390539456
52 296419968 409371264
55 258777792 221061824
21 390617280 409360576
55 221135616 277529344
54 220994112 258710080
2 277598912 390550208
16 409438400 258705600
57 371796224 390539520
52 296420032 409371328
55 258777856 221061888
21 390617344 409360640
55 221135680 277529408
54 220994176 258710144
2 277598976 390550272
16 409438464 258705664
57 371796288 390539584
52 296420096 409371392
55 258777920 221061952
21 390617408 409360704
55 221135744 277529472
54 220994240 258710208
2 277599040 390550336
16 409438528 258705728
57 371796352 390539648
52 296420160 409371456
55 258777984 221062016
21 390617472 409360768
55 221135808 277529536
54 220994304 258710272
2 277599104 390550400
16 409438592 258705792
57 371796416 390539712
52 296420224 409371520
55 258778048 221062080
21 390617536 409360832
55 221135872 277529600
54 220994368 258710336
2 277599168 390550464
16 409438656 258705856
57 371796480 390539776
52 296420288 409371584
55 258778112 221062144
21 390617600 409360896
55 221135936 277529664
54 220994432 220928896
2 277599232 390550528
16 409438720 258705920
57 371796544 390539840
52 296420352 409371648
55 258778176 221062208
21 390617664 409360960
55 221136000 277529728
54 220994496 220928960
2 277599296 390550592
16 409438784 258705984
57 371796608 390539904
52 296420416 409371712
55 258778240 221062272
21 390617728 409361024
55 221136064 277529792
54 220994560 220929024
2 277599360 390550656
16 409438848 258706048
57 371796672 390539968
52 296420480 409371776
55 258778304 221062336
21 390617792 409361088
55 221136128 277529856
54 220994624 220929088
2 277599424 390550720
16 409438912 258706112
57 371796736 390540032
52 296420544 409371840
55 258778368 221062400
21 390617856 409361152
55 221136192 277529920
54 220994688 220929152
2 277599488 390550784
16 409438976 258706176
57 371796800 390540096
52 296420608 409371904
55 258778432 221062464
21 390617920 409361216
55 221136256 277529984
54 220994752 220929216
2 277599552 390550848
16 409439040 258706240
57 371796864 390540160
52 296420672 409371968
55 258778496 221062528
21 390617984 409361280
55 221136320 277530048
54 220994816 220929280
2 277599616 390550912
16 409439104 258706304
57 371796928 390540224
52 296420736 409372032
71 221136384 277530112
1 258778560 221062592
10 371796992 390540288
1 220994880 220929344
2 277599680 390550976
5 390618048 409361344
10 409439168 258706368
30 296420800 409372096
55 258778624 221062656
21 390618112 409361408
55 221136448 277530176
54 220994944 220929408
2 277599744 390551040
16 409439232 258706432
57 371797056 390540352
52 296420864 409372160
55 258778688 221062720
21 390618176 409361472
55 221136512 277530240
54 220995008 220929472
2 277599808 390551104
16 409439296 258706496
57 371797120 390540416
52 296420928 409372224
55 258778752 221062784
21 390618240 409361536
55 221136576 277530304
54 220995072 220929536
2 277599872 390551168
16 409439360 258706560
57 371797184 390540480
52 296420992 409372288
55 258778816 221062848
21 390618304 409361600
55 221136640 277530368
54 220995136 220929600
2 277599936 296343232
16 409439424 258706624
57 371797248 277523712
52 296421056 220923584
55 258778880 277522176
21 390618368 409361664
55 221136704 277530432
54 220995200 220929664
2 277600000 296343296
16 409439488 258706688
57 371797312 277523776
52 296421120 220923648
55 258778944 277522240
21 390618432 409361728
55 221136768 277530496
54 220995264 220929728
2 277600064 296343360
16 409439552 258706752
57 371797376 277523840
52 296421184 220923712
55 258779008 277522304
21 390618496 409361792
55 221136832 277530560
54 220995328 220929792
2 277600128 296343424
16 409439616 258706816
57 371797440 277523904
52 296421248 220923776
55 258779072 277522368
21 390618560 409361856
55 221136896 277530624
54 220995392 220929856
2 277600192 296343488
16 409439680 258706880
57 371797504 277523968
52 296421312 220923840
55 258779136 277522432
21 390618624 409361920
55 221136960 277530688
54 220995456 220929920
2 277600256 296343552
16 409439744 258706944
57 371797568 277524032
52 296421376 220923904
55 258779200 277522496
21 390618688 409361984
55 221137024 277530752
54 220995520 220929984
2 277600320 296343616
16 409439808 258707008
57 371797632 277524096
52 296421440 220923968
55 258779264 277522560
21 390618752 409362048
55 221137088 277530816
54 220995584 220930048
2 277600384 296343680
16 409439872 258707072
57 371797696 277524160
52 296421504 220924032
55 258779328 277522624
21 390618816 409362112
55 221137152 277530880
54 220995648 220930112
2 277600448 296343744
16 409439936 258707136
57 371797760 277524224
52 296421568 220924096
55 258779392 277522688
21 390618880 409362176
55 221137216 277530944
54 220995712 220930176
2 277600512 296343808
16 409440000 258707200
57 371797824 277524288
52 296421632 220924160
55 258779456 277522752
21 390618944 409362240
55 221137280 277531008
54 220995776 371728576
2 277600576 296343872
16 409440064 258707264
57 371797888 277524352
52 296421696 220924224
55 258779520 277522816
21 390619008 409362304
55 221137344 277531072
54 220995840 371728640
2 277600640 296343936
16 409440128 258707328
57 371797952 277524416
52 296421760 220924288
55 258779584 277522880
21 390619072 409362368
55 221137408 277531136
54 220995904 371728704
2 277600704 296344000
16 409440192 258707392
53 369472064 277525056
8 221137472 277531200
1 258779648 277522944
10 371798016 277524480
10 390619136 409362432
1 296421824 220924352
28 220995968 371728768
2 277600768 296344064
16 409440256 258707456
57 371798080 277524544
52 296421888 220924416
55 258779712 277523008
21 390619200 409362496
55 221137536 277531264
54 220996032 371728832
2 277600832 296344128
16 409440320 258707520
57 371798144 277524608
52 296421952 220924480
55 258779776 277523072
21 390619264 409362560
55 221137600 277531328
54 220996096 371728896
2 277600896 296344192
16 409440384 258707584
57 371798208 277524672
52 296422016 220924544
55 258779840 277523136
21 390619328 409362624
55 221137664 277531392
54 220996160 371728960
2 277600960 296344256
16 409440448 258707648
57 371798272 277524736
52 296422080 220924608
55 258779904 277523200
21 390619392 409362688
55 221137728 277531456
54 220996224 371729024
2 277601024 296344320
16 409440512 258707712
57 371798336 221065536
52 296422144 220924672
55 258779968 277523264
21 390619456 409362752
55 221137792 277531520
54 220996288 371729088
2 277601088 296344384
16 409440576 258707776
57 371798400 221065600
52 296422208 220924736
55 258780032 277523328
21 390619520 409362816
55 221137856 277531584
54 220996352 371729152
2 277601152 296344448
16 409440640 258707840
57 371798464 221065664
52 296422272 220924800
55 258780096 277523392
21 390619584 409362880
55 221137920 277531648
54 220996416 371729216
2 277601216 296344512
16 409440704 258707904
57 371798528 221065728
52 296422336 220924864
55 258780160 277523456
21 390619648 409362944
55 221137984 277531712
54 220996480 371729280
2 277601280 296344576
16 409440768 258707968
57 371798592 221065792
52 296422400 220924928
55 258780224 277523520
21 390619712 409363008
55 221138048 277531776
54 220996544 371729344
2 277601344 296344640
16 409440832 258708032
57 371798656 277525120
52 296422464 220924992
55 258780288 277523584
21 390619776 409363072
55 221138112 277531840
54 220996608 371729408
2 277601408 296344704
16 409440896 258708096
57 371798720 277525184
52 296422528 220925056
55 258780352 277523648
21 390619840 409363136
55 221138176 277531904
54 220996672 371729472
2 277601472 296344768
16 409440960 258708160
57 371798784 277525248
52 296422592 220925120
55 258780416 221064448
21 390619904 409363200
55 221138240 277531968
54 220996736 371729536
2 277601536 296344832
16 409441024 258708224
57 371798848 277525312
52 296422656 220925184
55 258780480 221064512
21 390619968 409363264
55 221138304 277532032
54 220996800 371729600
2 277601600 296344896
16 409441088 258708288
57 371798912 277525376
52 296422720 220925248
55 258780544 221064576
21 390620032 409363328
55 221138368 277532096
54 220996864 371729664
2 277601664 296344960
16 409441152 258708352
57 371798976 277525440
52 296422784 220925312
55 258780608 221064640
21 390620096 409363392
55 221138432 277532160
54 220996928 371729728
2 277601728 296345024
16 409441216 258708416
57 371799040 369472512
52 296422848 220925376
55 258780672 221064704
21 390620160 409363456
73 221138496 277532224
12 371799104 221066304
1 220996992 371729792
2 277601792 296345088
7 296422912 220925440
8 409441280 258708480
6 258780736 221064768
21 390620224 409363520
55 221138560 277532288
54 220997056 371729856
2 277601856 296345152
16 409441344 258708544
57 371799168 221066368
52 296422976 220925504
55 258780800 221064832
21 390620288 409363584
55 221138624 277532352
54 220997120 371729920
2 277601920 296345216
16 409441408 258708608
57 371799232 221066432
52 296423040 220925568
55 258780864 221064896
21 390620352 409363648
55 221138688 277532416
54 220997184 371729984
2 277601984 296345280
16 409441472 258708672
57 371799296 221066496
52 296423104 220925632
55 258780928 221064960
21 390620416 296346880
55 221138752 277532480
54 220997248 371730048
2 277602048 296345344
16 409441536 258708736
57 371799360 221066560
52 296423168 220925696
55 258780992 221065024
21 390620480 296346944
55 221138816 277532544
54 220997312 371730112
2 277602112 296345408
16 409441600 258708800
57 371799424 221066624
52 296423232 220925760
55 258781056 221065088
21 390620544 296347008
55 221138880 277532608
54 220997376 221062912
2 277602176 296345472
16 409441664 220927360
57 371799488 221066688
52 296423296 220925824
55 258781120 221065152
21 390620608 296347072
55 221138944 277532672
54 220997440 221062976
2 277602240 296345536
16 409441728 220927424
57 371799552 221066752
52 296423360 220925888
55 258781184 221065216
21 390620672 296347136
55 221139008 277532736
54 220997504 221063040
2 277602304 296345600
16 409441792 220927488
57 371799616 221066816
52 296423424 220925952
55 258781248 221065280
21 390620736 296347200
55 221139072 277532800
54 220997568 221063104
2 277602368 296345664
16 409441856 220927552
57 371799680 221066880
52 296423488 220926016
55 258781312 221065344
21 390620800 296347264
55 221139136 390549696
54 220997632 221063168
2 277602432 296345728
16 409441920 220927616
57 371799744 221066944
52 296423552 220926080
55 258781376 221065408
21 390620864 296347328
55 221139200 390549760
54 220997696 221063232
2 277602496 296345792
16 409441984 220927680
57 371799808 221067008
52 296423616 220926144
55 258781440 221065472
21 390620928 296347392
55 221139264 390549824
54 220997760 221063296
2 277602560 296345856
16 409442048 220927744
57 371799872 221067072
52 296423680 220926208
55 258781504 371732800
21 390620992 296347456
55 221139328 277533056
54 220997824 221063360
2 277602624 296345920
16 409442112 220927808
57 371799936 221067136
52 296423744 220926272
55 258781568 371732864
21 390621056 296347520
55 221139392 277533120
54 220997888 221063424
2 277602688 296345984
16 409442176 220927872
57 371800000 221067200
52 296423808 220926336
55 258781632 371732928
21 390621120 296347584
55 221139456 277533184
54 220997952 221063488
2 277602752 296346048
16 409442240 220927936
57 371800064 221067264
52 296423872 220926400
55 258781696 371732992
21 390621184 296347648
55 221139520 277533248
54 220998016 221063552
2 277602816 296346112
16 409442304 220928000
57 371800128 221067328
52 296423936 220926464
31 221139584 277533312
1 258781760 371733056
12 220998080 221063616
2 277602880 296346176
5 390621248 296347712
10 409442368 220928064
17 371800192 221067392
52 296424000 220926528
55 258781824 221065856
21 390621312 296347776
55 221139648 277533376
54 220998144 221063680
2 277602944 296346240
16 409442432 220928128
57 371800256 221067456
52 296424064 220926592
55 258781888 221065920
21 390621376 296347840
55 221139712 277533440
54 220998208 221063744
2 277603008 296346304
16 409442496 220928192
57 371800320 221067520
52 296424128 220926656
55 258781952 221065984
21 390621440 296347904
55 221139776 277533504
54 220998272 221063808
2 277603072 296346368
16 409442560 220928256
57 371800384 221067584
52 296424192 220926720
55 258782016 221066048
21 390621504 296347968
55 221139840 277533568
54 220998336 221063872
2 277603136 296346432
16 409442624 220928320
57 371800448 221067648
52 296424256 220926784
55 258782080 221066112
21 390621568 296348032
55 221139904 277533632
54 220998400 221063936
2 277603200 296346496
16 409442688 220928384
57 371800512 221067712
52 296424320 220926848
55 258782144 221066176
21 390621632 296348096
55 221139968 277533696
54 220998464 221064000
2 277603264 296346560
16 409442752 220928448
57 371800576 221067776
52 296424384 220926912
55 258782208 221066240
21 390621696 296348160
55 221140032 277533760
54 220998528 221064064
2 277603328 296346624
16 409442816 220928512
57 371800640 221067840
52 296424448 220926976
55 258782272 369472576
21 390621760 296348224
55 221140096 277533824
54 220998592 221064128
2 277603392 296346688
16 409442880 220928576
57 371800704 221067904
52 296424512 220927040
55 258782336 371733632
21 390621824 296348288
55 221140160 277533888
54 220998656 221064192
2 277603456 296346752
16 409442944 220928640
57 371800768 221067968
52 296424576 220927104
55 258782400 371733696
21 390621888 296348352
55 221140224 277533952
54 220998720 221064256
2 277603520 296346816
16 409443008 220928704
57 371800832 221068032
52 296424640 220927168
55 258782464 371733760
21 390621952 296348416
55 221140288 277534016
54 220998784 221064320
2 277603584 390554880
16 409443072 220928768
57 371800896 221068096
52 296424704 220927232
55 258782528 371733824
21 390622016 296348480
55 221140352 277534080
54 220998848 221064384
2 277603648 390554944
16 409443136 220928832
57 371800960 221068160
52 296424768 220927296
55 258782592 371733888
21 390622080 390556544
55 221140416 277534144
54 220998912 371731712
2 277603712 390555008
16 409443200 409377664
57 371801024 371735488
52 296424832 409376128
55 258782656 371733952
21 390622144 390556608
55 221140480 277534208
54 220998976 371731776
2 277603776 390555072
16 409443264 409377728
57 371801088 371735552
52 296424896 409376192
55 258782720 371734016
21 390622208 390556672
55 221140544 277534272
54 220999040 371731840
2 277603840 390555136
16 409443328 409377792
57 371801152 371735616
52 296424960 409376256
55 258782784 371734080
21 390622272 390556736
55 221140608 277534336
54 220999104 371731904
2 277603904 390555200
16 409443392 409377856
24 258782848 371734144
10 371801216 371735680
10 390622336 390556800
1 296425024 409376320
13 221140672 390551232
54 220999168 371731968
2 277603968 390555264
16 409443456 409377920
57 371801280 371735744
52 296425088 409376384
55 258782912 371734208
21 390622400 390556864
55 221140736 390551296
54 220999232 371732032
2 277604032 390555328
16 409443520 409377984
57 371801344 371735808
52 296425152 409376448
55 258782976 371734272
21 390622464 390556928
55 221140800 390551360
54 220999296 371732096
2 277604096 390555392
16 409443584 409378048
57 371801408 371735872
52 296425216 409376512
55 258783040 371734336
21 390622528 390556992
55 221140864 390551424
54 220999360 371732160
2 277604160 390555456
16 409443648 409378112
57 371801472 371735936
52 296425280 409376576
55 258783104 371734400
21 390622592 390557056
55 221140928 390551488
54 220999424 371732224
2 277604224 390555520
16 409443712 409378176
57 371801536 371736000
52 296425344 409376640
55 258783168 371734464
21 390622656 390557120
55 221140992 390551552
54 220999488 371732288
2 277604288 390555584
16 409443776 409378240
57 371801600 371736064
52 296425408 409376704
55 258783232 371734528
21 390622720 390557184
55 221141056 390551616
54 220999552 371732352
2 277604352 390555648
16 409443840 409378304
57 371801664 371736128
52 296425472 409376768
55 258783296 371734592
21 390622784 390557248
55 221141120 390551680
54 220999616 371732416
2 277604416 390555712
16 409443904 409378368
57 371801728 371736192
52 296425536 409376832
55 258783360 371734656
21 390622848 390557312
55 221141184 390551744
54 220999680 371732480
2 277604480 390555776
16 409443968 409378432
57 371801792 371736256
52 296425600 409376896
55 258783424 371734720
21 390622912 390557376
55 221141248 390551808
54 220999744 371732544
2 277604544 390555840
16 409444032 409378496
57 371801856 371736320
52 296425664 409376960
55 258783488 371734784
21 390622976 390557440
55 221141312 390551872
54 220999808 371732608
2 277604608 390555904
16 409444096 409378560
57 371801920 371736384
52 296425728 409377024
55 258783552 371734848
21 390623040 390557504
55 221141376 390551936
54 220999872 371732672
2 277604672 390555968
16 409444160 409378624
57 371801984 371736448
52 296425792 409377088
55 258783616 371734912
21 390623104 390557568
55 221141440 390552000
54 220999936 371732736
2 277604736 390556032
16 409444224 409378688
57 371802048 371736512
52 296425856 409377152
55 258783680 371734976
21 390623168 390557632
55 221141504 390552064
54 221000000 258715968
2 277604800 390556096
16 409444288 409378752
57 371802112 371736576
52 296425920 409377216
55 258783744 371735040
21 390623232 390557696
55 221141568 390552128
54 221000064 258716032
2 277604864 390556160
16 409444352 409378816
57 371802176 371736640
52 296425984 409377280
55 258783808 371735104
21 390623296 390557760
55 221141632 390552192
54 221000128 258716096
2 277604928 390556224
16 409444416 409378880
57 371802240 371736704
52 296426048 409377344
55 258783872 371735168
21 390623360 390557824
33 221141696 390552256
12 371802304 371736768
1 221000192 258716160
2 277604992 390556288
7 296426112 409377408
8 409444480 409378944
46 258783936 371735232
21 390623424 390557888
55 221141760 390552320
54 221000256 258716224
2 277605056 390556352
16 409444544 258711744
57 371802368 221069568
52 296426176 409377472
55 258784000 371735296
21 390623488 390557952
55 221141824 390552384
54 221000320 371733120
2 277605120 390556416
16 409444608 258711808
57 371802432 221069632
52 296426240 409377536
55 258784064 371735360
21 390623552 390558016
55 221141888 390552448
54 221000384 371733184
2 277605184 390556480
16 409444672 258711872
57 371802496 221069696
52 296426304 409377600
55 258784128 371735424
21 390623616 390558080
55 221141952 390552512
54 221000448 371733248
2 277605248 277539712
16 409444736 258711936
57 371802560 221069760
52 296426368 296360832
55 258784192 258718656
21 390623680 390558144
55 221142016 390552576
54 221000512 371733312
2 277605312 277539776
16 409444800 258712000
57 371802624 221069824
52 296426432 296360896
55 258784256 258718720
21 390623744 390558208
55 221142080 390552640
54 221000576 371733376
2 277605376 277539840
16 409444864 258712064
57 371802688 221069888
52 296426496 296360960
55 258784320 258718784
21 390623808 390558272
55 221142144 390552704
54 221000640 371733440
2 277605440 277539904
16 409444928 258712128
57 371802752 221069952
52 296426560 296361024
55 258784384 258718848
21 390623872 390558336
55 221142208 390552768
54 221000704 371733504
2 277605504 277539968
16 409444992 258712192
57 371802816 221070016
52 296426624 296361088
55 258784448 258718912
21 390623936 390558400
55 221142272 390552832
54 221000768 371733568
2 277605568 277540032
16 409445056 258712256
57 371802880 221070080
52 296426688 296361152
55 258784512 258718976
21 390624000 390558464
55 221142336 390552896
54 221000832 258716800
2 277605632 277540096
16 409445120 258712320
57 371802944 221070144
52 296426752 296361216
55 258784576 258719040
21 390624064 390558528
55 221142400 390552960
54 221000896 258716864
2 277605696 277540160
16 409445184 258712384
57 371803008 221070208
52 296426816 296361280
55 258784640 258719104
21 390624128 390558592
55 221142464 390553024
54 221000960 258716928
2 277605760 277540224
16 409445248 258712448
57 371803072 221070272
52 296426880 296361344
55 258784704 258719168
21 390624192 390558656
55 221142528 390553088
54 221001024 258716992
2 277605824 277540288
16 409445312 258712512
57 371803136 221070336
52 296426944 296361408
55 258784768 258719232
21 390624256 390558720
55 221142592 390553152
54 221001088 258717056
2 277605888 277540352
16 409445376 258712576
57 371803200 221070400
52 296427008 296361472
55 258784832 258719296
21 390624320 390558784
55 221142656 390553216
54 221001152 258717120
2 277605952 277540416
16 409445440 258712640
57 371803264 221070464
52 296427072 296361536
55 258784896 258719360
21 390624384 390558848
55 221142720 390553280
54 221001216 258717184
2 277606016 277540480
16 409445504 258712704
57 371803328 221070528
44 221142784 390553344
1 258784960 258719424
12 221001280 258717248
2 277606080 277540544
5 390624448 390558912
1 296427136 296361600
8 409445568 258712768
57 371803392 221070592
52 296427200 296361664
55 258785024 258719488
21 390624512 390558976
55 221142848 390553408
54 221001344 258717312
2 277606144 277540608
16 409445632 258712832
57 371803456 221070656
52 296427264 296361728
55 258785088 258719552
21 390624576 390559040
55 221142912 390553472
54 221001408 258717376
2 277606208 277540672
16 409445696 258712896
57 371803520 221070720
52 296427328 296361792
55 258785152 258719616
21 390624640 390559104
55 221142976 390553536
54 221001472 258717440
2 277606272 277540736
16 409445760 258712960
57 371803584 221070784
52 296427392 296361856
55 258785216 258719680
21 390624704 390559168
55 221143040 390553600
54 221001536 258717504
2 277606336 277540800
16 409445824 258713024
57 371803648 221070848
52 296427456 296361920
55 258785280 258719744
21 390624768 390559232
55 221143104 390553664
54 221001600 258717568
2 277606400 277540864
16 409445888 258713088
57 371803712 221070912
52 296427520 296361984
55 258785344 258719808
21 390624832 390559296
55 221143168 390553728
54 221001664 258717632
2 277606464 277540928
16 409445952 258713152
57 371803776 221070976
52 296427584 296362048
55 258785408 258719872
21 390624896 390559360
55 221143232 390553792
54 221001728 258717696
2 277606528 277540992
16 409446016 258713216
57 371803840 221071040
52 296427648 296362112
55 258785472 258719936
21 390624960 390559424
55 221143296 390553856
54 221001792 258717760
2 277606592 277541056
16 409446080 258713280
57 371803904 221071104
52 296427712 220930240
55 258785536 371736832
21 390625024 390559488
55 221143360 390553920
54 221001856 258717824
2 277606656 277541120
16 409446144 371730176
57 371803968 221071168
52 296427776 220930304
55 258785600 371736896
21 390625088 390559552
55 221143424 390553984
54 221001920 258717888
2 277606720 277541184
16 409446208 371730240
57 371804032 221071232
52 296427840 220930368
55 258785664 371736960
21 390625152 390559616
55 221143488 390554048
54 221001984 258717952
2 277606784 277541248
16 409446272 371730304
57 371804096 221071296
52 296427904 220930432
55 258785728 371737024
21 390625216 390559680
55 221143552 390554112
54 221002048 258718016
2 277606848 277541312
16 409446336 371730368
57 371804160 221071360
52 296427968 220930496
55 258785792 371737088
21 390625280 390559744
55 221143616 390554176
54 221002112 258718080
2 277606912 277541376
16 409446400 371730432
57 371804224 221071424
52 296428032 220930560
55 258785856 371737152
21 390625344 390559808
55 221143680 390554240
54 221002176 258718144
2 277606976 277541440
16 409446464 371730496
57 371804288 221071488
52 296428096 220930624
55 258785920 371737216
21 390625408 390559872
55 221143744 390554304
54 221002240 258718208
2 277607040 277541504
16 409446528 371730560
57 371804352 221071552
52 296428160 220930688
55 258785984 371737280
21 390625472 390559936
55 221143808 390554368
59 258786048 371737344
10 371804416 221071616
1 221002304 258718272
2 277607104 277541568
5 390625536 390560000
1 296428224 220930752
8 409446592 371730624
44 221143872 390554432
54 221002368 258718336
2 277607168 277541632
16 409446656 371730688
57 371804480 221071680
52 296428288 220930816
55 258786112 371737408
21 390625600 390560064
55 221143936 390554496
54 221002432 258718400
2 277607232 277541696
16 409446720 371730752
57 371804544 221071744
52 296428352 220930880
55 258786176 371737472
21 390625664 390560128
55 221144000 390554560
54 221002496 258718464
2 277607296 277541760
16 409446784 371730816
57 371804608 221071808
52 296428416 220930944
55 258786240 371737536
21 390625728 390560192
55 221144064 390554624
54 221002560 258718528
2 277607360 277541824
16 409446848 371730880
57 371804672 221071872
52 296428480 220931008
55 258786304 371737600
21 390625792 390560256
55 221144128 390554688
54 221002624 258718592
2 277607424 277541888
16 409446912 371730944
57 371804736 221071936
52 296428544 220931072
55 258786368 371737664
21 390625856 390560320
55 221144192 390554752
54 221002688 220937152
2 277607488 277541952
16 409446976 371731008
57 371804800 221072000
52 296428608 220931136
55 258786432 371737728
21 390625920 390560384
55 221144256 390554816
54 221002752 220937216
2 277607552 277542016
16 409447040 371731072
57 371804864 221072064
52 296428672 220931200
55 258786496 371737792
21 390625984 390560448
55 221144320 277538048
54 221002816 220937280
2 277607616 277542080
16 409447104 371731136
57 371804928 221072128
52 296428736 220931264
55 258786560 371737856
21 390626048 390560512
55 221144384 277538112
54 221002880 220937344
2 277607680 277542144
16 409447168 371731200
57 371804992 221072192
52 296428800 220931328
55 258786624 371737920
21 390626112 390560576
55 221144448 277538176
54 221002944 220937408
2 277607744 277542208
16 409447232 371731264
57 371805056 221072256
52 296428864 220931392
55 258786688 371737984
21 390626176 390560640
55 221144512 277538240
54 221003008 220937472
2 277607808 277542272
16 409447296 371731328
57 371805120 221072320
52 296428928 220931456
55 258786752 371738048
21 390626240 390560704
55 221144576 277538304
54 221003072 220937536
2 277607872 277542336
16 409447360 371731392
57 371805184 221072384
52 296428992 220931520
55 258786816 371738112
21 390626304 390560768
55 221144640 277538368
54 221003136 220937600
2 277607936 277542400
16 409447424 371731456
57 371805248 221072448
52 296429056 220931584
55 258786880 371738176
21 390626368 390560832
55 221144704 277538432
54 221003200 220937664
2 277608000 277542464
16 409447488 371731520
57 371805312 221072512
52 296429120 220931648
55 258786944 371738240
21 390626432 390560896
55 221144768 277538496
54 221003264 220937728
2 277608064 277542528
16 409447552 371731584
57 371805376 221072576
52 296429184 220931712
55 258787008 371738304
21 390626496 390560960
55 221144832 277538560
54 221003328 220937792
2 277608128 277542592
16 409447616 371731648
57 371805440 221072640
52 296429248 220931776
71 221144896 277538624
1 258787072 371738368
10 371805504 221072704
1 221003392 220937856
2 277608192 277542656
5 390626560 390561024
10 409447680 258714880
30 296429312 258713344
55 258787136 371738432
21 390626624 390561088
55 221144960 277538688
54 221003456 220937920
2 277608256 277542720
16 409447744 258714944
57 371805568 221072768
52 296429376 258713408
55 258787200 371738496
21 390626688 390561152
55 221145024 277538752
54 221003520 220937984
2 277608320 277542784
16 409447808 258715008
57 371805632 221072832
52 296429440 258713472
55 258787264 371738560
21 390626752 390561216
55 221145088 277538816
54 221003584 220938048
2 277608384 277542848
16 409447872 258715072
57 371805696 221072896
52 296429504 258713536
55 258787328 371738624
21 390626816 390561280
55 221145152 277538880
54 221003648 220938112
2 277608448 277542912
16 409447936 258715136
57 371805760 221072960
52 296429568 258713600
55 258787392 371738688
21 390626880 390561344
55 221145216 277538944
54 221003712 220938176
2 277608512 277542976
16 409448000 258715200
57 371805824 221073024
52 296429632 258713664
55 258787456 371738752
21 390626944 390561408
55 221145280 277539008
54 221003776 220938240
2 277608576 277543040
16 409448064 258715264
57 371805888 221073088
52 296429696 258713728
55 258787520 371738816
21 390627008 390561472
55 221145344 277539072
54 221003840 220938304
2 277608640 277543104
16 409448128 258715328
57 371805952 221073152
52 296429760 258713792
55 258787584 371738880
21 390627072 390561536
55 221145408 277539136
54 221003904 220938368
2 277608704 277543168
16 409448192 258715392
57 371806016 221073216
52 296429824 258713856
55 258787648 371738944
21 390627136 390561600
55 221145472 277539200
54 221003968 220938432
2 277608768 277543232
16 409448256 258715456
57 371806080 221073280
52 296429888 258713920
55 258787712 371739008
21 390627200 390561664
55 221145536 277539264
54 221004032 258720000
2 277608832 277543296
16 409448320 258715520
57 371806144 221073344
52 296429952 258713984
55 258787776 371739072
21 390627264 390561728
55 221145600 277539328
54 221004096 258720064
2 277608896 277543360
16 409448384 258715584
57 371806208 221073408
52 296430016 258714048
55 258787840 371739136
21 390627328 390561792
55 221145664 277539392
54 221004160 258720128
2 277608960 277543424
16 409448448 258715648
57 371806272 221073472
52 296430080 258714112
55 258787904 371739200
21 390627392 390561856
55 221145728 277539456
54 221004224 258720192
2 277609024 277543488
16 409448512 258715712
57 371806336 221073536
52 296430144 258714176
55 258787968 371739264
21 390627456 390561920
55 221145792 277539520
54 221004288 258720256
2 277609088 277543552
16 409448576 258715776
57 371806400 277532864
52 296430208 258714240
55 258788032 371739328
21 390627520 296353984
55 221145856 277539584
54 221004352 258720320
2 277609152 277543616
16 409448640 258715840
57 371806464 277532928
52 296430272 258714304
55 258788096 371739392
21 390627584 296354048
55 221145920 277539648
54 221004416 258720384
2 277609216 277543680
16 409448704 258715904
53 369472128 258716288
8 221145984 221080448
1 258788160 371739456
10 371806528 277532992
10 390627648 296354112
1 296430336 258714368
28 221004480 258720448
2 277609280 277543744
16 409448768 220934464
57 371806592 221073792
52 296430400 258714432
55 258788224 371739520
21 390627712 296354176
55 221146048 221080512
54 221004544 258720512
2 277609344 277543808
16 409448832 220934528
57 371806656 221073856
52 296430464 258714496
55 258788288 371739584
21 390627776 296354240
55 221146112 221080576
54 221004608 258720576
2 277609408 277543872
16 409448896 220934592
57 371806720 221073920
52 296430528 258714560
55 258788352 371739648
21 390627840 296354304
55 221146176 221080640
54 221004672 258720640
2 277609472 277543936
16 409448960 220934656
57 371806784 221073984
52 296430592 258714624
55 258788416 371739712
21 390627904 296354368
55 221146240 221080704
54 221004736 258720704
2 277609536 277544000
16 409449024 220934720
57 371806848 221074048
52 296430656 258714688
55 258788480 371739776
21 390627968 296354432
55 221146304 221080768
54 221004800 258720768
2 277609600 277544064
16 409449088 220934784
57 371806912 221074112
52 296430720 258714752
55 258788544 371739840
21 390628032 296354496
55 221146368 221080832
54 221004864 258720832
2 277609664 277544128
16 409449152 258716352
57 371806976 221074176
52 296430784 258714816
55 258788608 371739904
21 390628096 296354560
55 221146432 221080896
54 221004928 258720896
2 277609728 277544192
16 409449216 258716416
57 371807040 221074240
52 296430848 220933376
55 258788672 371739968
21 390628160 296354624
55 221146496 221080960
54 221004992 258720960
2 277609792 277544256
16 409449280 258716480
57 371807104 221074304
52 296430912 220933440
55 258788736 371740032
21 390628224 296354688
55 221146560 221081024
54 221005056 258721024
2 277609856 277544320
16 409449344 258716544
57 371807168 221074368
52 296430976 220933504
55 258788800 371740096
21 390628288 296354752
55 221146624 221081088
54 221005120 258721088
2 277609920 277544384
16 409449408 258716608
57 371807232 221074432
52 296431040 220933568
55 258788864 371740160
21 390628352 296354816
55 221146688 221081152
54 221005184 258721152
2 277609984 277544448
16 409449472 258716672
57 371807296 221074496
52 296431104 220933632
55 258788928 371740224
21 390628416 296354880
55 221146752 221081216
54 221005248 258721216
2 277610048 277544512
16 409449536 258716736
57 371807360 221074560
52 296431168 220933696
55 258788992 371740288
21 390628480 296354944
55 221146816 221081280
54 221005312 258721280
2 277610112 277544576
16 409449600 220935296
57 371807424 221074624
52 296431232 220933760
55 258789056 371740352
21 390628544 296355008
55 221146880 221081344
54 221005376 258721344
2 277610176 277544640
16 409449664 220935360
57 371807488 221074688
52 296431296 220933824
55 258789120 371740416
21 390628608 296355072
55 221146944 221081408
54 221005440 258721408
2 277610240 277544704
16 409449728 220935424
57 371807552 221074752
52 296431360 220933888
55 258789184 371740480
21 390628672 296355136
73 221147008 221081472
12 371807616 221074816
1 221005504 258721472
2 277610304 277544768
7 296431424 220933952
8 409449792 220935488
6 258789248 371740544
21 390628736 296355200
55 221147072 221081536
54 221005568 258721536
2 277610368 277544832
16 409449856 220935552
57 371807680 221074880
52 296431488 220934016
55 258789312 371740608
21 390628800 296355264
55 221147136 221081600
54 221005632 258721600
2 277610432 277544896
16 409449920 220935616
57 371807744 221074944
52 296431552 220934080
55 258789376 371740672
21 390628864 296355328
55 221147200 221081664
54 221005696 258721664
2 277610496 277544960
16 409449984 220935680
57 371807808 221075008
52 296431616 220934144
55 258789440 371740736
21 390628928 296355392
55 221147264 221081728
54 221005760 258721728
2 277610560 277545024
16 409450048 220935744
57 371807872 221075072
52 296431680 220934208
55 258789504 371740800
21 390628992 296355456
55 221147328 221081792
54 221005824 258721792
2 277610624 277545088
16 409450112 220935808
57 371807936 277534400
52 296431744 220934272
55 258789568 221073600
21 390629056 409372352
55 221147392 221081856
54 221005888 258721856
2 277610688 390561984
16 409450176 220935872
57 371808000 277534464
52 296431808 220934336
55 258789632 221073664
21 390629120 409372416
55 221147456 221081920
54 221005952 258721920
2 277610752 390562048
16 409450240 220935936
57 371808064 277534528
52 296431872 220934400
55 258789696 221073728
21 390629184 409372480
55 221147520 221081984
54 221006016 258721984
2 277610816 390562112
16 409450304 220936000
57 371808128 277534592
52 296431936 409383232
55 258789760 371741056
21 390629248 409372544
55 221147584 221082048
54 221006080 258722048
2 277610880 390562176
16 409450368 220936064
57 371808192 277534656
52 296432000 409383296
55 258789824 371741120
21 390629312 409372608
55 221147648 221082112
54 221006144 258722112
2 277610944 390562240
16 409450432 220936128
57 371808256 277534720
52 296432064 409383360
55 258789888 371741184
21 390629376 409372672
55 221147712 221082176
54 221006208 258722176
2 277611008 390562304
16 409450496 220936192
57 371808320 277534784
52 296432128 409383424
55 258789952 371741248
21 390629440 409372736
55 221147776 221082240
54 221006272 258722240
2 277611072 390562368
16 409450560 220936256
57 371808384 277534848
52 296432192 409383488
55 258790016 371741312
21 390629504 409372800
55 221147840 221082304
54 221006336 258722304
2 277611136 390562432
16 409450624 220936320
57 371808448 277534912
52 296432256 409383552
55 258790080 371741376
21 390629568 409372864
55 221147904 221082368
54 221006400 258722368
2 277611200 390562496
16 409450688 220936384
57 371808512 277534976
52 296432320 220934848
55 258790144 371741440
21 390629632 409372928
55 221147968 221082432
54 221006464 258722432
2 277611264 390562560
16 409450752 220936448
57 371808576 277535040
52 296432384 220934912
55 258790208 371741504
21 390629696 409372992
55 221148032 221082496
54 221006528 258722496
2 277611328 390562624
16 409450816 220936512
57 371808640 277535104
52 296432448 220934976
31 221148096 221082560
1 258790272 371741568
12 221006592 258722560
2 277611392 390562688
5 390629760 409373056
10 409450880 220936576
17 371808704 277535168
52 296432512 220935040
55 258790336 371741632
21 390629824 409373120
55 221148160 221082624
54 221006656 258722624
2 277611456 390562752
16 409450944 220936640
57 371808768 277535232
52 296432576 220935104
55 258790400 371741696
21 390629888 409373184
55 221148224 221082688
54 221006720 258722688
2 277611520 390562816
16 409451008 220936704
57 371808832 277535296
52 296432640 220935168
55 258790464 371741760
21 390629952 409373248
55 221148288 221082752
54 221006784 258722752
2 277611584 390562880
16 409451072 220936768
57 371808896 277535360
52 296432704 220935232
55 258790528 371741824
21 390630016 409373312
55 221148352 221082816
54 221006848 258722816
2 277611648 390562944
16 409451136 220936832
57 371808960 277535424
52 296432768 369472640
55 258790592 371741888
21 390630080 409373376
55 221148416 221082880
54 221006912 258722880
2 277611712 390563008
16 409451200 220936896
57 371809024 277535488
52 296432832 409384128
55 258790656 371741952
21 390630144 409373440
55 221148480 221082944
54 221006976 258722944
2 277611776 390563072
16 409451264 220936960
57 371809088 277535552
52 296432896 409384192
55 258790720 371742016
21 390630208 409373504
55 221148544 221083008
54 221007040 258723008
2 277611840 390563136
16 409451328 220937024
57 371809152 277535616
52 296432960 409384256
55 258790784 371742080
21 390630272 409373568
55 221148608 221083072
54 221007104 258723072
2 277611904 390563200
16 409451392 220937088
57 371809216 277535680
52 296433024 409384320
55 258790848 371742144
21 390630336 409373632
55 221148672 221083136
54 221007168 258723136
2 277611968 390563264
16 409451456 409385920
57 371809280 277535744
52 296433088 409384384
55 258790912 371742208
21 390630400 409373696
55 221148736 221083200
54 221007232 258723200
2 277612032 390563328
16 409451520 409385984
57 371809344 277535808
52 296433152 409384448
55 258790976 371742272
21 390630464 409373760
55 221148800 221083264
54 221007296 258723264
2 277612096 390563392
16 409451584 409386048
57 371809408 277535872
52 296433216 409384512
55 258791040 371742336
21 390630528 409373824
55 221148864 221083328
54 221007360 258723328
2 277612160 390563456
16 409451648 409386112
57 371809472 277535936
52 296433280 409384576
55 258791104 221075136
21 390630592 409373888
55 221148928 221083392
54 221007424 258723392
2 277612224 296355520
16 409451712 409386176
57 371809536 277536000
52 296433344 409384640
55 258791168 221075200
21 390630656 409373952
55 221148992 221083456
54 221007488 258723456
2 277612288 296355584
16 409451776 409386240
57 371809600 277536064
52 296433408 409384704
55 258791232 221075264
21 390630720 409374016
55 221149056 221083520
54 221007552 258723520
2 277612352 296355648
16 409451840 409386304
57 371809664 277536128
52 296433472 409384768
55 258791296 221075328
21 390630784 409374080
55 221149120 221083584
54 221007616 258723584
2 277612416 296355712
16 409451904 409386368
24 258791360 221075392
10 371809728 277536192
10 390630848 409374144
1 296433536 409384832
13 221149184 221083648
54 221007680 258723648
2 277612480 296355776
16 409451968 409386432
57 371809792 277536256
52 296433600 409384896
55 258791424 221075456
21 390630912 409374208
55 221149248 221083712
54 221007744 258723712
2 277612544 296355840
16 409452032 409386496
57 371809856 277536320
52 296433664 409384960
55 258791488 221075520
21 390630976 409374272
55 221149312 221083776
54 221007808 258723776
2 277612608 296355904
16 409452096 409386560
57 371809920 277536384
52 296433728 409385024
55 258791552 221075584
21 390631040 409374336
55 221149376 221083840
54 221007872 258723840
2 277612672 296355968
16 409452160 409386624
57 371809984 277536448
52 296433792 409385088
55 258791616 221075648
21 390631104 409374400
55 221149440 221083904
54 221007936 258723904
2 277612736 296356032
16 409452224 409386688
57 371810048 277536512
52 296433856 409385152
55 258791680 221075712
21 390631168 409374464
55 221149504 221083968
54 221008000 258723968
2 277612800 296356096
16 409452288 409386752
57 371810112 277536576
52 296433920 409385216
55 258791744 221075776
21 390631232 409374528
55 221149568 221084032
54 221008064 371740864
2 277612864 296356160
16 409452352 409386816
57 371810176 277536640
52 296433984 409385280
55 258791808 221075840
21 390631296 409374592
55 221149632 221084096
54 221008128 371740928
2 277612928 296356224
16 409452416 409386880
57 371810240 277536704
52 296434048 409385344
55 258791872 221075904
21 390631360 409374656
55 221149696 221084160
54 221008192 371740992
2 277612992 296356288
16 409452480 409386944
57 371810304 277536768
52 296434112 409385408
55 258791936 221075968
21 390631424 409374720
55 221149760 221084224
54 221008256 258724224
2 277613056 296356352
16 409452544 409387008
57 371810368 277536832
52 296434176 409385472
55 258792000 221076032
21 390631488 409374784
55 221149824 221084288
54 221008320 258724288
2 277613120 296356416
16 409452608 409387072
57 371810432 277536896
52 296434240 409385536
55 258792064 221076096
21 390631552 409374848
55 221149888 221084352
54 221008384 258724352
2 277613184 296356480
16 409452672 409387136
57 371810496 277536960
52 296434304 409385600
55 258792128 221076160
21 390631616 409374912
55 221149952 221084416
54 221008448 258724416
2 277613248 296356544
16 409452736 409387200
57 371810560 277537024
52 296434368 409385664
55 258792192 221076224
21 390631680 409374976
55 221150016 221084480
54 221008512 258724480
2 277613312 296356608
16 409452800 220938496
57 371810624 277537088
52 296434432 409385728
55 258792256 221076288
21 390631744 409375040
55 221150080 221084544
54 221008576 258724544
2 277613376 296356672
16 409452864 220938560
57 371810688 277537152
52 296434496 409385792
55 258792320 221076352
21 390631808 409375104
55 221150144 221084608
54 221008640 258724608
2 277613440 296356736
16 409452928 220938624
57 371810752 277537216
52 296434560 409385856
55 258792384 221076416
21 390631872 409375168
33 221150208 221084672
12 371810816 277537280
1 221008704 258724672
2 277613504 296356800
7 296434624 296369088
8 409452992 220938688
46 258792448 221076480
21 390631936 409375232
55 221150272 221084736
54 221008768 258724736
2 277613568 296356864
16 409453056 220938752
57 371810880 277537344
52 296434688 296369152
55 258792512 221076544
21 390632000 409375296
55 221150336 221084800
54 221008832 258724800
2 277613632 296356928
16 409453120 220938816
57 371810944 277537408
52 296434752 296369216
55 258792576 221076608
21 390632064 409375360
55 221150400 221084864
54 221008896 258724864
2 277613696 296356992
16 409453184 220938880
57 371811008 277537472
52 296434816 296369280
55 258792640 221076672
21 390632128 409375424
55 221150464 221084928
54 221008960 258724928
2 277613760 296357056
16 409453248 220938944
57 371811072 277537536
52 296434880 296369344
55 258792704 221076736
21 390632192 409375488
55 221150528 221084992
54 221009024 258724992
2 277613824 296357120
16 409453312 220939008
57 371811136 277537600
52 296434944 296369408
55 258792768 221076800
21 390632256 409375552
55 221150592 221085056
54 221009088 258725056
2 277613888 296357184
16 409453376 220939072
57 371811200 277537664
52 296435008 296369472
55 258792832 221076864
21 390632320 409375616
55 221150656 221085120
54 221009152 258725120
2 277613952 296357248
16 409453440 220939136
57 371811264 277537728
52 296435072 296369536
55 258792896 221076928
21 390632384 409375680
55 221150720 221085184
54 221009216 258725184
2 277614016 296357312
16 409453504 220939200
57 371811328 277537792
52 296435136 296369600
55 258792960 221076992
21 390632448 409375744
55 221150784 221085248
54 221009280 258725248
2 277614080 296357376
16 409453568 220939264
57 371811392 277537856
52 296435200 296369664
55 258793024 221077056
21 390632512 409375808
55 221150848 221085312
54 221009344 258725312
2 277614144 296357440
16 409453632 220939328
57 371811456 277537920
52 296435264 296369728
55 258793088 221077120
21 390632576 409375872
55 221150912 221085376
54 221009408 258725376
2 277614208 296357504
16 409453696 220939392
57 371811520 277537984
52 296435328 296369792
55 258793152 221077184
21 390632640 409375936
55 221150976 221085440
54 221009472 258725440
2 277614272 296357568
16 409453760 220939456
57 371811584 221078784
52 296435392 296369856
55 258793216 221077248
21 390632704 409376000
55 221151040 221085504
54 221009536 258725504
2 277614336 296357632
16 409453824 220939520
57 371811648 221078848
52 296435456 296369920
55 258793280 221077312
21 390632768 409376064
55 221151104 221085568
54 221009600 371742400
2 277614400 296357696
16 409453888 220939584
57 371811712 221078912
52 296435520 296369984
55 258793344 221077376
21 390632832 296359296
55 221151168 221085632
54 221009664 371742464
2 277614464 296357760
16 409453952 220939648
57 371811776 221078976
52 296435584 296370048
55 258793408 221077440
21 390632896 296359360
55 221151232 221085696
54 221009728 371742528
2 277614528 296357824
16 409454016 220939712
57 371811840 221079040
44 221151296 221085760
1 258793472 221077504
12 221009792 371742592
2 277614592 296357888
5 390632960 296359424
1 296435648 296370112
8 409454080 220939776
57 371811904 221079104
52 296435712 296370176
55 258793536 221077568
21 390633024 296359488
55 221151360 221085824
54 221009856 371742656
2 277614656 296357952
16 409454144 220939840
57 371811968 221079168
52 296435776 296370240
55 258793600 221077632
21 390633088 296359552
55 221151424 277545152
54 221009920 371742720
2 277614720 296358016
16 409454208 220939904
57 371812032 221079232
52 296435840 296370304
55 258793664 221077696
21 390633152 296359616
55 221151488 277545216
54 221009984 371742784
2 277614784 296358080
16 409454272 220939968
57 371812096 221079296
52 296435904 296370368
55 258793728 221077760
21 390633216 296359680
55 221151552 277545280
54 221010048 371742848
2 277614848 296358144
16 409454336 220940032
57 371812160 221079360
52 296435968 409387264
55 258793792 221077824
21 390633280 296359744
55 221151616 277545344
54 221010112 371742912
2 277614912 296358208
16 409454400 220940096
57 371812224 221079424
52 296436032 409387328
55 258793856 221077888
21 390633344 296359808
55 221151680 277545408
54 221010176 371742976
2 277614976 296358272
16 409454464 220940160
57 371812288 221079488
52 296436096 409387392
55 258793920 221077952
21 390633408 296359872
55 221151744 277545472
54 221010240 371743040
2 277615040 296358336
16 409454528 220940224
57 371812352 221079552
52 296436160 409387456
55 258793984 221078016
21 390633472 296359936
55 221151808 277545536
54 221010304 371743104
2 277615104 296358400
16 409454592 220940288
57 371812416 221079616
52 296436224 409387520
55 258794048 221078080
21 390633536 296360000
55 221151872 277545600
54 221010368 371743168
2 277615168 296358464
16 409454656 220940352
57 371812480 221079680
52 296436288 409387584
55 258794112 221078144
21 390633600 296360064
55 221151936 277545664
54 221010432 371743232
2 277615232 296358528
16 409454720 220940416
57 371812544 221079744
52 296436352 409387648
55 258794176 221078208
21 390633664 296360128
55 221152000 277545728
54 221010496 371743296
2 277615296 296358592
16 409454784 220940480
57 371812608 221079808
52 296436416 409387712
55 258794240 221078272
21 390633728 296360192
55 221152064 277545792
54 221010560 371743360
2 277615360 296358656
16 409454848 220940544
57 371812672 221079872
52 296436480 409387776
55 258794304 221078336
21 390633792 296360256
55 221152128 277545856
54 221010624 371743424
2 277615424 296358720
16 409454912 220940608
57 371812736 221079936
52 296436544 409387840
55 258794368 221078400
21 390633856 296360320
55 221152192 277545920
54 221010688 371743488
2 277615488 296358784
16 409454976 220940672
57 371812800 221080000
52 296436608 409387904
55 258794432 221078464
21 390633920 296360384
55 221152256 277545984
54 221010752 371743552
2 277615552 296358848
16 409455040 220940736
57 371812864 221080064
52 296436672 409387968
55 258794496 221078528
21 390633984 296360448
55 221152320 277546048
59 258794560 221078592
10 371812928 221080128
1 221010816 371743616
2 277615616 296358912
5 390634048 296360512
1 296436736 409388032
8 409455104 220940800
44 221152384 277546112
54 221010880 371743680
2 277615680 296358976
16 409455168 220940864
57 371812992 221080192
52 296436800 409388096
55 258794624 221078656
21 390634112 296360576
55 221152448 277546176
54 221010944 371743744
2 277615744 296359040
16 409455232 220940928
57 371813056 221080256
52 296436864 409388160
55 258794688 221078720
21 390634176 296360640
55 221152512 277546240
54 221011008 371743808
2 277615808 296359104
16 409455296 220940992
57 371813120 221080320
52 296436928 409388224
55 258794752 371746048
21 390634240 296360704
55 221152576 277546304
54 221011072 371743872
2 277615872 296359168
16 409455360 220941056
57 371813184 221080384
52 296436992 409388288
55 258794816 371746112
21 390634304 296360768
55 221152640 277546368
54 221011136 371743936
2 277615936 296359232
16 409455424 220941120
57 371813248 371747712
52 296437056 409388352
55 258794880 371746176
21 390634368 390568832
55 221152704 277546432
54 221011200 371744000
2 277616000 390567296
16 409455488 220941184
57 371813312 371747776
52 296437120 409388416
55 258794944 371746240
21 390634432 390568896
55 221152768 277546496
54 221011264 371744064
2 277616064 390567360
16 409455552 220941248
57 371813376 371747840
52 296437184 409388480
55 258795008 371746304
21 390634496 390568960
55 221152832 277546560
54 221011328 371744128
2 277616128 390567424
16 409455616 220941312
57 371813440 371747904
52 296437248 409388544
55 258795072 371746368
21 390634560 390569024
55 221152896 277546624
54 221011392 371744192
2 277616192 390567488
16 409455680 220941376
57 371813504 371747968
52 296437312 409388608
55 258795136 371746432
21 390634624 390569088
55 221152960 390563520
54 221011456 371744256
2 277616256 390567552
16 409455744 220941440
57 371813568 371748032
52 296437376 409388672
55 258795200 371746496
21 390634688 390569152
55 221153024 390563584
54 221011520 371744320
2 277616320 390567616
16 409455808 220941504
57 371813632 371748096
52 296437440 409388736
55 258795264 371746560
21 390634752 390569216
55 221153088 390563648
54 221011584 371744384
2 277616384 390567680
16 409455872 220941568
57 371813696 371748160
52 296437504 409388800
55 258795328 371746624
21 390634816 390569280
55 221153152 390563712
54 221011648 371744448
2 277616448 390567744
16 409455936 220941632
57 371813760 371748224
52 296437568 409388864
55 258795392 371746688
21 390634880 390569344
55 221153216 390563776
54 221011712 371744512
2 277616512 390567808
16 409456000 220941696
57 371813824 371748288
52 296437632 409388928
55 258795456 371746752
21 390634944 390569408
55 221153280 390563840
54 221011776 371744576
2 277616576 390567872
16 409456064 220941760
57 371813888 371748352
52 296437696 409388992
55 258795520 371746816
21 390635008 390569472
55 221153344 390563904
54 221011840 371744640
2 277616640 390567936
16 409456128 220941824
57 371813952 371748416
52 296437760 409389056
71 221153408 390563968
1 258795584 371746880
10 371814016 371748480
1 221011904 371744704
2 277616704 390568000
5 390635072 390569536
10 409456192 220941888
30 296437824 409389120
55 258795648 371746944
21 390635136 390569600
55 221153472 390564032
54 221011968 371744768
2 277616768 390568064
16 409456256 220941952
57 371814080 371748544
52 296437888 409389184
55 258795712 371747008
21 390635200 390569664
55 221153536 390564096
54 221012032 371744832
2 277616832 390568128
16 409456320 220942016
57 371814144 371748608
52 296437952 409389248
55 258795776 371747072
21 390635264 390569728
55 221153600 390564160
54 221012096 371744896
2 277616896 390568192
16 409456384 220942080
57 371814208 371748672
52 296438016 409389312
55 258795840 371747136
21 390635328 390569792
55 221153664 390564224
54 221012160 371744960
2 277616960 390568256
16 409456448 220942144
57 371814272 371748736
52 296438080 409389376
55 258795904 371747200
21 390635392 390569856
55 221153728 390564288
54 221012224 371745024
2 277617024 390568320
16 409456512 220942208
57 371814336 371748800
52 296438144 409389440
55 258795968 371747264
21 390635456 390569920
55 221153792 390564352
54 221012288 371745088
2 277617088 390568384
16 409456576 220942272
57 371814400 371748864
52 296438208 409389504
55 258796032 371747328
21 390635520 390569984
55 221153856 390564416
54 221012352 371745152
2 277617152 390568448
16 409456640 220942336
57 371814464 371748928
52 296438272 409389568
55 258796096 371747392
21 390635584 390570048
55 221153920 390564480
54 221012416 371745216
2 277617216 390568512
16 409456704 220942400
57 371814528 371748992
52 296438336 409389632
55 258796160 371747456
21 390635648 390570112
55 221153984 390564544
54 221012480 371745280
2 277617280 390568576
16 409456768 220942464
57 371814592 371749056
52 296438400 409389696
55 258796224 371747520
21 390635712 409379008
55 221154048 390564608
54 221012544 371745344
2 277617344 390568640
16 409456832 258724032
57 371814656 371749120
52 296438464 409389760
55 258796288 371747584
21 390635776 409379072
55 221154112 390564672
54 221012608 371745408
2 277617408 390568704
16 409456896 258724096
57 371814720 371749184
52 296438528 409389824
55 258796352 371747648
21 390635840 409379136
55 221154176 390564736
54 221012672 371745472
2 277617472 390568768
16 409456960 258724160
57 371814784 371749248
52 296438592 409389888
55 258796416 258730880
21 390635904 409379200
55 221154240 390564800
54 221012736 371745536
2 277617536 277552000
16 409457024 220942720
57 371814848 371749312
52 296438656 409389952
55 258796480 258730944
21 390635968 409379264
55 221154304 390564864
54 221012800 371745600
2 277617600 277552064
16 409457088 220942784
57 371814912 371749376
52 296438720 409390016
55 258796544 258731008
21 390636032 409379328
55 221154368 390564928
54 221012864 371745664
2 277617664 277552128
16 409457152 220942848
57 371814976 371749440
52 296438784 409390080
55 258796608 258731072
21 390636096 409379392
55 221154432 390564992
54 221012928 371745728
2 277617728 277552192
16 409457216 220942912
53 369472192 409383616
8 221154496 390565056
1 258796672 258731136
10 371815040 371749504
10 390636160 409379456
1 296438848 409390144
28 221012992 371745792
2 277617792 277552256
16 409457280 220942976
57 371815104 371749568
52 296438912 409390208
55 258796736 258731200
21 390636224 409379520
55 221154560 390565120
54 221013056 371745856
2 277617856 277552320
16 409457344 220943040
57 371815168 371749632
52 296438976 409390272
55 258796800 258731264
21 390636288 409379584
55 221154624 390565184
54 221013120 371745920
2 277617920 277552384
16 409457408 220943104
57 371815232 371749696
52 296439040 409390336
55 258796864 258731328
21 390636352 409379648
55 221154688 390565248
54 221013184 371745984
2 277617984 277552448
16 409457472 220943168
57 371815296 371749760
52 296439104 409390400
55 258796928 258731392
21 390636416 409379712
55 221154752 390565312
54 221013248 258729216
2 277618048 277552512
16 409457536 220943232
57 371815360 371749824
52 296439168 409390464
55 258796992 258731456
21 390636480 409379776
55 221154816 390565376
54 221013312 258729280
2 277618112 277552576
16 409457600 220943296
57 371815424 371749888
52 296439232 409390528
55 258797056 258731520
21 390636544 409379840
55 221154880 390565440
54 221013376 258729344
2 277618176 277552640
16 409457664 220943360
57 371815488 371749952
52 296439296 409390592
55 258797120 258731584
21 390636608 409379904
55 221154944 390565504
54 221013440 258729408
2 277618240 277552704
16 409457728 220943424
57 371815552 371750016
52 296439360 409390656
55 258797184 258731648
21 390636672 409379968
55 221155008 390565568
54 221013504 258729472
2 277618304 277552768
16 409457792 220943488
57 371815616 371750080
52 296439424 409390720
55 258797248 258731712
21 390636736 409380032
55 221155072 390565632
54 221013568 258729536
2 277618368 277552832
16 409457856 220943552
57 371815680 371750144
52 296439488 409390784
55 258797312 258731776
21 390636800 409380096
55 221155136 390565696
54 221013632 258729600
2 277618432 277552896
16 409457920 220943616
57 371815744 371750208
52 296439552 409390848
55 258797376 258731840
21 390636864 409380160
55 221155200 390565760
54 221013696 258729664
2 277618496 277552960
16 409457984 220943680
57 371815808 371750272
52 296439616 409390912
55 258797440 258731904
21 390636928 409380224
55 221155264 390565824
54 221013760 258729728
2 277618560 277553024
16 409458048 220943744
57 371815872 371750336
52 296439680 409390976
55 258797504 258731968
21 390636992 409380288
55 221155328 390565888
54 221013824 258729792
2 277618624 277553088
16 409458112 220943808
57 371815936 371750400
52 296439744 409391040
55 258797568 258732032
21 390637056 409380352
55 221155392 390565952
54 221013888 258729856
2 277618688 277553152
16 409458176 220943872
57 371816000 371750464
52 296439808 409391104
55 258797632 258732096
21 390637120 409380416
55 221155456 390566016
54 221013952 258729920
2 277618752 277553216
16 409458240 220943936
57 371816064 371750528
52 296439872 409391168
55 258797696 258732160
21 390637184 409380480
73 221155520 390566080
12 371816128 371750592
1 221014016 258729984
2 277618816 277553280
7 296439936 409391232
8 409458304 220944000
6 258797760 258732224
21 390637248 409380544
55 221155584 390566144
54 221014080 258730048
2 277618880 296362176
16 409458368 258725568
57 371816192 371750656
52 296440000 220942528
55 258797824 258732288
21 390637312 220931840
55 221155648 390566208
54 221014144 258730112
2 277618944 296362240
16 409458432 258725632
57 371816256 371750720
52 296440064 220942592
55 258797888 258732352
21 390637376 220931904
55 221155712 390566272
54 221014208 258730176
2 277619008 296362304
16 409458496 258725696
57 371816320 371750784
52 296440128 220942656
55 258797952 258732416
21 390637440 220931968
55 221155776 390566336
54 221014272 258730240
2 277619072 296362368
16 409458560 258725760
57 371816384 371750848
52 296440192 409391488
55 258798016 258732480
21 390637504 220932032
55 221155840 390566400
54 221014336 258730304
2 277619136 296362432
16 409458624 258725824
57 371816448 371750912
52 296440256 409391552
55 258798080 258732544
21 390637568 220932096
55 221155904 390566464
54 221014400 258730368
2 277619200 296362496
16 409458688 258725888
57 371816512 371750976
52 296440320 409391616
55 258798144 258732608
21 390637632 220932160
55 221155968 390566528
54 221014464 258730432
2 277619264 296362560
16 409458752 258725952
57 371816576 371751040
52 296440384 409391680
55 258798208 258732672
21 390637696 220932224
55 221156032 390566592
54 221014528 258730496
2 277619328 296362624
16 409458816 258726016
57 371816640 371751104
52 296440448 409391744
55 258798272 258732736
21 390637760 220932288
55 221156096 390566656
54 221014592 258730560
2 277619392 296362688
16 409458880 258726080
57 371816704 371751168
52 296440512 409391808
55 258798336 258732800
21 390637824 220932352
55 221156160 390566720
54 221014656 258730624
2 277619456 296362752
16 409458944 258726144
57 371816768 371751232
52 296440576 409391872
55 258798400 258732864
21 390637888 220932416
55 221156224 390566784
54 221014720 258730688
2 277619520 296362816
16 409459008 258726208
57 371816832 371751296
52 296440640 409391936
55 258798464 258732928
21 390637952 220932480
55 221156288 390566848
54 221014784 258730752
2 277619584 296362880
16 409459072 258726272
57 371816896 371751360
52 296440704 409392000
55 258798528 258732992
21 390638016 220932544
55 221156352 390566912
54 221014848 258730816
2 277619648 296362944
16 409459136 258726336
57 371816960 371751424
52 296440768 409392064
55 258798592 258733056
21 390638080 220932608
55 221156416 390566976
54 221014912 220949376
2 277619712 296363008
16 409459200 258726400
57 371817024 371751488
52 296440832 409392128
55 258798656 258733120
21 390638144 220932672
55 221156480 390567040
54 221014976 220949440
2 277619776 296363072
16 409459264 258726464
57 371817088 371751552
52 296440896 409392192
55 258798720 258733184
21 390638208 220932736
55 221156544 390567104
54 221015040 220949504
2 277619840 296363136
16 409459328 258726528
57 371817152 371751616
52 296440960 409392256
31 221156608 390567168
1 258798784 258733248
12 221015104 220949568
2 277619904 296363200
5 390638272 220932800
10 409459392 258726592
17 371817216 371751680
52 296441024 409392320
55 258798848 258733312
21 390638336 220932864
55 221156672 390567232
54 221015168 220949632
2 277619968 296363264
16 409459456 258726656
57 371817280 371751744
52 296441088 409392384
55 258798912 258733376
21 390638400 220932928
55 221156736 277550464
54 221015232 220949696
2 277620032 296363328
16 409459520 258726720
57 371817344 371751808
52 296441152 409392448
55 258798976 258733440
21 390638464 220932992
55 221156800 277550528
54 221015296 220949760
2 277620096 296363392
16 409459584 258726784
57 371817408 371751872
52 296441216 409392512
55 258799040 258733504
21 390638528 220933056
55 221156864 277550592
54 221015360 220949824
2 277620160 296363456
16 409459648 258726848
57 371817472 371751936
52 296441280 409392576
55 258799104 258733568
21 390638592 220933120
55 221156928 277550656
54 221015424 220949888
2 277620224 296363520
16 409459712 258726912
57 371817536 371752000
52 296441344 409392640
55 258799168 258733632
21 390638656 220933184
55 221156992 277550720
54 221015488 220949952
2 277620288 296363584
16 409459776 258726976
57 371817600 371752064
52 296441408 409392704
55 258799232 258733696
21 390638720 220933248
55 221157056 277550784
54 221015552 220950016
2 277620352 296363648
16 409459840 258727040
57 371817664 371752128
52 296441472 409392768
55 258799296 258733760
21 390638784 220933312
55 221157120 277550848
54 221015616 220950080
2 277620416 296363712
16 409459904 258727104
57 371817728 371752192
52 296441536 220944064
55 258799360 258733824
21 390638848 409382144
55 221157184 277550912
54 221015680 220950144
2 277620480 409380608
16 409459968 258727168
57 371817792 371752256
52 296441600 220944128
55 258799424 258733888
21 390638912 409382208
55 221157248 277550976
54 221015744 220950208
2 277620544 409380672
16 409460032 258727232
57 371817856 371752320
52 296441664 220944192
55 258799488 258733952
21 390638976 409382272
55 221157312 277551040
54 221015808 220950272
2 277620608 409380736
16 409460096 258727296
57 371817920 371752384
52 296441728 220944256
55 258799552 258734016
21 390639040 409382336
55 221157376 277551104
54 221015872 220950336
2 277620672 409380800
16 409460160 258727360
57 371817984 371752448
52 296441792 220944320
55 258799616 258734080
21 390639104 409382400
55 221157440 277551168
54 221015936 220950400
2 277620736 409380864
16 409460224 258727424
57 371818048 371752512
52 296441856 220944384
55 258799680 258734144
21 390639168 409382464
55 221157504 277551232
54 221016000 220950464
2 277620800 409380928
16 409460288 258727488
57 371818112 371752576
52 296441920 220944448
55 258799744 258734208
21 390639232 409382528
55 221157568 277551296
54 221016064 220950528
2 277620864 409380992
16 409460352 258727552
57 371818176 371752640
52 296441984 220944512
55 258799808 258734272
21 390639296 409382592
55 221157632 277551360
54 221016128 220950592
2 277620928 409381056
16 409460416 258727616
24 258799872 258734336
10 371818240 371752704
10 390639360 409382656
1 296442048 220944576
13 221157696 277551424
54 221016192 220950656
2 277620992 409381120
16 409460480 258727680
57 371818304 371752768
52 296442112 220944640
55 258799936 258734400
21 390639424 409382720
55 221157760 277551488
54 221016256 220950720
2 277621056 409381184
16 409460544 258727744
57 371818368 371752832
52 296442176 220944704
55 258800000 258734464
21 390639488 409382784
55 221157824 277551552
54 221016320 220950784
2 277621120 409381248
16 409460608 258727808
57 371818432 371752896
52 296442240 220944768
55 258800064 258734528
21 390639552 409382848
55 221157888 277551616
54 221016384 220950848
2 277621184 409381312
16 409460672 258727872
57 371818496 371752960
52 296442304 220944832
55 258800128 258734592
21 390639616 409382912
55 221157952 277551680
54 221016448 220950912
2 277621248 409381376
16 409460736 258727936
57 371818560 371753024
52 296442368 220944896
55 258800192 258734656
21 390639680 409382976
55 221158016 277551744
54 221016512 220950976
2 277621312 409381440
16 409460800 258728000
57 371818624 371753088
52 296442432 220944960
55 258800256 258734720
21 390639744 409383040
55 221158080 277551808
54 221016576 220951040
2 277621376 409381504
16 409460864 258728064
57 371818688 221085888
52 296442496 220945024
55 258800320 258734784
21 390639808 409383104
55 221158144 277551872
54 221016640 220951104
2 277621440 409381568
16 409460928 258728128
57 371818752 221085952
52 296442560 220945088
55 258800384 258734848
21 390639872 409383168
55 221158208 277551936
54 221016704 220951168
2 277621504 409381632
16 409460992 258728192
57 371818816 221086016
52 296442624 220945152
55 258800448 258734912
21 390639936 296366400
55 221158272 221092736
54 221016768 220951232
2 277621568 409381696
16 409461056 258728256
57 371818880 221086080
52 296442688 220945216
55 258800512 258734976
21 390640000 296366464
55 221158336 221092800
54 221016832 220951296
2 277621632 409381760
16 409461120 258728320
57 371818944 221086144
52 296442752 220945280
55 258800576 258735040
21 390640064 296366528
55 221158400 221092864
54 221016896 220951360
2 277621696 409381824
16 409461184 258728384
57 371819008 221086208
52 296442816 220945344
55 258800640 258735104
21 390640128 296366592
55 221158464 221092928
54 221016960 220951424
2 277621760 409381888
16 409461248 258728448
57 371819072 221086272
52 296442880 220945408
55 258800704 258735168
21 390640192 296366656
55 221158528 221092992
54 221017024 220951488
2 277621824 409381952
16 409461312 258728512
57 371819136 221086336
52 296442944 220945472
55 258800768 258735232
21 390640256 296366720
55 221158592 221093056
54 221017088 220951552
2 277621888 409382016
16 409461376 258728576
57 371819200 221086400
52 296443008 220945536
55 258800832 258735296
21 390640320 296366784
55 221158656 221093120
54 221017152 220951616
2 277621952 409382080
16 409461440 258728640
57 371819264 221086464
52 296443072 220945600
55 258800896 258735360
21 390640384 409383680
33 221158720 221093184
12 371819328 221086528
1 221017216 220951680
2 277622016 296365312
7 296443136 220945664
8 409461504 258728704
46 258800960 258735424
21 390640448 409383744
55 221158784 221093248
54 221017280 220951744
2 277622080 296365376
16 409461568 258728768
57 371819392 221086592
52 296443200 220945728
55 258801024 258735488
21 390640512 409383808
55 221158848 221093312
54 221017344 220951808
2 277622144 296365440
16 409461632 258728832
57 371819456 221086656
52 296443264 220945792
55 258801088 258735552
21 390640576 409383872
55 221158912 221093376
54 221017408 220951872
2 277622208 296365504
16 409461696 258728896
57 371819520 221086720
52 296443328 220945856
55 258801152 258735616
21 390640640 409383936
55 221158976 221093440
54 221017472 220951936
2 277622272 296365568
16 409461760 258728960
57 371819584 221086784
52 296443392 220945920
55 258801216 258735680
21 390640704 409384000
55 221159040 221093504
54 221017536 220952000
2 277622336 296365632
16 409461824 258729024
57 371819648 221086848
52 296443456 220945984
55 258801280 258735744
21 390640768 409384064
55 221159104 221093568
54 221017600 220952064
2 277622400 296365696
16 409461888 258729088
57 371819712 221086912
52 296443520 220946048
55 258801344 258735808
21 390640832 296367296
55 221159168 221093632
54 221017664 220952128
2 277622464 296365760
16 409461952 258729152
57 371819776 221086976
52 296443584 220946112
55 258801408 258735872
21 390640896 296367360
55 221159232 221093696
54 221017728 220952192
2 277622528 296365824
16 409462016 220947712
57 371819840 221087040
52 296443648 220946176
55 258801472 258735936
21 390640960 296367424
55 221159296 221093760
54 221017792 220952256
2 277622592 296365888
16 409462080 220947776
57 371819904 221087104
52 296443712 220946240
55 258801536 258736000
21 390641024 296367488
55 221159360 221093824
54 221017856 220952320
2 277622656 296365952
16 409462144 220947840
57 371819968 221087168
52 296443776 220946304
55 258801600 258736064
21 390641088 296367552
55 221159424 221093888
54 221017920 220952384
2 277622720 296366016
16 409462208 220947904
57 371820032 221087232
52 296443840 220946368
55 258801664 258736128
21 390641152 296367616
55 221159488 221093952
54 221017984 220952448
2 277622784 296366080
16 409462272 220947968
57 371820096 221087296
52 296443904 220946432
55 258801728 258736192
21 390641216 296367680
55 221159552 221094016
54 221018048 220952512
2 277622848 296366144
16 409462336 220948032
57 371820160 221087360
52 296443968 220946496
55 258801792 258736256
21 390641280 296367744
55 221159616 390570176
54 221018112 220952576
2 277622912 296366208
16 409462400 220948096
57 371820224 277546688
52 296444032 220946560
55 258801856 371753152
21 390641344 296367808
55 221159680 390570240
54 221018176 220952640
2 277622976 296366272
16 409462464 220948160
57 371820288 277546752
52 296444096 220946624
55 258801920 371753216
21 390641408 296367872
55 221159744 390570304
54 221018240 220952704
2 277623040 296366336
16 409462528 220948224
57 371820352 277546816
44 221159808 390570368
1 258801984 371753280
12 221018304 220952768
2 277623104 390574400
5 390641472 296367936
1 296444160 220946688
8 409462592 220948288
57 371820416 277546880
52 296444224 220946752
55 258802048 371753344
21 390641536 296368000
55 221159872 390570432
54 221018368 220952832
2 277623168 390574464
16 409462656 220948352
57 371820480 277546944
52 296444288 220946816
55 258802112 371753408
21 390641600 296368064
55 221159936 390570496
54 221018432 220952896
2 277623232 390574528
16 409462720 220948416
57 371820544 277547008
52 296444352 220946880
55 258802176 371753472
21 390641664 296368128
55 221160000 390570560
54 221018496 220952960
2 277623296 390574592
16 409462784 220948480
57 371820608 277547072
52 296444416 220946944
55 258802240 371753536
21 390641728 296368192
55 221160064 390570624
54 221018560 220953024
2 277623360 390574656
16 409462848 220948544
57 371820672 277547136
52 296444480 220947008
55 258802304 371753600
21 390641792 296368256
55 221160128 390570688
54 221018624 220953088
2 277623424 390574720
16 409462912 220948608
57 371820736 277547200
52 296444544 220947072
55 258802368 371753664
21 390641856 296368320
55 221160192 390570752
54 221018688 220953152
2 277623488 390574784
16 409462976 220948672
57 371820800 277547264
52 296444608 220947136
55 258802432 371753728
21 390641920 296368384
55 221160256 390570816
54 221018752 220953216
2 277623552 296366848
16 409463040 220948736
57 371820864 277547328
52 296444672 220947200
55 258802496 371753792
21 390641984 296368448
55 221160320 390570880
54 221018816 220953280
2 277623616 296366912
16 409463104 220948800
57 371820928 277547392
52 296444736 220947264
55 258802560 371753856
21 390642048 296368512
55 221160384 390570944
54 221018880 220953344
2 277623680 296366976
16 409463168 220948864
57 371820992 277547456
52 296444800 220947328
55 258802624 371753920
21 390642112 296368576
55 221160448 390571008
54 221018944 220953408
2 277623744 296367040
16 409463232 220948928
57 371821056 277547520
52 296444864 220947392
55 258802688 371753984
21 390642176 296368640
55 221160512 390571072
54 221019008 220953472
2 277623808 296367104
16 409463296 220948992
57 371821120 277547584
52 296444928 220947456
55 258802752 371754048
21 390642240 296368704
55 221160576 390571136
54 221019072 220953536
2 277623872 296367168
16 409463360 220949056
57 371821184 277547648
52 296444992 220947520
55 258802816 371754112
21 390642304 296368768
55 221160640 390571200
54 221019136 220953600
2 277623936 296367232
16 409463424 220949120
57 371821248 277547712
52 296445056 220947584
55 258802880 371754176
21 390642368 296368832
55 221160704 390571264
54 221019200 220953664
2 277624000 369472704
16 409463488 220949184
57 371821312 277547776
52 296445120 220947648
55 258802944 371754240
21 390642432 296368896
55 221160768 390571328
54 221019264 220953728
2 277624064 390575360
16 409463552 220949248
57 371821376 277547840
52 296445184 409396480
55 258803008 371754304
21 390642496 296368960
55 221160832 390571392
59 258803072 371754368
10 371821440 277547904
1 221019328 220953792
2 277624128 390575424
5 390642560 296369024
1 296445248 409396544
8 409463616 220949312
44 221160896 390571456
54 221019392 220953856
2 277624192 390575488
16 409463680 409398144
57 371821504 277547968
52 296445312 409396608
55 258803136 371754432
21 390642624 390577088
55 221160960 390571520
54 221019456 220953920
2 277624256 390575552
16 409463744 409398208
57 371821568 277548032
52 296445376 409396672
55 258803200 371754496
21 390642688 390577152
55 221161024 390571584
54 221019520 220953984
2 277624320 390575616
16 409463808 409398272
57 371821632 277548096
52 296445440 409396736
55 258803264 371754560
21 390642752 390577216
55 221161088 390571648
54 221019584 220954048
2 277624384 390575680
16 409463872 409398336
57 371821696 277548160
52 296445504 409396800
55 258803328 371754624
21 390642816 390577280
55 221161152 390571712
54 221019648 220954112
2 277624448 390575744
16 409463936 409398400
57 371821760 277548224
52 296445568 409396864
55 258803392 221087424
21 390642880 390577344
55 221161216 296363776
54 221019712 220954176
2 277624512 390575808
16 409464000 409398464
57 371821824 277548288
52 296445632 409396928
55 258803456 221087488
21 390642944 390577408
55 221161280 296363840
54 221019776 220954240
2 277624576 390575872
16 409464064 409398528
57 371821888 277548352
52 296445696 409396992
55 258803520 221087552
21 390643008 390577472
55 221161344 296363904
54 221019840 220954304
2 277624640 390575936
16 409464128 409398592
57 371821952 277548416
52 296445760 409397056
55 258803584 221087616
21 390643072 390577536
55 221161408 296363968
54 221019904 220954368
2 277624704 390576000
16 409464192 409398656
57 371822016 277548480
52 296445824 409397120
55 258803648 221087680
21 390643136 390577600
55 221161472 296364032
54 221019968 220954432
2 277624768 390576064
16 409464256 409398720
57 371822080 277548544
52 296445888 409397184
55 258803712 221087744
21 390643200 390577664
55 221161536 296364096
54 221020032 220954496
2 277624832 390576128
16 409464320 409398784
57 371822144 277548608
52 296445952 409397248
55 258803776 221087808
21 390643264 390577728
55 221161600 296364160
54 221020096 220954560
2 277624896 390576192
16 409464384 409398848
57 371822208 277548672
52 296446016 409397312
55 258803840 221087872
21 390643328 390577792
55 221161664 296364224
54 221020160 220954624
2 277624960 390576256
16 409464448 409398912
57 371822272 277548736
52 296446080 409397376
55 258803904 221087936
21 390643392 390577856
55 221161728 296364288
54 221020224 220954688
2 277625024 390576320
16 409464512 409398976
57 371822336 277548800
52 296446144 409397440
55 258803968 221088000
21 390643456 390577920
55 221161792 296364352
54 221020288 220954752
2 277625088 390576384
16 409464576 409399040
57 371822400 277548864
52 296446208 409397504
55 258804032 221088064
21 390643520 390577984
55 221161856 296364416
54 221020352 258736320
2 277625152 390576448
16 409464640 409399104
57 371822464 277548928
52 296446272 409397568
71 221161920 296364480
1 258804096 221088128
10 371822528 277548992
1 221020416 258736384
2 277625216 390576512
5 390643584 390578048
10 409464704 409399168
30 296446336 409397632
55 258804160 221088192
21 390643648 390578112
55 221161984 296364544
54 221020480 258736448
2 277625280 390576576
16 409464768 409399232
57 371822592 277549056
52 296446400 409397696
55 258804224 221088256
21 390643712 390578176
55 221162048 296364608
54 221020544 258736512
2 277625344 390576640
16 409464832 409399296
57 371822656 277549120
52 296446464 409397760
55 258804288 221088320
21 390643776 390578240
55 221162112 296364672
54 221020608 258736576
2 277625408 390576704
16 409464896 409399360
57 371822720 277549184
52 296446528 409397824
55 258804352 221088384
21 390643840 390578304
55 221162176 296364736
54 221020672 258736640
2 277625472 390576768
16 409464960 409399424
57 371822784 277549248
52 296446592 409397888
55 258804416 221088448
21 390643904 390578368
55 221162240 296364800
54 221020736 258736704
2 277625536 390576832
16 409465024 409399488
57 371822848 277549312
52 296446656 409397952
55 258804480 221088512
21 390643968 296370432
55 221162304 296364864
54 221020800 258736768
2 277625600 390576896
16 409465088 409399552
57 371822912 277549376
52 296446720 409398016
55 258804544 221088576
21 390644032 296370496
55 221162368 296364928
54 221020864 258736832
2 277625664 390576960
16 409465152 409399616
57 371822976 277549440
52 296446784 409398080
55 258804608 221088640
21 390644096 296370560
55 221162432 296364992
54 221020928 258736896
2 277625728 390577024
16 409465216 409399680
57 371823040 277549504
52 296446848 296381312
55 258804672 221088704
21 390644160 296370624
55 221162496 296365056
54 221020992 258736960
2 277625792 277560256
16 409465280 409399744
57 371823104 277549568
52 296446912 296381376
55 258804736 221088768
21 390644224 296370688
55 221162560 296365120
54 221021056 258737024
2 277625856 277560320
16 409465344 409399808
57 371823168 277549632
52 296446976 296381440
55 258804800 221088832
21 390644288 296370752
55 221162624 296365184
54 221021120 258737088
2 277625920 277560384
16 409465408 409399872
57 371823232 277549696
52 296447040 296381504
55 258804864 221088896
21 390644352 296370816
55 221162688 296365248
54 221021184 258737152
2 277625984 277560448
16 409465472 409399936
57 371823296 277549760
52 296447104 296381568
55 258804928 221088960
21 390644416 296370880
55 221162752 390573312
54 221021248 258737216
2 277626048 277560512
16 409465536 409400000
57 371823360 277549824
52 296447168 296381632
55 258804992 221089024
21 390644480 296370944
55 221162816 390573376
54 221021312 258737280
2 277626112 277560576
16 409465600 409400064
57 371823424 277549888
52 296447232 296381696
55 258805056 221089088
21 390644544 296371008
55 221162880 390573440
54 221021376 258737344
2 277626176 277560640
16 409465664 409400128
57 371823488 277549952
52 296447296 296381760
55 258805120 221089152
21 390644608 296371072
55 221162944 390573504
54 221021440 258737408
2 277626240 277560704
16 409465728 409400192
53 369472256 390574848
8 221163008 390573568
1 258805184 221089216
10 371823552 277550016
10 390644672 296371136
1 296447360 296381824
28 221021504 258737472
2 277626304 277560768
16 409465792 409400256
57 371823616 277550080
52 296447424 296381888
55 258805248 221089280
21 390644736 296371200
55 221163072 390573632
54 221021568 258737536
2 277626368 277560832
16 409465856 409400320
57 371823680 277550144
52 296447488 296381952
55 258805312 221089344
21 390644800 296371264
55 221163136 390573696
54 221021632 258737600
2 277626432 277560896
16 409465920 409400384
57 371823744 277550208
52 296447552 296382016
55 258805376 221089408
21 390644864 296371328
55 221163200 390573760
54 221021696 258737664
2 277626496 277560960
16 409465984 409400448
57 371823808 277550272
52 296447616 296382080
55 258805440 221089472
21 390644928 296371392
55 221163264 390573824
54 221021760 258737728
2 277626560 277561024
16 409466048 409400512
57 371823872 277550336
52 296447680 296382144
55 258805504 221089536
21 390644992 296371456
55 221163328 390573888
54 221021824 258737792
2 277626624 277561088
16 409466112 409400576
57 371823936 277550400
52 296447744 296382208
55 258805568 221089600
21 390645056 296371520
55 221163392 390573952
54 221021888 371754688
2 277626688 277561152
16 409466176 409400640
57 371824000 221091200
52 296447808 296382272
55 258805632 221089664
21 390645120 296371584
55 221163456 390574016
54 221021952 371754752
2 277626752 277561216
16 409466240 409400704
57 371824064 221091264
52 296447872 296382336
55 258805696 221089728
21 390645184 296371648
55 221163520 390574080
54 221022016 371754816
2 277626816 277561280
16 409466304 409400768
57 371824128 221091328
52 296447936 296382400
55 258805760 221089792
21 390645248 296371712
55 221163584 390574144
54 221022080 371754880
2 277626880 277561344
16 409466368 409400832
57 371824192 221091392
52 296448000 296382464
55 258805824 221089856
21 390645312 296371776
55 221163648 390574208
54 221022144 371754944
2 277626944 277561408
16 409466432 409400896
57 371824256 221091456
52 296448064 296382528
55 258805888 221089920
21 390645376 296371840
55 221163712 390574272
54 221022208 371755008
2 277627008 277561472
16 409466496 409400960
57 371824320 221091520
52 296448128 296382592
55 258805952 221089984
21 390645440 296371904
55 221163776 390574336
54 221022272 371755072
2 277627072 277561536
16 409466560 409401024
57 371824384 221091584
52 296448192 296382656
55 258806016 221090048
21 390645504 296371968
55 221163840 277557568
54 221022336 371755136
2 277627136 390578432
16 409466624 409401088
57 371824448 221091648
52 296448256 296382720
55 258806080 221090112
21 390645568 296372032
55 221163904 277557632
54 221022400 371755200
2 277627200 390578496
16 409466688 409401152
57 371824512 221091712
52 296448320 296382784
55 258806144 221090176
21 390645632 296372096
55 221163968 277557696
54 221022464 371755264
2 277627264 390578560
16 409466752 409401216
57 371824576 221091776
52 296448384 296382848
55 258806208 221090240
21 390645696 296372160
73 221164032 277557760
12 371824640 221091840
1 221022528 371755328
2 277627328 390578624
7 296448448 296382912
8 409466816 409401280
6 258806272 221090304
21 390645760 296372224
55 221164096 277557824
54 221022592 371755392
2 277627392 390578688
16 409466880 409401344
57 371824704 221091904
52 296448512 296382976
55 258806336 221090368
21 390645824 296372288
55 221164160 277557888
54 221022656 371755456
2 277627456 390578752
16 409466944 409401408
57 371824768 221091968
52 296448576 296383040
55 258806400 221090432
21 390645888 296372352
55 221164224 277557952
54 221022720 371755520
2 277627520 390578816
16 409467008 409401472
57 371824832 221092032
52 296448640 296383104
55 258806464 221090496
21 390645952 296372416
55 221164288 277558016
54 221022784 371755584
2 277627584 390578880
16 409467072 409401536
57 371824896 221092096
52 296448704 296383168
55 258806528 221090560
21 390646016 296372480
55 221164352 390574912
54 221022848 371755648
2 277627648 390578944
16 409467136 409401600
57 371824960 221092160
52 296448768 296383232
55 258806592 221090624
21 390646080 296372544
55 221164416 390574976
54 221022912 371755712
2 277627712 390579008
16 409467200 409401664
57 371825024 221092224
52 296448832 296383296
55 258806656 221090688
21 390646144 296372608
55 221164480 390575040
54 221022976 371755776
2 277627776 390579072
16 409467264 409401728
57 371825088 221092288
52 296448896 296383360
55 258806720 221090752
21 390646208 296372672
55 221164544 390575104
54 221023040 371755840
2 277627840 390579136
16 409467328 409401792
57 371825152 221092352
52 296448960 296383424
55 258806784 221090816
21 390646272 296372736
55 221164608 390575168
54 221023104 371755904
2 277627904 390579200
16 409467392 409401856
57 371825216 221092416
52 296449024 296383488
55 258806848 221090880
21 390646336 296372800
55 221164672 390575232
54 221023168 371755968
2 277627968 390579264
16 409467456 409401920
57 371825280 221092480
52 296449088 296383552
55 258806912 221090944
21 390646400 296372864
55 221164736 390575296
54 221023232 371756032
2 277628032 390579328
16 409467520 409401984
57 371825344 221092544
52 296449152 296383616
55 258806976 221091008
21 390646464 296372928
55 221164800 277558528
54 221023296 371756096
2 277628096 390579392
16 409467584 409402048
57 371825408 221092608
52 296449216 296383680
55 258807040 221091072
21 390646528 296372992
55 221164864 277558592
54 221023360 371756160
2 277628160 390579456
16 409467648 409402112
57 371825472 221092672
52 296449280 296383744
55 258807104 221091136
21 390646592 296373056
55 221164928 277558656
54 221023424 371756224
2 277628224 390579520
16 409467712 409402176
57 371825536 371760000
52 296449344 296383808
55 258807168 371758464
21 390646656 296373120
55 221164992 277558720
54 221023488 371756288
2 277628288 390579584
16 409467776 409402240
57 371825600 371760064
52 296449408 296383872
55 258807232 371758528
21 390646720 296373184
55 221165056 277558784
54 221023552 371756352
2 277628352 390579648
16 409467840 409402304
57 371825664 371760128
52 296449472 296383936
31 221165120 277558848
1 258807296 371758592
12 221023616 371756416
2 277628416 390579712
5 390646784 296373248
10 409467904 409402368
17 371825728 371760192
52 296449536 296384000
55 258807360 371758656
21 390646848 296373312
55 221165184 277558912
54 221023680 371756480
2 277628480 390579776
16 409467968 409402432
57 371825792 371760256
52 296449600 296384064
55 258807424 371758720
21 390646912 296373376
55 221165248 277558976
54 221023744 371756544
2 277628544 390579840
16 409468032 409402496
57 371825856 371760320
52 296449664 296384128
55 258807488 371758784
21 390646976 296373440
55 221165312 277559040
54 221023808 371756608
2 277628608 390579904
16 409468096 409402560
57 371825920 371760384
52 296449728 296384192
55 258807552 371758848
21 390647040 296373504
55 221165376 277559104
54 221023872 371756672
2 277628672 390579968
16 409468160 409402624
57 371825984 371760448
52 296449792 296384256
55 258807616 371758912
21 390647104 296373568
55 221165440 277559168
54 221023936 371756736
2 277628736 390580032
16 409468224 409402688
57 371826048 371760512
52 296449856 296384320
55 258807680 371758976
21 390647168 296373632
55 221165504 277559232
54 221024000 371756800
2 277628800 390580096
16 409468288 409402752
57 371826112 371760576
52 296449920 296384384
55 258807744 371759040
21 390647232 296373696
55 221165568 277559296
54 221024064 371756864
2 277628864 390580160
16 409468352 409402816
57 371826176 371760640
52 296449984 296384448
55 258807808 371759104
21 390647296 296373760
55 221165632 277559360
54 221024128 371756928
2 277628928 390580224
16 409468416 409402880
57 371826240 371760704
52 296450048 296384512
55 258807872 371759168
21 390647360 296373824
55 221165696 277559424
54 221024192 371756992
2 277628992 390580288
16 409468480 409402944
57 371826304 371760768
52 296450112 296384576
55 258807936 371759232
21 390647424 296373888
55 221165760 277559488
54 221024256 371757056
2 277629056 390580352
16 409468544 409403008
57 371826368 371760832
52 296450176 296384640
55 258808000 371759296
21 390647488 296373952
55 221165824 277559552
54 221024320 371757120
2 277629120 390580416
16 409468608 409403072
57 371826432 371760896
52 296450240 296384704
55 258808064 371759360
21 390647552 296374016
55 221165888 277559616
54 221024384 371757184
2 277629184 390580480
16 409468672 409403136
57 371826496 371760960
52 296450304 296384768
55 258808128 371759424
21 390647616 296374080
55 221165952 277559680
54 221024448 371757248
2 277629248 390580544
16 409468736 409403200
57 371826560 371761024
52 296450368 296384832
55 258808192 371759488
21 390647680 296374144
55 221166016 277559744
54 221024512 371757312
2 277629312 390580608
16 409468800 409403264
57 371826624 371761088
52 296450432 296384896
55 258808256 371759552
21 390647744 296374208
55 221166080 277559808
54 221024576 371757376
2 277629376 390580672
16 409468864 409403328
57 371826688 371761152
52 296450496 296384960
55 258808320 371759616
21 390647808 296374272
55 221166144 277559872
54 221024640 371757440
2 277629440 390580736
16 409468928 409403392
24 258808384 371759680
10 371826752 371761216
10 390647872 296374336
1 296450560 296385024
13 221166208 277559936
54 221024704 371757504
2 277629504 390580800
16 409468992 409403456
57 371826816 371761280
52 296450624 296385088
55 258808448 371759744
21 390647936 296374400
55 221166272 277560000
54 221024768 371757568
2 277629568 390580864
16 409469056 409403520
57 371826880 277553344
52 296450688 296385152
55 258808512 371759808
21 390648000 409391296
55 221166336 277560064
54 221024832 371757632
2 277629632 390580928
16 409469120 220954816
57 371826944 277553408
52 296450752 296385216
55 258808576 371759872
21 390648064 409391360
55 221166400 277560128
54 221024896 371757696
2 277629696 390580992
16 409469184 220954880
57 371827008 277553472
52 296450816 296385280
55 258808640 371759936
21 390648128 409391424
55 221166464 277560192
54 221024960 371757760
2 277629760 390581056
16 409469248 220954944
57 371827072 277553536
52 296450880 296385344
55 258808704 258743168
21 390648192 296374656
55 221166528 221100992
54 221025024 371757824
2 277629824 390581120
16 409469312 220955008
57 371827136 277553600
52 296450944 296385408
55 258808768 258743232
21 390648256 296374720
55 221166592 221101056
54 221025088 371757888
2 277629888 390581184
16 409469376 220955072
57 371827200 277553664
52 296451008 296385472
55 258808832 258743296
21 390648320 296374784
55 221166656 221101120
54 221025152 371757952
2 277629952 390581248
16 409469440 220955136
57 371827264 277553728
52 296451072 296385536
55 258808896 258743360
21 390648384 296374848
55 221166720 221101184
54 221025216 371758016
2 277630016 390581312
16 409469504 220955200
57 371827328 277553792
52 296451136 296385600
55 258808960 258743424
21 390648448 296374912
55 221166784 221101248
54 221025280 371758080
2 277630080 390581376
16 409469568 220955264
57 371827392 277553856
52 296451200 296385664
55 258809024 258743488
21 390648512 296374976
55 221166848 221101312
54 221025344 371758144
2 277630144 390581440
16 409469632 220955328
57 371827456 277553920
52 296451264 296385728
55 258809088 258743552
21 390648576 296375040
55 221166912 221101376
54 221025408 371758208
2 277630208 390581504
16 409469696 220955392
57 371827520 277553984
52 296451328 296385792
55 258809152 258743616
21 390648640 296375104
55 221166976 221101440
54 221025472 371758272
2 277630272 390581568
16 409469760 220955456
57 371827584 277554048
52 296451392 296385856
55 258809216 258743680
21 390648704 296375168
55 221167040 221101504
54 221025536 371758336
2 277630336 390581632
16 409469824 220955520
57 371827648 277554112
52 296451456 296385920
55 258809280 258743744
21 390648768 296375232
55 221167104 221101568
54 221025600 371758400
2 277630400 390581696
16 409469888 220955584
57 371827712 277554176
52 296451520 296385984
55 258809344 258743808
21 390648832 296375296
55 221167168 221101632
54 221025664 258741632
2 277630464 390581760
16 409469952 220955648
57 371827776 277554240
52 296451584 296386048
55 258809408 258743872
21 390648896 296375360
33 221167232 221101696
12 371827840 277554304
1 221025728 258741696
2 277630528 390581824
7 296451648 296386112
8 409470016 220955712
46 258809472 258743936
21 390648960 296375424
55 221167296 221101760
54 221025792 258741760
2 277630592 390581888
16 409470080 220955776
57 371827904 277554368
52 296451712 296386176
55 258809536 258744000
21 390649024 296375488
55 221167360 221101824
54 221025856 258741824
2 277630656 390581952
16 409470144 220955840
57 371827968 277554432
52 296451776 296386240
55 258809600 258744064
21 390649088 296375552
55 221167424 221101888
54 221025920 258741888
2 277630720 390582016
16 409470208 220955904
57 371828032 277554496
52 296451840 296386304
55 258809664 258744128
21 390649152 296375616
55 221167488 221101952
54 221025984 258741952
2 277630784 390582080
16 409470272 220955968
57 371828096 277554560
52 296451904 296386368
55 258809728 258744192
21 390649216 296375680
55 221167552 221102016
54 221026048 258742016
2 277630848 390582144
16 409470336 220956032
57 371828160 277554624
52 296451968 296386432
55 258809792 258744256
21 390649280 296375744
55 221167616 221102080
54 221026112 258742080
2 277630912 390582208
16 409470400 220956096
57 371828224 277554688
52 296452032 296386496
55 258809856 258744320
21 390649344 296375808
55 221167680 221102144
54 221026176 258742144
2 277630976 390582272
16 409470464 220956160
57 371828288 277554752
52 296452096 296386560
55 258809920 258744384
21 390649408 296375872
55 221167744 221102208
54 221026240 258742208
2 277631040 390582336
16 409470528 220956224
57 371828352 277554816
52 296452160 296386624
55 258809984 258744448
21 390649472 296375936
55 221167808 221102272
54 221026304 258742272
2 277631104 390582400
16 409470592 220956288
57 371828416 277554880
52 296452224 296386688
55 258810048 221094080
21 390649536 409392832
55 221167872 277561600
54 221026368 258742336
2 277631168 296374464
16 409470656 258737856
57 371828480 390571776
52 296452288 409403584
55 258810112 221094144
21 390649600 409392896
55 221167936 277561664
54 221026432 258742400
2 277631232 296374528
16 409470720 258737920
57 371828544 390571840
52 296452352 409403648
55 258810176 221094208
21 390649664 409392960
55 221168000 277561728
54 221026496 258742464
2 277631296 296374592
16 409470784 258737984
57 371828608 390571904
52 296452416 409403712
55 258810240 221094272
21 390649728 409393024
55 221168064 277561792
54 221026560 258742528
2 277631360 390582656
16 409470848 258738048
57 371828672 390571968
52 296452480 409403776
55 258810304 221094336
21 390649792 409393088
55 221168128 277561856
54 221026624 258742592
2 277631424 390582720
16 409470912 258738112
57 371828736 390572032
52 296452544 409403840
55 258810368 221094400
21 390649856 409393152
55 221168192 277561920
54 221026688 258742656
2 277631488 390582784
16 409470976 258738176
57 371828800 390572096
52 296452608 409403904
55 258810432 221094464
21 390649920 409393216
55 221168256 277561984
54 221026752 258742720
2 277631552 390582848
16 409471040 258738240
57 371828864 390572160
44 221168320 277562048
1 258810496 221094528
12 221026816 258742784
2 277631616 390582912
5 390649984 409393280
1 296452672 409403968
8 409471104 258738304
57 371828928 390572224
52 296452736 409404032
55 258810560 221094592
21 390650048 409393344
55 221168384 277562112
54 221026880 258742848
2 277631680 390582976
16 409471168 258738368
57 371828992 390572288
52 296452800 409404096
55 258810624 221094656
21 390650112 409393408
55 221168448 277562176
54 221026944 258742912
2 277631744 390583040
16 409471232 258738432
57 371829056 390572352
52 296452864 409404160
55 258810688 221094720
21 390650176 409393472
55 221168512 277562240
54 221027008 258742976
2 277631808 390583104
16 409471296 258738496
57 371829120 390572416
52 296452928 409404224
55 258810752 221094784
21 390650240 409393536
55 221168576 277562304
54 221027072 258743040
2 277631872 390583168
16 409471360 258738560
57 371829184 390572480
52 296452992 409404288
55 258810816 221094848
21 390650304 409393600
55 221168640 277562368
54 221027136 258743104
2 277631936 390583232
16 409471424 258738624
57 371829248 390572544
52 296453056 409404352
55 258810880 221094912
21 390650368 409393664
55 221168704 277562432
54 221027200 409410432
2 277632000 390583296
16 409471488 258738688
57 371829312 390572608
52 296453120 409404416
55 258810944 221094976
21 390650432 409393728
55 221168768 277562496
54 221027264 409410496
2 277632064 390583360
16 409471552 258738752
57 371829376 390572672
52 296453184 409404480
55 258811008 221095040
21 390650496 409393792
55 221168832 277562560
54 221027328 409410560
2 277632128 390583424
16 409471616 258738816
57 371829440 390572736
52 296453248 409404544
55 258811072 221095104
21 390650560 409393856
55 221168896 277562624
54 221027392 409410624
2 277632192 390583488
16 409471680 258738880
57 371829504 390572800
52 296453312 409404608
55 258811136 221095168
21 390650624 409393920
55 221168960 277562688
54 221027456 409410688
2 277632256 390583552
16 409471744 258738944
57 371829568 390572864
52 296453376 409404672
55 258811200 221095232
21 390650688 409393984
55 221169024 277562752
54 221027520 409410752
2 277632320 390583616
16 409471808 258739008
57 371829632 390572928
52 296453440 409404736
55 258811264 221095296
21 390650752 409394048
55 221169088 277562816
54 221027584 409410816
2 277632384 390583680
16 409471872 258739072
57 371829696 390572992
52 296453504 409404800
55 258811328 221095360
21 390650816 409394112
55 221169152 277562880
54 221027648 409410880
2 277632448 390583744
16 409471936 258739136
57 371829760 390573056
52 296453568 409404864
55 258811392 221095424
21 390650880 409394176
55 221169216 277562944
54 221027712 409410944
2 277632512 390583808
16 409472000 258739200
57 371829824 390573120
52 296453632 409404928
55 258811456 221095488
21 390650944 409394240
55 221169280 277563008
54 221027776 409411008
2 277632576 390583872
16 409472064 258739264
57 371829888 390573184
52 296453696 409404992
55 258811520 221095552
21 390651008 409394304
55 221169344 277563072
59 258811584 221095616
10 371829952 390573248
1 221027840 409411072
2 277632640 390583936
5 390651072 409394368
1 296453760 409405056
8 409472128 258739328
44 221169408 277563136
54 221027904 409411136
2 277632704 296376000
16 409472192 258739392
57 371830016 277556480
52 296453824 220956352
55 258811648 277554944
21 390651136 409394432
55 221169472 277563200
54 221027968 409411200
2 277632768 296376064
16 409472256 258739456
57 371830080 277556544
52 296453888 220956416
55 258811712 277555008
21 390651200 409394496
55 221169536 277563264
54 221028032 409411264
2 277632832 296376128
16 409472320 258739520
57 371830144 277556608
52 296453952 220956480
55 258811776 277555072
21 390651264 409394560
55 221169600 277563328
54 221028096 409411328
2 277632896 296376192
16 409472384 258739584
57 371830208 277556672
52 296454016 220956544
55 258811840 277555136
21 390651328 409394624
55 221169664 277563392
54 221028160 409411392
2 277632960 296376256
16 409472448 258739648
57 371830272 277556736
52 296454080 220956608
55 258811904 277555200
21 390651392 409394688
55 221169728 277563456
54 221028224 409411456
2 277633024 296376320
16 409472512 258739712
57 371830336 277556800
52 296454144 220956672
55 258811968 277555264
21 390651456 409394752
55 221169792 277563520
54 221028288 409411520
2 277633088 296376384
16 409472576 258739776
57 371830400 277556864
52 296454208 220956736
55 258812032 277555328
21 390651520 409394816
55 221169856 277563584
54 221028352 409411584
2 277633152 296376448
16 409472640 258739840
57 371830464 277556928
52 296454272 220956800
55 258812096 277555392
21 390651584 409394880
55 221169920 277563648
54 221028416 409411648
2 277633216 296376512
16 409472704 258739904
57 371830528 277556992
52 296454336 220956864
55 258812160 277555456
21 390651648 409394944
55 221169984 277563712
54 221028480 409411712
2 277633280 296376576
16 409472768 258739968
57 371830592 277557056
52 296454400 220956928
55 258812224 277555520
21 390651712 409395008
55 221170048 277563776
54 221028544 371761344
2 277633344 296376640
16 409472832 258740032
57 371830656 277557120
52 296454464 220956992
55 258812288 277555584
21 390651776 409395072
55 221170112 277563840
54 221028608 371761408
2 277633408 296376704
16 409472896 258740096
57 371830720 277557184
52 296454528 220957056
55 258812352 277555648
21 390651840 409395136
55 221170176 277563904
54 221028672 371761472
2 277633472 296376768
16 409472960 258740160
57 371830784 277557248
52 296454592 220957120
55 258812416 277555712
21 390651904 409395200
55 221170240 277563968
54 221028736 371761536
2 277633536 296376832
16 409473024 258740224
57 371830848 277557312
52 296454656 220957184
55 258812480 277555776
21 390651968 409395264
55 221170304 277564032
54 221028800 371761600
2 277633600 296376896
16 409473088 258740288
57 371830912 277557376
52 296454720 220957248
55 258812544 277555840
21 390652032 409395328
55 221170368 277564096
54 221028864 371761664
2 277633664 296376960
16 409473152 258740352
57 371830976 277557440
52 296454784 220957312
71 221170432 277564160
1 258812608 277555904
10 371831040 277557504
1 221028928 371761728
2 277633728 296377024
5 390652096 409395392
10 409473216 258740416
30 296454848 220957376
55 258812672 277555968
21 390652160 409395456
55 221170496 277564224
54 221028992 371761792
2 277633792 296377088
16 409473280 258740480
57 371831104 221098304
52 296454912 220957440
55 258812736 277556032
21 390652224 409395520
55 221170560 277564288
54 221029056 371761856
2 277633856 296377152
16 409473344 258740544
57 371831168 221098368
52 296454976 220957504
55 258812800 277556096
21 390652288 409395584
55 221170624 277564352
54 221029120 371761920
2 277633920 296377216
16 409473408 258740608
57 371831232 221098432
52 296455040 220957568
55 258812864 277556160
21 390652352 409395648
55 221170688 277564416
54 221029184 371761984
2 277633984 296377280
16 409473472 258740672
57 371831296 221098496
52 296455104 220957632
55 258812928 277556224
21 390652416 409395712
55 221170752 277564480
54 221029248 371762048
2 277634048 296377344
16 409473536 258740736
57 371831360 221098560
52 296455168 220957696
55 258812992 277556288
21 390652480 409395776
55 221170816 277564544
54 221029312 371762112
2 277634112 296377408
16 409473600 258740800
57 371831424 221098624
52 296455232 220957760
55 258813056 277556352
21 390652544 409395840
55 221170880 277564608
54 221029376 371762176
2 277634176 296377472
16 409473664 258740864
57 371831488 221098688
52 296455296 220957824
55 258813120 277556416
21 390652608 409395904
55 221170944 277564672
54 221029440 371762240
2 277634240 296377536
16 409473728 258740928
57 371831552 221098752
52 296455360 220957888
55 258813184 221097216
21 390652672 409395968
55 221171008 277564736
54 221029504 371762304
2 277634304 296377600
16 409473792 258740992
57 371831616 277558080
52 296455424 220957952
55 258813248 221097280
21 390652736 409396032
55 221171072 277564800
54 221029568 371762368
2 277634368 296377664
16 409473856 258741056
57 371831680 277558144
52 296455488 220958016
55 258813312 221097344
21 390652800 409396096
55 221171136 277564864
54 221029632 371762432
2 277634432 296377728
16 409473920 258741120
57 371831744 277558208
52 296455552 220958080
55 258813376 221097408
21 390652864 409396160
55 221171200 277564928
54 221029696 371762496
2 277634496 296377792
16 409473984 258741184
57 371831808 277558272
52 296455616 220958144
55 258813440 221097472
21 390652928 409396224
55 221171264 277564992
54 221029760 371762560
2 277634560 296377856
16 409474048 258741248
57 371831872 277558336
52 296455680 220958208
55 258813504 221097536
21 390652992 409396288
55 221171328 277565056
54 221029824 371762624
2 277634624 296377920
16 409474112 258741312
57 371831936 277558400
52 296455744 220958272
55 258813568 221097600
21 390653056 409396352
55 221171392 277565120
54 221029888 371762688
2 277634688 296377984
16 409474176 258741376
57 371832000 277558464
52 296455808 220958336
55 258813632 221097664
21 390653120 409396416
55 221171456 277565184
54 221029952 371762752
2 277634752 296378048
16 409474240 258741440
53 369472320 221098816
8 221171520 277565248
1 258813696 221097728
10 371832064 369472768
10 390653184 296379648
1 296455872 220958400
28 221030016 371762816
2 277634816 296378112
16 409474304 258741504
57 371832128 221099328
52 296455936 220958464
55 258813760 221097792
21 390653248 296379712
55 221171584 277565312
54 221030080 371762880
2 277634880 296378176
16 409474368 258741568
57 371832192 221099392
52 296456000 220958528
55 258813824 221097856
21 390653312 296379776
55 221171648 277565376
54 221030144 221095680
2 277634944 296378240
16 409474432 220960128
57 371832256 221099456
52 296456064 220958592
55 258813888 221097920
21 390653376 296379840
55 221171712 277565440
54 221030208 221095744
2 277635008 296378304
16 409474496 220960192
57 371832320 221099520
52 296456128 220958656
55 258813952 221097984
21 390653440 296379904
55 221171776 277565504
54 221030272 221095808
2 277635072 296378368
16 409474560 220960256
57 371832384 221099584
52 296456192 220958720
55 258814016 221098048
21 390653504 296379968
55 221171840 277565568
54 221030336 221095872
2 277635136 296378432
16 409474624 220960320
57 371832448 221099648
52 296456256 220958784
55 258814080 221098112
21 390653568 296380032
55 221171904 390582464
54 221030400 221095936
2 277635200 296378496
16 409474688 220960384
57 371832512 221099712
52 296456320 220958848
55 258814144 221098176
21 390653632 296380096
55 221171968 390582528
54 221030464 221096000
2 277635264 296378560
16 409474752 220960448
57 371832576 221099776
52 296456384 220958912
55 258814208 221098240
21 390653696 296380160
55 221172032 390582592
54 221030528 221096064
2 277635328 296378624
16 409474816 220960512
57 371832640 221099840
52 296456448 220958976
55 258814272 220967232
21 390653760 296380224
55 221172096 221106560
54 221030592 221096128
2 277635392 296378688
16 409474880 220960576
57 371832704 221099904
52 296456512 220959040
55 258814336 220967296
21 390653824 296380288
55 221172160 221106624
54 221030656 221096192
2 277635456 296378752
16 409474944 220960640
57 371832768 221099968
52 296456576 220959104
55 258814400 220967360
21 390653888 296380352
55 221172224 221106688
54 221030720 221096256
2 277635520 296378816
16 409475008 220960704
57 371832832 221100032
52 296456640 220959168
55 258814464 220967424
21 390653952 296380416
55 221172288 221106752
54 221030784 221096320
2 277635584 296378880
16 409475072 220960768
57 371832896 221100096
52 296456704 220959232
55 258814528 220967488
21 390654016 296380480
55 221172352 221106816
54 221030848 221096384
2 277635648 296378944
16 409475136 296392768
57 371832960 221100160
52 296456768 220959296
55 258814592 220967552
21 390654080 296380544
55 221172416 221106880
54 221030912 221096448
2 277635712 296379008
16 409475200 296392832
57 371833024 221100224
52 296456832 220959360
55 258814656 220967616
21 390654144 296380608
55 221172480 221106944
54 221030976 221096512
2 277635776 296379072
16 409475264 296392896
57 371833088 221100288
52 296456896 220959424
55 258814720 220967680
21 390654208 296380672
73 221172544 221107008
12 371833152 221100352
1 221031040 221096576
2 277635840 296379136
7 296456960 220959488
8 409475328 296392960
6 258814784 220967744
21 390654272 296380736
55 221172608 221107072
54 221031104 221096640
2 277635904 296379200
16 409475392 296393024
57 371833216 221100416
52 296457024 220959552
55 258814848 221098880
21 390654336 296380800
55 221172672 221107136
54 221031168 221096704
2 277635968 296379264
16 409475456 296393088
57 371833280 221100480
52 296457088 220959616
55 258814912 221098944
21 390654400 296380864
55 221172736 221107200
54 221031232 221096768
2 277636032 296379328
16 409475520 296393152
57 371833344 221100544
52 296457152 220959680
55 258814976 221099008
21 390654464 296380928
55 221172800 221107264
54 221031296 221096832
2 277636096 296379392
16 409475584 296393216
57 371833408 221100608
52 296457216 220959744
55 258815040 221099072
21 390654528 296380992
55 221172864 221107328
54 221031360 221096896
2 277636160 296379456
16 409475648 296393280
57 371833472 221100672
52 296457280 220959808
55 258815104 221099136
21 390654592 296381056
55 221172928 221107392
54 221031424 221096960
2 277636224 296379520
16 409475712 296393344
57 371833536 221100736
52 296457344 220959872
55 258815168 221099200
21 390654656 296381120
55 221172992 221107456
54 221031488 221097024
2 277636288 296379584
16 409475776 296393408
57 371833600 221100800
52 296457408 220959936
55 258815232 221099264
21 390654720 296381184
55 221173056 221107520
54 221031552 221097088
2 277636352 140737488348416
16 409475840 296393472
57 371833664 221100864
52 296457472 220960000
55 258815296 369472832
21 390654784 296381248
55 221173120 221107584
54 221031616 221097152
2 277636416 140737488348480
16 409475904 296393536
57 371833728 221100928
52 296457536 220960064
55 258815360 258749824
21 390654848 390589312
55 221173184 221107648
54 221031680 220966144
2 277636480 277570944
16 409475968 296393600
57 371833792 371768256
52 296457600 296392064
55 258815424 258749888
21 390654912 390589376
55 221173248 221107712
54 221031744 220966208
2 277636544 277571008
16 409476032 296393664
57 371833856 371768320
52 296457664 296392128
55 258815488 258749952
21 390654976 390589440
55 221173312 221107776
54 221031808 220966272
2 277636608 277571072
16 409476096 296393728
57 371833920 371768384
52 296457728 296392192
55 258815552 258750016
21 390655040 390589504
55 221173376 221107840
54 221031872 220966336
2 277636672 277571136
16 409476160 296393792
57 371833984 371768448
52 296457792 296392256
55 258815616 258750080
21 390655104 390589568
55 221173440 221107904
54 221031936 220966400
2 277636736 277571200
16 409476224 296393856
57 371834048 371768512
52 296457856 296392320
55 258815680 258750144
21 390655168 390589632
55 221173504 221107968
54 221032000 220966464
2 277636800 277571264
16 409476288 296393920
57 371834112 371768576
52 296457920 296392384
55 258815744 258750208
21 390655232 390589696
55 221173568 221108032
54 221032064 220966528
2 277636864 277571328
16 409476352 296393984
57 371834176 371768640
52 296457984 296392448
31 221173632 221108096
1 258815808 258750272
12 221032128 220966592
2 277636928 277571392
5 390655296 390589760
10 409476416 296394048
17 371834240 371768704
52 296458048 296392512
55 258815872 258750336
21 390655360 390589824
55 221173696 221108160
54 221032192 220966656
2 277636992 277571456
16 409476480 296394112
57 371834304 371768768
52 296458112 296392576
55 258815936 258750400
21 390655424 390589888
55 221173760 221108224
54 221032256 220966720
2 277637056 277571520
16 409476544 296394176
57 371834368 371768832
52 296458176 296392640
55 258816000 258750464
21 390655488 390589952
55 221173824 221108288
54 221032320 220966784
2 277637120 277571584
16 409476608 296394240
57 371834432 371768896
52 296458240 296392704
55 258816064 258750528
21 390655552 390590016
55 221173888 221108352
54 221032384 220966848
2 277637184 277571648
16 409476672 296394304
57 371834496 371768960
52 296458304 390600768
55 258816128 258750592
21 390655616 390590080
55 221173952 221108416
54 221032448 220966912
2 277637248 277571712
16 409476736 296394368
57 371834560 371769024
52 296458368 390600832
55 258816192 258750656
21 390655680 390590144
55 221174016 221108480
54 221032512 220966976
2 277637312 277571776
16 409476800 296394432
57 371834624 371769088
52 296458432 390600896
55 258816256 258750720
21 390655744 390590208
55 221174080 221108544
54 221032576 220967040
2 277637376 277571840
16 409476864 296394496
57 371834688 371769152
52 296458496 390600960
55 258816320 258750784
21 390655808 390590272
55 221174144 221108608
54 221032640 220967104
2 277637440 277571904
16 409476928 296394560
57 371834752 371769216
52 296458560 390601024
55 258816384 258750848
21 390655872 390590336
55 221174208 221108672
54 221032704 220967168
2 277637504 277571968
16 409476992 296394624
57 371834816 371769280
52 296458624 390601088
55 258816448 258750912
21 390655936 390590400
55 221174272 221108736
54 221032768 369471808
2 277637568 277572032
16 409477056 296394688
57 371834880 371769344
52 296458688 390601152
55 258816512 258750976
21 390656000 390590464
55 221174336 221108800
54 221032832 409416064
2 277637632 277572096
16 409477120 296394752
57 371834944 371769408
52 296458752 390601216
55 258816576 258751040
21 390656064 390590528
55 221174400 221108864
54 221032896 409416128
2 277637696 277572160
16 409477184 296394816
57 371835008 371769472
52 296458816 390601280
55 258816640 258751104
21 390656128 390590592
55 221174464 221108928
54 221032960 409416192
2 277637760 277572224
16 409477248 296394880
57 371835072 371769536
52 296458880 390601344
55 258816704 258751168
21 390656192 390590656
55 221174528 221108992
54 221033024 409416256
2 277637824 277572288
16 409477312 409411776
57 371835136 371769600
52 296458944 390601408
55 258816768 258751232
21 390656256 390590720
55 221174592 221109056
54 221033088 409416320
2 277637888 277572352
16 409477376 409411840
57 371835200 371769664
52 296459008 390601472
55 258816832 258751296
21 390656320 390590784
55 221174656 221109120
54 221033152 409416384
2 277637952 277572416
16 409477440 409411904
24 258816896 258751360
10 371835264 371769728
10 390656384 390590848
1 296459072 390601536
13 221174720 221109184
54 221033216 409416448
2 277638016 277572480
16 409477504 409411968
57 371835328 371769792
52 296459136 390601600
55 258816960 258751424
21 390656448 390590912
55 221174784 221109248
54 221033280 409416512
2 277638080 277572544
16 409477568 409412032
57 371835392 371769856
52 296459200 390601664
55 258817024 258751488
21 390656512 390590976
55 221174848 221109312
54 221033344 220967808
2 277638144 277572608
16 409477632 409412096
57 371835456 371769920
52 296459264 390601728
55 258817088 258751552
21 390656576 390591040
55 221174912 221109376
54 221033408 220967872
2 277638208 277572672
16 409477696 409412160
57 371835520 371769984
52 296459328 390601792
55 258817152 258751616
21 390656640 390591104
55 221174976 221109440
54 221033472 220967936
2 277638272 277572736
16 409477760 409412224
57 371835584 371770048
52 296459392 390601856
55 258817216 258751680
21 390656704 390591168
55 221175040 221109504
54 221033536 220968000
2 277638336 277572800
16 409477824 409412288
57 371835648 371770112
52 296459456 390601920
55 258817280 258751744
21 390656768 390591232
55 221175104 221109568
54 221033600 220968064
2 277638400 277572864
16 409477888 409412352
57 371835712 371770176
52 296459520 390601984
55 258817344 258751808
21 390656832 390591296
55 221175168 221109632
54 221033664 220968128
2 277638464 277572928
16 409477952 409412416
57 371835776 371770240
52 296459584 390602048
55 258817408 258751872
21 390656896 390591360
55 221175232 221109696
54 221033728 220968192
2 277638528 277572992
16 409478016 409412480
57 371835840 371770304
52 296459648 390602112
55 258817472 258751936
21 390656960 390591424
55 221175296 221109760
54 221033792 220968256
2 277638592 277573056
16 409478080 409412544
57 371835904 371770368
52 296459712 390602176
55 258817536 258752000
21 390657024 390591488
55 221175360 221109824
54 221033856 220968320
2 277638656 277573120
16 409478144 409412608
57 371835968 371770432
52 296459776 390602240
55 258817600 258752064
21 390657088 390591552
55 221175424 221109888
54 221033920 220968384
2 277638720 277573184
16 409478208 409412672
57 371836032 371770496
52 296459840 390602304
55 258817664 258752128
21 390657152 390591616
55 221175488 221109952
54 221033984 220968448
2 277638784 277573248
16 409478272 409412736
57 371836096 371770560
52 296459904 390602368
55 258817728 258752192
21 390657216 390591680
55 221175552 221110016
54 221034048 220968512
2 277638848 277573312
16 409478336 409412800
57 371836160 371770624
52 296459968 390602432
55 258817792 258752256
21 390657280 390591744
55 221175616 221110080
54 221034112 220968576
2 277638912 277573376
16 409478400 409412864
57 371836224 371770688
52 296460032 390602496
55 258817856 258752320
21 390657344 390591808
55 221175680 221110144
54 221034176 220968640
2 277638976 277573440
16 409478464 409412928
57 371836288 371770752
52 296460096 390602560
55 258817920 258752384
21 390657408 390591872
33 221175744 221110208
12 371836352 371770816
1 221034240 220968704
2 277639040 277573504
7 296460160 390602624
8 409478528 409412992
46 258817984 258752448
21 390657472 390591936
55 221175808 221110272
54 221034304 220968768
2 277639104 277573568
16 409478592 409413056
57 371836416 371770880
52 296460224 390602688
55 258818048 258752512
21 390657536 390592000
55 221175872 221110336
54 221034368 220968832
2 277639168 277573632
16 409478656 409413120
57 371836480 371770944
52 296460288 390602752
55 258818112 258752576
21 390657600 390592064
55 221175936 221110400
54 221034432 220968896
2 277639232 277573696
16 409478720 409413184
57 371836544 371771008
52 296460352 390602816
55 258818176 258752640
21 390657664 390592128
55 221176000 221110464
54 221034496 220968960
2 277639296 277573760
16 409478784 409413248
57 371836608 371771072
52 296460416 390602880
55 258818240 258752704
21 390657728 390592192
55 221176064 221110528
54 221034560 220969024
2 277639360 277573824
16 409478848 409413312
57 371836672 371771136
52 296460480 296394944
55 258818304 258752768
21 390657792 390592256
55 221176128 221110592
54 221034624 220969088
2 277639424 277573888
16 409478912 409413376
57 371836736 371771200
52 296460544 296395008
55 258818368 258752832
21 390657856 390592320
55 221176192 221110656
54 221034688 220969152
2 277639488 277573952
16 409478976 409413440
57 371836800 371771264
52 296460608 296395072
55 258818432 258752896
21 390657920 390592384
55 221176256 221110720
54 221034752 220969216
2 277639552 277574016
16 409479040 409413504
57 371836864 371771328
52 296460672 296395136
55 258818496 258752960
21 390657984 390592448
55 221176320 221110784
54 221034816 220969280
2 277639616 277574080
16 409479104 409413568
57 371836928 371771392
52 296460736 296395200
55 258818560 258753024
21 390658048 390592512
55 221176384 221110848
54 221034880 220969344
2 277639680 277574144
16 409479168 409413632
57 371836992 371771456
52 296460800 296395264
55 258818624 258753088
21 390658112 390592576
55 221176448 221110912
54 221034944 220969408
2 277639744 277574208
16 409479232 409413696
57 371837056 371771520
52 296460864 296395328
55 258818688 258753152
21 390658176 390592640
55 221176512 221110976
54 221035008 220969472
2 277639808 277574272
16 409479296 409413760
57 371837120 371771584
52 296460928 296395392
55 258818752 258753216
21 390658240 390592704
55 221176576 221111040
54 221035072 220969536
2 277639872 277574336
16 409479360 409413824
57 371837184 371771648
52 296460992 296395456
55 258818816 258753280
21 390658304 390592768
55 221176640 221111104
54 221035136 220969600
2 277639936 277574400
16 409479424 409413888
57 371837248 371771712
52 296461056 296395520
55 258818880 258753344
21 390658368 390592832
55 221176704 221111168
54 221035200 220969664
2 277640000 277574464
16 409479488 409413952
57 371837312 371771776
52 296461120 296395584
55 258818944 258753408
21 390658432 390592896
55 221176768 221111232
54 221035264 220969728
2 277640064 277574528
16 409479552 409414016
57 371837376 371771840
44 221176832 221111296
1 258819008 258753472
12 221035328 220969792
2 277640128 277574592
5 390658496 390592960
1 296461184 296395648
8 409479616 409414080
57 371837440 371771904
52 296461248 296395712
55 258819072 258753536
21 390658560 390593024
55 221176896 221111360
54 221035392 220969856
2 277640192 277574656
16 409479680 409414144
57 371837504 371771968
52 296461312 296395776
55 258819136 258753600
21 390658624 390593088
55 221176960 221111424
54 221035456 220969920
2 277640256 277574720
16 409479744 409414208
57 371837568 371772032
52 296461376 296395840
55 258819200 258753664
21 390658688 390593152
55 221177024 221111488
54 221035520 220969984
2 277640320 277574784
16 409479808 409414272
57 371837632 371772096
52 296461440 296395904
55 258819264 258753728
21 390658752 390593216
55 221177088 221111552
54 221035584 220970048
2 277640384 277574848
16 409479872 409414336
57 371837696 371772160
52 296461504 296395968
55 258819328 258753792
21 390658816 390593280
55 221177152 221111616
54 221035648 220970112
2 277640448 277574912
16 409479936 409414400
57 371837760 371772224
52 296461568 296396032
55 258819392 258753856
21 390658880 390593344
55 221177216 221111680
54 221035712 220970176
2 277640512 277574976
16 409480000 409414464
57 371837824 371772288
52 296461632 296396096
55 258819456 258753920
21 390658944 390593408
55 221177280 221111744
54 221035776 220970240
2 277640576 277575040
16 409480064 409414528
57 371837888 371772352
52 296461696 296396160
55 258819520 258753984
21 390659008 390593472
55 221177344 221111808
54 221035840 220970304
2 277640640 277575104
16 409480128 409414592
57 371837952 371772416
52 296461760 296396224
55 258819584 258754048
21 390659072 390593536
55 221177408 221111872
54 221035904 220970368
2 277640704 277575168
16 409480192 409414656
57 371838016 371772480
52 296461824 296396288
55 258819648 258754112
21 390659136 390593600
55 221177472 221111936
54 221035968 220970432
2 277640768 277575232
16 409480256 409414720
57 371838080 371772544
52 296461888 296396352
55 258819712 258754176
21 390659200 390593664
55 221177536 221112000
54 221036032 220970496
2 277640832 277575296
16 409480320 409414784
57 371838144 371772608
52 296461952 296396416
55 258819776 258754240
21 390659264 390593728
55 221177600 221112064
54 221036096 220970560
2 277640896 277575360
16 409480384 409414848
57 371838208 371772672
52 296462016 296396480
55 258819840 258754304
21 390659328 390593792
55 221177664 221112128
54 221036160 220970624
2 277640960 277575424
16 409480448 409414912
57 371838272 371772736
52 296462080 296396544
55 258819904 258754368
21 390659392 390593856
55 221177728 221112192
54 221036224 220970688
2 277641024 277575488
16 409480512 409414976
57 371838336 371772800
52 296462144 296396608
55 258819968 258754432
21 390659456 390593920
55 221177792 221112256
54 221036288 220970752
2 277641088 277575552
16 409480576 409415040
57 371838400 371772864
52 296462208 296396672
55 258820032 258754496
21 390659520 390593984
55 221177856 221112320
59 258820096 258754560
10 371838464 371772928
1 221036352 220970816
2 277641152 277575616
5 390659584 390594048
1 296462272 296396736
8 409480640 409415104
44 221177920 221112384
54 221036416 220970880
2 277641216 277575680
16 409480704 409415168
57 371838528 371772992
52 296462336 296396800
55 258820160 258754624
21 390659648 390594112
55 221177984 221112448
54 221036480 220970944
2 277641280 277575744
16 409480768 409415232
57 371838592 371773056
52 296462400 296396864
55 258820224 258754688
21 390659712 390594176
55 221178048 221112512
54 221036544 220971008
2 277641344 277575808
16 409480832 409415296
57 371838656 371773120
52 296462464 296396928
55 258820288 258754752
21 390659776 390594240
55 221178112 221112576
54 221036608 220971072
2 277641408 277575872
16 409480896 409415360
57 371838720 371773184
52 296462528 296396992
55 258820352 258754816
21 390659840 390594304
55 221178176 221112640
54 221036672 220971136
2 277641472 277575936
16 409480960 409415424
57 371838784 371773248
52 296462592 296397056
55 258820416 258754880
21 390659904 390594368
55 221178240 221112704
54 221036736 220971200
2 277641536 277576000
16 409481024 409415488
57 371838848 371773312
52 296462656 296397120
55 258820480 258754944
21 390659968 390594432
55 221178304 221112768
54 221036800 220971264
2 277641600 277576064
16 409481088 409415552
57 371838912 371773376
52 296462720 296397184
55 258820544 258755008
21 390660032 390594496
55 221178368 221112832
54 221036864 220971328
2 277641664 277576128
16 409481152 409415616
57 371838976 371773440
52 296462784 296397248
55 258820608 258755072
21 390660096 390594560
55 221178432 221112896
54 221036928 220971392
2 277641728 277576192
16 409481216 409415680
57 371839040 371773504
52 296462848 296397312
55 258820672 258755136
21 390660160 390594624
55 221178496 221112960
54 221036992 220971456
2 277641792 277576256
16 409481280 409415744
57 371839104 371773568
52 296462912 296397376
55 258820736 258755200
21 390660224 390594688
55 221178560 221113024
54 221037056 220971520
2 277641856 277576320
16 409481344 409415808
57 371839168 371773632
52 296462976 296397440
55 258820800 258755264
21 390660288 390594752
55 221178624 221113088
54 221037120 220971584
2 277641920 277576384
16 409481408 409415872
57 371839232 371773696
52 296463040 296397504
55 258820864 258755328
21 390660352 390594816
55 221178688 221113152
54 221037184 220971648
2 277641984 277576448
16 409481472 409415936
57 371839296 371773760
52 296463104 296397568
55 258820928 258755392
21 390660416 390594880
55 221178752 221113216
54 221037248 220971712
2 277642048 277576512
16 409481536 409416000
57 371839360 371773824
52 296463168 296397632
55 258820992 258755456
21 390660480 390594944
55 221178816 221113280
54 221037312 220971776
2 277642112 277576576
16 409481600 296399232
57 371839424 371773888
52 296463232 296397696
55 258821056 258755520
21 390660544 390595008
55 221178880 221113344
54 221037376 220971840
2 277642176 277576640
16 409481664 296399296
57 371839488 371773952
52 296463296 296397760
71 221178944 221113408
1 258821120 258755584
10 371839552 371774016
1 221037440 220971904
2 277642240 277576704
5 390660608 390595072
10 409481728 296399360
30 296463360 296397824
55 258821184 258755648
21 390660672 390595136
55 221179008 221113472
54 221037504 220971968
2 277642304 277576768
16 409481792 296399424
57 371839616 371774080
52 296463424 296397888
55 258821248 258755712
21 390660736 390595200
55 221179072 221113536
54 221037568 220972032
2 277642368 277576832
16 409481856 296399488
57 371839680 371774144
52 296463488 296397952
55 258821312 258755776
21 390660800 390595264
55 221179136 221113600
54 221037632 220972096
2 277642432 277576896
16 409481920 296399552
57 371839744 371774208
52 296463552 296398016
55 258821376 258755840
21 390660864 390595328
55 221179200 221113664
54 221037696 220972160
2 277642496 277576960
16 409481984 296399616
57 371839808 371774272
52 296463616 296398080
55 258821440 258755904
21 390660928 390595392
55 221179264 221113728
54 221037760 220972224
2 277642560 277577024
16 409482048 296399680
57 371839872 371774336
52 296463680 296398144
55 258821504 258755968
21 390660992 390595456
55 221179328 221113792
54 221037824 220972288
2 277642624 277577088
16 409482112 409416576
57 371839936 371774400
52 296463744 296398208
55 258821568 258756032
21 390661056 390595520
55 221179392 221113856
54 221037888 220972352
2 277642688 277577152
16 409482176 409416640
57 371840000 371774464
52 296463808 296398272
55 258821632 258756096
21 390661120 390595584
55 221179456 221113920
54 221037952 220972416
2 277642752 277577216
16 409482240 409416704
57 371840064 371774528
52 296463872 296398336
55 258821696 258756160
21 390661184 390595648
55 221179520 221113984
54 221038016 220972480
2 277642816 277577280
16 409482304 409416768
57 371840128 371774592
52 296463936 296398400
55 258821760 258756224
21 390661248 390595712
55 221179584 221114048
54 221038080 220972544
2 277642880 277577344
16 409482368 409416832
57 371840192 371774656
52 296464000 296398464
55 258821824 258756288
21 390661312 390595776
55 221179648 221114112
54 221038144 220972608
2 277642944 277577408
16 409482432 409416896
57 371840256 371774720
52 296464064 296398528
55 258821888 258756352
21 390661376 390595840
55 221179712 221114176
54 221038208 220972672
2 277643008 277577472
16 409482496 409416960
57 371840320 371774784
52 296464128 296398592
55 258821952 258756416
21 390661440 390595904
55 221179776 221114240
54 221038272 220972736
2 277643072 277577536
16 409482560 409417024
57 371840384 371774848
52 296464192 296398656
55 258822016 258756480
21 390661504 390595968
55 221179840 221114304
54 221038336 220972800
2 277643136 277577600
16 409482624 409417088
57 371840448 371774912
52 296464256 296398720
55 258822080 258756544
21 390661568 390596032
55 221179904 221114368
54 221038400 220972864
2 277643200 277577664
16 409482688 409417152
57 371840512 371774976
52 296464320 296398784
55 258822144 258756608
21 390661632 390596096
55 221179968 221114432
54 221038464 220972928
2 277643264 277577728
16 409482752 409417216
53 369472384 296399744
8 221180032 221114496
1 258822208 258756672
10 371840576 371775040
10 390661696 390596160
1 296464384 296398848
28 221038528 220972992
2 277643328 277577792
16 409482816 409417280
57 371840640 371775104
52 296464448 296398912
55 258822272 258756736
21 390661760 390596224
55 221180096 221114560
54 221038592 220973056
2 277643392 277577856
16 409482880 409417344
57 371840704 371775168
52 296464512 296398976
55 258822336 258756800
21 390661824 390596288
55 221180160 221114624
54 221038656 220973120
2 277643456 277577920
16 409482944 409417408
57 371840768 371775232
52 296464576 296399040
55 258822400 258756864
21 390661888 390596352
55 221180224 221114688
54 221038720 220973184
2 277643520 277577984
16 409483008 409417472
57 371840832 371775296
52 296464640 296399104
55 258822464 258756928
21 390661952 390596416
55 221180288 221114752
54 221038784 220973248
2 277643584 277578048
16 409483072 409417536
57 371840896 371775360
52 296464704 296399168
55 258822528 258756992
21 390662016 390596480
55 221180352 221114816
54 221038848 220973312
2 277643648 277578112
16 409483136 409417600
57 371840960 371775424
52 296464768 369471872
55 258822592 258757056
21 390662080 390596544
55 221180416 221114880
54 221038912 220973376
2 277643712 277578176
16 409483200 409417664
57 371841024 371775488
52 296464832 390607296
55 258822656 258757120
21 390662144 390596608
55 221180480 221114944
54 221038976 220973440
2 277643776 277578240
16 409483264 409417728
57 371841088 371775552
52 296464896 390607360
55 258822720 258757184
21 390662208 390596672
55 221180544 221115008
54 221039040 220973504
2 277643840 277578304
16 409483328 409417792
57 371841152 371775616
52 296464960 390607424
55 258822784 258757248
21 390662272 390596736
55 221180608 221115072
54 221039104 220973568
2 277643904 277578368
16 409483392 409417856
57 371841216 371775680
52 296465024 390607488
55 258822848 258757312
21 390662336 390596800
55 221180672 221115136
54 221039168 220973632
2 277643968 277578432
16 409483456 409417920
57 371841280 371775744
52 296465088 390607552
55 258822912 258757376
21 390662400 390596864
55 221180736 221115200
54 221039232 220973696
2 277644032 277578496
16 409483520 409417984
57 371841344 371775808
52 296465152 390607616
55 258822976 258757440
21 390662464 390596928
55 221180800 221115264
54 221039296 220973760
2 277644096 277578560
16 409483584 409418048
57 371841408 371775872
52 296465216 390607680
55 258823040 258757504
21 390662528 390596992
55 221180864 221115328
54 221039360 220973824
2 277644160 277578624
16 409483648 409418112
57 371841472 371775936
52 296465280 390607744
55 258823104 258757568
21 390662592 390597056
55 221180928 221115392
54 221039424 220973888
2 277644224 277578688
16 409483712 409418176
57 371841536 371776000
52 296465344 296399808
55 258823168 258757632
21 390662656 390597120
55 221180992 221115456
54 221039488 220973952
2 277644288 277578752
16 409483776 409418240
57 371841600 371776064
52 296465408 296399872
55 258823232 258757696
21 390662720 390597184
73 221181056 221115520
12 371841664 371776128
1 221039552 220974016
2 277644352 277578816
7 296465472 296399936
8 409483840 409418304
6 258823296 258757760
21 390662784 390597248
55 221181120 221115584
54 221039616 220974080
2 277644416 277578880
16 409483904 409418368
57 371841728 371776192
52 296465536 296400000
55 258823360 258757824
21 390662848 390597312
55 221181184 221115648
54 221039680 220974144
2 277644480 277578944
16 409483968 409418432
57 371841792 371776256
52 296465600 296400064
55 258823424 258757888
21 390662912 390597376
55 221181248 221115712
54 221039744 220974208
2 277644544 277579008
16 409484032 409418496
57 371841856 371776320
52 296465664 296400128
55 258823488 258757952
21 390662976 390597440
55 221181312 221115776
54 221039808 220974272
2 277644608 277579072
16 409484096 409418560
57 371841920 371776384
52 296465728 296400192
55 258823552 258758016
21 390663040 390597504
55 221181376 221115840
54 221039872 220974336
2 277644672 277579136
16 409484160 409418624
57 371841984 371776448
52 296465792 296400256
55 258823616 258758080
21 390663104 390597568
55 221181440 221115904
54 221039936 220974400
2 277644736 277579200
16 409484224 409418688
57 371842048 371776512
52 296465856 296400320
55 258823680 258758144
21 390663168 390597632
55 221181504 221115968
54 221040000 220974464
2 277644800 277579264
16 409484288 409418752
57 371842112 371776576
52 296465920 296400384
55 258823744 258758208
21 390663232 390597696
55 221181568 221116032
54 221040064 220974528
2 277644864 277579328
16 409484352 409418816
57 371842176 371776640
52 296465984 296400448
55 258823808 258758272
21 390663296 390597760
55 221181632 221116096
54 221040128 220974592
2 277644928 277579392
16 409484416 409418880
57 371842240 371776704
52 296466048 296400512
55 258823872 258758336
21 390663360 390597824
55 221181696 221116160
54 221040192 220974656
2 277644992 277579456
16 409484480 409418944
57 371842304 371776768
52 296466112 296400576
55 258823936 258758400
21 390663424 390597888
55 221181760 221116224
54 221040256 220974720
2 277645056 277579520
16 409484544 409419008
57 371842368 371776832
52 296466176 296400640
55 258824000 258758464
21 390663488 390597952
55 221181824 221116288
54 221040320 220974784
2 277645120 277579584
16 409484608 409419072
57 371842432 371776896
52 296466240 296400704
55 258824064 258758528
21 390663552 390598016
55 221181888 221116352
54 221040384 220974848
2 277645184 277579648
16 409484672 409419136
57 371842496 371776960
52 296466304 296400768
55 258824128 258758592
21 390663616 390598080
55 221181952 221116416
54 221040448 220974912
2 277645248 277579712
16 409484736 409419200
57 371842560 371777024
52 296466368 296400832
55 258824192 258758656
21 390663680 390598144
55 221182016 221116480
54 221040512 220974976
2 277645312 277579776
16 409484800 409419264
57 371842624 371777088
52 296466432 296400896
55 258824256 258758720
21 390663744 390598208
55 221182080 221116544
54 221040576 220975040
2 277645376 277579840
16 409484864 409419328
57 371842688 371777152
52 296466496 296400960
31 221182144 221116608
1 258824320 258758784
12 221040640 220975104
2 277645440 277579904
5 390663808 390598272
10 409484928 409419392
17 371842752 371777216
52 296466560 296401024
55 258824384 258758848
21 390663872 390598336
55 221182208 221116672
54 221040704 220975168
2 277645504 277579968
16 409484992 409419456
57 371842816 371777280
52 296466624 296401088
55 258824448 258758912
21 390663936 390598400
55 221182272 221116736
54 221040768 220975232
2 277645568 277580032
16 409485056 409419520
57 371842880 371777344
52 296466688 296401152
55 258824512 258758976
21 390664000 390598464
55 221182336 221116800
54 221040832 220975296
2 277645632 277580096
16 409485120 409419584
57 371842944 371777408
52 296466752 296401216
55 258824576 258759040
21 390664064 390598528
55 221182400 221116864
54 221040896 220975360
2 277645696 277580160
16 409485184 409419648
57 371843008 371777472
52 296466816 296401280
55 258824640 258759104
21 390664128 390598592
55 221182464 221116928
54 221040960 220975424
2 277645760 277580224
16 409485248 409419712
57 371843072 371777536
52 296466880 296401344
55 258824704 258759168
21 390664192 390598656
55 221182528 221116992
54 221041024 220975488
2 277645824 277580288
16 409485312 409419776
57 371843136 371777600
52 296466944 296401408
55 258824768 258759232
21 390664256 390598720
55 221182592 221117056
54 221041088 220975552
2 277645888 277580352
16 409485376 409419840
57 371843200 371777664
52 296467008 296401472
55 258824832 258759296
21 390664320 390598784
55 221182656 221117120
54 221041152 220975616
2 277645952 277580416
16 409485440 409419904
57 371843264 371777728
52 296467072 296401536
55 258824896 258759360
21 390664384 390598848
55 221182720 221117184
54 221041216 220975680
2 277646016 277580480
16 409485504 409419968
57 371843328 371777792
52 296467136 296401600
55 258824960 258759424
21 390664448 390598912
55 221182784 221117248
54 221041280 220975744
2 277646080 277580544
16 409485568 409420032
57 371843392 371777856
52 296467200 296401664
55 258825024 258759488
21 390664512 390598976
55 221182848 221117312
54 221041344 220975808
2 277646144 277580608
16 409485632 409420096
57 371843456 371777920
52 296467264 296401728
55 258825088 258759552
21 390664576 390599040
55 221182912 221117376
54 221041408 220975872
2 277646208 277580672
16 409485696 409420160
57 371843520 371777984
52 296467328 296401792
55 258825152 258759616
21 390664640 390599104
55 221182976 221117440
54 221041472 220975936
2 277646272 277580736
16 409485760 409420224
57 371843584 371778048
52 296467392 296401856
55 258825216 258759680
21 390664704 390599168
55 221183040 221117504
54 221041536 220976000
2 277646336 277580800
16 409485824 409420288
57 371843648 371778112
52 296467456 296401920
55 258825280 258759744
21 390664768 390599232
55 221183104 221117568
54 221041600 220976064
2 277646400 277580864
16 409485888 409420352
57 371843712 371778176
52 296467520 296401984
55 258825344 258759808
21 390664832 390599296
55 221183168 221117632
54 221041664 220976128
2 277646464 277580928
16 409485952 409420416
24 258825408 258759872
10 371843776 371778240
10 390664896 390599360
1 296467584 296402048
13 221183232 221117696
54 221041728 220976192
2 277646528 277580992
16 409486016 409420480
57 371843840 371778304
52 296467648 296402112
55 258825472 258759936
21 390664960 390599424
55 221183296 221117760
54 221041792 220976256
2 277646592 277581056
16 409486080 409420544
57 371843904 371778368
52 296467712 296402176
55 258825536 258760000
21 390665024 390599488
55 221183360 221117824
54 221041856 220976320
2 277646656 277581120
16 409486144 409420608
57 371843968 371778432
52 296467776 296402240
55 258825600 258760064
21 390665088 390599552
55 221183424 221117888
54 221041920 220976384
2 277646720 277581184
16 409486208 409420672
57 371844032 371778496
52 296467840 296402304
55 258825664 258760128
21 390665152 390599616
55 221183488 221117952
54 221041984 220976448
2 277646784 277581248
16 409486272 409420736
57 371844096 371778560
52 296467904 296402368
55 258825728 258760192
21 390665216 390599680
55 221183552 221118016
54 221042048 220976512
2 277646848 277581312
16 409486336 409420800
57 371844160 371778624
52 296467968 296402432
55 258825792 258760256
21 390665280 390599744
55 221183616 221118080
54 221042112 220976576
2 277646912 277581376
16 409486400 409420864
57 371844224 371778688
52 296468032 296402496
55 258825856 258760320
21 390665344 390599808
55 221183680 221118144
54 221042176 220976640
2 277646976 277581440
16 409486464 409420928
57 371844288 371778752
52 296468096 296402560
55 258825920 258760384
21 390665408 390599872
55 221183744 221118208
54 221042240 220976704
2 277647040 277581504
16 409486528 409420992
57 371844352 371778816
52 296468160 296402624
55 258825984 258760448
21 390665472 390599936
55 221183808 221118272
54 221042304 220976768
2 277647104 277581568
16 409486592 409421056
57 371844416 371778880
52 296468224 296402688
55 258826048 258760512
21 390665536 390600000
55 221183872 221118336
54 221042368 220976832
2 277647168 277581632
16 409486656 409421120
57 371844480 371778944
52 296468288 296402752
55 258826112 258760576
21 390665600 390600064
55 221183936 221118400
54 221042432 220976896
2 277647232 277581696
16 409486720 409421184
57 371844544 371779008
52 296468352 296402816
55 258826176 258760640
21 390665664 390600128
55 221184000 221118464
54 221042496 220976960
2 277647296 277581760
16 409486784 409421248
57 371844608 371779072
52 296468416 296402880
55 258826240 258760704
21 390665728 390600192
55 221184064 221118528
54 221042560 220977024
2 277647360 277581824
16 409486848 409421312
57 371844672 371779136
52 296468480 296402944
55 258826304 258760768
21 390665792 390600256
55 221184128 221118592
54 221042624 220977088
2 277647424 277581888
16 409486912 409421376
57 371844736 371779200
52 296468544 296403008
55 258826368 258760832
21 390665856 390600320
55 221184192 221118656
54 221042688 220977152
2 277647488 277581952
16 409486976 409421440
57 371844800 371779264
52 296468608 296403072
55 258826432 258760896
21 390665920 390600384
33 221184256 221118720
12 371844864 371779328
1 221042752 220977216
2 277647552 277582016
7 296468672 296403136
8 409487040 409421504
46 258826496 258760960
21 390665984 390600448
55 221184320 221118784
54 221042816 220977280
2 277647616 277582080
16 409487104 409421568
57 371844928 371779392
52 296468736 296403200
55 258826560 258761024
21 390666048 390600512
55 221184384 221118848
54 221042880 220977344
2 277647680 277582144
16 409487168 409421632
57 371844992 371779456
52 296468800 296403264
55 258826624 258761088
21 390666112 390600576
55 221184448 221118912
54 221042944 220977408
2 277647744 277582208
16 409487232 409421696
57 371845056 371779520
52 296468864 296403328
55 258826688 258761152
21 390666176 390600640
55 221184512 221118976
54 221043008 220977472
2 277647808 277582272
16 409487296 409421760
57 371845120 371779584
52 296468928 296403392
55 258826752 258761216
21 390666240 390600704
55 221184576 221119040
54 221043072 220977536
2 277647872 277582336
16 409487360 409421824
57 371845184 371779648
52 296468992 296403456
55 258826816 258761280
21 390666304 277583936
55 221184640 221119104
54 221043136 220977600
2 277647936 277582400
16 409487424 409421888
57 371845248 371779712
52 296469056 296403520
55 258826880 258761344
21 390666368 277584000
55 221184704 221119168
54 221043200 220977664
2 277648000 277582464
16 409487488 409421952
57 371845312 371779776
52 296469120 296403584
55 258826944 258761408
21 390666432 277584064
55 221184768 221119232
54 221043264 220977728
2 277648064 277582528
16 409487552 409422016
57 371845376 371779840
52 296469184 296403648
55 258827008 258761472
21 390666496 277584128
55 221184832 221119296
54 221043328 220977792
2 277648128 277582592
16 409487616 409422080
57 371845440 371779904
52 296469248 296403712
55 258827072 258761536
21 390666560 277584192
55 221184896 221119360
54 221043392 220977856
2 277648192 277582656
16 409487680 409422144
57 371845504 371779968
52 296469312 296403776
55 258827136 258761600
21 390666624 277584256
55 221184960 221119424
54 221043456 220977920
2 277648256 277582720
16 409487744 409422208
57 371845568 371780032
52 296469376 296403840
55 258827200 258761664
21 390666688 277584320
55 221185024 221119488
54 221043520 220977984
2 277648320 277582784
16 409487808 409422272
57 371845632 371780096
52 296469440 296403904
55 258827264 258761728
21 390666752 277584384
55 221185088 221119552
54 221043584 220978048
2 277648384 277582848
16 409487872 409422336
57 371845696 371780160
52 296469504 296403968
55 258827328 258761792
21 390666816 277584448
55 221185152 221119616
54 221043648 220978112
2 277648448 277582912
16 409487936 409422400
57 371845760 371780224
52 296469568 296404032
55 258827392 258761856
21 390666880 277584512
55 221185216 221119680
54 221043712 220978176
2 277648512 277582976
16 409488000 409422464
57 371845824 371780288
52 296469632 296404096
55 258827456 258761920
21 390666944 277584576
55 221185280 221119744
54 221043776 220978240
2 277648576 277583040
16 409488064 409422528
57 371845888 371780352
44 221185344 221119808
1 258827520 258761984
12 221043840 220978304
2 277648640 277583104
5 390667008 277584640
1 296469696 296404160
8 409488128 409422592
57 371845952 371780416
52 296469760 296404224
55 258827584 258762048
21 390667072 277584704
55 221185408 221119872
54 221043904 220978368
2 277648704 277583168
16 409488192 409422656
57 371846016 371780480
52 296469824 296404288
55 258827648 258762112
21 390667136 277584768
55 221185472 221119936
54 221043968 220978432
2 277648768 277583232
16 409488256 409422720
57 371846080 371780544
52 296469888 296404352
55 258827712 258762176
21 390667200 277584832
55 221185536 221120000
54 221044032 220978496
2 277648832 277583296
16 409488320 409422784
57 371846144 371780608
52 296469952 296404416
55 258827776 258762240
21 390667264 277584896
55 221185600 221120064
54 221044096 220978560
2 277648896 277583360
16 409488384 409422848
57 371846208 371780672
52 296470016 296404480
55 258827840 258762304
21 390667328 277584960
55 221185664 221120128
54 221044160 220978624
2 277648960 277583424
16 409488448 409422912
57 371846272 371780736
52 296470080 296404544
55 258827904 258762368
21 390667392 277585024
55 221185728 221120192
54 221044224 220978688
2 277649024 277583488
16 409488512 409422976
57 371846336 371780800
52 296470144 296404608
55 258827968 258762432
21 390667456 277585088
55 221185792 221120256
54 221044288 220978752
2 277649088 277583552
16 409488576 409423040
57 371846400 371780864
52 296470208 296404672
55 258828032 258762496
21 390667520 277585152
55 221185856 221120320
54 221044352 220978816
2 277649152 277583616
16 409488640 409423104
57 371846464 371780928
52 296470272 296404736
55 258828096 258762560
21 390667584 277585216
55 221185920 221120384
54 221044416 220978880
2 277649216 277583680
16 409488704 409423168
57 371846528 371780992
52 296470336 296404800
55 258828160 258762624
21 390667648 277585280
55 221185984 221120448
54 221044480 220978944
2 277649280 277583744
16 409488768 409423232
57 371846592 371781056
52 296470400 296404864
55 258828224 258762688
21 390667712 277585344
55 221186048 221120512
54 221044544 220979008
2 277649344 277583808
16 409488832 409423296
57 371846656 371781120
52 296470464 296404928
55 258828288 258762752
21 390667776 277585408
55 221186112 221120576
54 221044608 220979072
2 277649408 277583872
16 409488896 409423360
57 371846720 371781184
52 296470528 296404992
55 258828352 258762816
21 390667840 277585472
55 221186176 221120640
54 221044672 220979136
2 277649472 221124672
16 409488960 409423424
57 371846784 371781248
52 296470592 296405056
55 258828416 258762880
21 390667904 277585536
55 221186240 221120704
54 221044736 220979200
2 277649536 221124736
16 409489024 409423488
57 371846848 371781312
52 296470656 296405120
55 258828480 258762944
21 390667968 277585600
55 221186304 221120768
54 221044800 220979264
2 277649600 221124800
16 409489088 409423552
57 371846912 371781376
52 296470720 296405184
55 258828544 258763008
21 390668032 277585664
55 221186368 221120832
59 258828608 258763072
10 371846976 371781440
1 221044864 220979328
2 277649664 221124864
5 390668096 277585728
1 296470784 296405248
8 409489152 409423616
44 221186432 221120896
54 221044928 220979392
2 277649728 221124928
16 409489216 409423680
57 371847040 371781504
52 296470848 296405312
55 258828672 258763136
21 390668160 277585792
55 221186496 221120960
54 221044992 220979456
2 277649792 221124992
16 409489280 409423744
57 371847104 371781568
52 296470912 296405376
55 258828736 258763200
21 390668224 277585856
55 221186560 221121024
54 221045056 220979520
2 277649856 221125056
16 409489344 409423808
57 371847168 371781632
52 296470976 296405440
55 258828800 258763264
21 390668288 277585920
55 221186624 221121088
54 221045120 220979584
2 277649920 221125120
16 409489408 409423872
57 371847232 371781696
52 296471040 296405504
55 258828864 258763328
21 390668352 277585984
55 221186688 221121152
54 221045184 220979648
2 277649984 221125184
16 409489472 409423936
57 371847296 371781760
52 296471104 296405568
55 258828928 258763392
21 390668416 277586048
55 221186752 221121216
54 221045248 220979712
2 277650048 221125248
16 409489536 409424000
57 371847360 371781824
52 296471168 296405632
55 258828992 258763456
21 390668480 390602944
55 221186816 221121280
54 221045312 220979776
2 277650112 221125312
16 409489600 409424064
57 371847424 371781888
52 296471232 296405696
55 258829056 258763520
21 390668544 390603008
55 221186880 221121344
54 221045376 220979840
2 277650176 221125376
16 409489664 409424128
57 371847488 371781952
52 296471296 296405760
55 258829120 258763584
21 390668608 390603072
55 221186944 221121408
54 221045440 220979904
2 277650240 221125440
16 409489728 409424192
57 371847552 371782016
52 296471360 296405824
55 258829184 258763648
21 390668672 390603136
55 221187008 221121472
54 221045504 220979968
2 277650304 221125504
16 409489792 409424256
57 371847616 371782080
52 296471424 296405888
55 258829248 258763712
21 390668736 390603200
55 221187072 221121536
54 221045568 220980032
2 277650368 221125568
16 409489856 409424320
57 371847680 371782144
52 296471488 296405952
55 258829312 258763776
21 390668800 390603264
55 221187136 221121600
54 221045632 220980096
2 277650432 221125632
16 409489920 409424384
57 371847744 371782208
52 296471552 296406016
55 258829376 258763840
21 390668864 390603328
55 221187200 221121664
54 221045696 220980160
2 277650496 221125696
16 409489984 409424448
57 371847808 371782272
52 296471616 296406080
55 258829440 258763904
21 390668928 390603392
55 221187264 221121728
54 221045760 220980224
2 277650560 221125760
16 409490048 409424512
57 371847872 371782336
52 296471680 296406144
55 258829504 258763968
21 390668992 390603456
55 221187328 221121792
54 221045824 220980288
2 277650624 221125824
16 409490112 409424576
57 371847936 371782400
52 296471744 296406208
55 258829568 258764032
21 390669056 390603520
55 221187392 221121856
54 221045888 220980352
2 277650688 221125888
16 409490176 409424640
57 371848000 371782464
52 296471808 296406272
71 221187456 221121920
1 258829632 258764096
10 371848064 371782528
1 221045952 220980416
2 277650752 221125952
5 390669120 390603584
10 409490240 409424704
30 296471872 296406336
55 258829696 258764160
21 390669184 390603648
55 221187520 221121984
54 221046016 220980480
2 277650816 221126016
16 409490304 409424768
57 371848128 371782592
52 296471936 296406400
55 258829760 258764224
21 390669248 390603712
55 221187584 221122048
54 221046080 220980544
2 277650880 221126080
16 409490368 409424832
57 371848192 371782656
52 296472000 296406464
55 258829824 258764288
21 390669312 390603776
55 221187648 221122112
54 221046144 220980608
2 277650944 221126144
16 409490432 409424896
57 371848256 371782720
52 296472064 296406528
55 258829888 258764352
21 390669376 390603840
55 221187712 221122176
54 221046208 220980672
2 277651008 221126208
16 409490496 409424960
57 371848320 371782784
52 296472128 296406592
55 258829952 258764416
21 390669440 390603904
55 221187776 221122240
54 221046272 220980736
2 277651072 221126272
16 409490560 409425024
57 371848384 371782848
52 296472192 296406656
55 258830016 258764480
21 390669504 390603968
55 221187840 221122304
54 221046336 220980800
2 277651136 221126336
16 409490624 409425088
57 371848448 371782912
52 296472256 296406720
55 258830080 258764544
21 390669568 390604032
55 221187904 221122368
54 221046400 220980864
2 277651200 221126400
16 409490688 409425152
57 371848512 371782976
52 296472320 296406784
55 258830144 258764608
21 390669632 390604096
55 221187968 221122432
54 221046464 220980928
2 277651264 221126464
16 409490752 409425216
57 371848576 371783040
52 296472384 296406848
55 258830208 258764672
21 390669696 390604160
55 221188032 221122496
54 221046528 220980992
2 277651328 221126528
16 409490816 409425280
57 371848640 371783104
52 296472448 296406912
55 258830272 258764736
21 390669760 390604224
55 221188096 221122560
54 221046592 220981056
2 277651392 221126592
16 409490880 409425344
57 371848704 371783168
52 296472512 296406976
55 258830336 258764800
21 390669824 390604288
55 221188160 221122624
54 221046656 220981120
2 277651456 221126656
16 409490944 409425408
57 371848768 371783232
52 296472576 296407040
55 258830400 258764864
21 390669888 390604352
55 221188224 221122688
54 221046720 220981184
2 277651520 221126720
16 409491008 409425472
57 371848832 371783296
52 296472640 296407104
55 258830464 258764928
21 390669952 390604416
55 221188288 221122752
54 221046784 220981248
2 277651584 221126784
16 409491072 409425536
57 371848896 371783360
52 296472704 296407168
55 258830528 258764992
21 390670016 390604480
55 221188352 221122816
54 221046848 220981312
2 277651648 277586112
16 409491136 409425600
57 371848960 371783424
52 296472768 296407232
55 258830592 258765056
21 390670080 390604544
55 221188416 221122880
54 221046912 220981376
2 277651712 277586176
16 409491200 409425664
57 371849024 371783488
52 296472832 296407296
55 258830656 258765120
21 390670144 390604608
55 221188480 221122944
54 221046976 220981440
2 277651776 277586240
16 409491264 409425728
53 369472448 390607808
8 221188544 221123008
1 258830720 258765184
10 371849088 371783552
10 390670208 390604672
1 296472896 296407360
28 221047040 220981504
2 277651840 277586304
16 409491328 409425792
57 371849152 371783616
52 296472960 296407424
55 258830784 258765248
21 390670272 390604736
55 221188608 221123072
54 221047104 220981568
2 277651904 277586368
16 409491392 409425856
57 371849216 371783680
52 296473024 296407488
55 258830848 258765312
21 390670336 390604800
55 221188672 221123136
54 221047168 220981632
2 277651968 277586432
16 409491456 409425920
57 371849280 371783744
52 296473088 296407552
55 258830912 258765376
21 390670400 390604864
55 221188736 221123200
54 221047232 220981696
2 277652032 277586496
16 409491520 409425984
57 371849344 371783808
52 296473152 296407616
55 258830976 258765440
21 390670464 390604928
55 221188800 221123264
54 221047296 220981760
2 277652096 277586560
16 409491584 409426048
57 371849408 371783872
52 296473216 296407680
55 258831040 258765504
21 390670528 390604992
55 221188864 221123328
54 221047360 220981824
2 277652160 277586624
16 409491648 409426112
57 371849472 371783936
52 296473280 296407744
55 258831104 258765568
21 390670592 390605056
55 221188928 221123392
54 221047424 220981888
2 277652224 277586688
16 409491712 409426176
57 371849536 371784000
52 296473344 296407808
55 258831168 258765632
21 390670656 390605120
55 221188992 221123456
54 221047488 220981952
2 277652288 277586752
16 409491776 409426240
57 371849600 371784064
52 296473408 296407872
55 258831232 258765696
21 390670720 390605184
55 221189056 221123520
54 221047552 220982016
2 277652352 277586816
16 409491840 409426304
57 371849664 371784128
52 296473472 296407936
55 258831296 258765760
21 390670784 390605248
55 221189120 221123584
54 221047616 220982080
2 277652416 277586880
16 409491904 409426368
57 371849728 371784192
52 296473536 296408000
55 258831360 258765824
21 390670848 390605312
55 221189184 221123648
54 221047680 220982144
2 277652480 277586944
16 409491968 409426432
57 371849792 371784256
52 296473600 296408064
55 258831424 258765888
21 390670912 390605376
55 221189248 221123712
54 221047744 220982208
2 277652544 277587008
16 409492032 409426496
57 371849856 371784320
52 296473664 296408128
55 258831488 258765952
21 390670976 390605440
55 221189312 221123776
54 221047808 220982272
2 277652608 277587072
16 409492096 409426560
57 371849920 371784384
52 296473728 296408192
55 258831552 258766016
21 390671040 390605504
55 221189376 221123840
54 221047872 220982336
2 277652672 277587136
16 409492160 409426624
57 371849984 371784448
52 296473792 296408256
55 258831616 258766080
21 390671104 390605568
55 221189440 221123904
54 221047936 220982400
2 277652736 277587200
16 409492224 409426688
57 371850048 371784512
52 296473856 296408320
55 258831680 258766144
21 390671168 390605632
55 221189504 221123968
54 221048000 220982464
2 277652800 277587264
16 409492288 409426752
57 371850112 371784576
52 296473920 296408384
55 258831744 258766208
21 390671232 390605696
73 221189568 221124032
12 371850176 371784640
1 221048064 220982528
2 277652864 277587328
7 296473984 296408448
8 409492352 409426816
6 258831808 258766272
21 390671296 390605760
55 221189632 221124096
54 221048128 220982592
2 277652928 277587392
16 409492416 409426880
57 371850240 371784704
52 296474048 296408512
55 258831872 258766336
21 390671360 390605824
55 221189696 221124160
54 221048192 220982656
2 277652992 277587456
16 409492480 409426944
57 371850304 371784768
52 296474112 296408576
55 258831936 258766400
21 390671424 390605888
55 221189760 221124224
54 221048256 220982720
2 277653056 277587520
16 409492544 409427008
57 371850368 371784832
52 296474176 296408640
55 258832000 258766464
21 390671488 390605952
55 221189824 221124288
54 221048320 220982784
2 277653120 277587584
16 409492608 409427072
57 371850432 371784896
52 296474240 296408704
55 258832064 258766528
21 390671552 390606016
55 221189888 221124352
54 221048384 220982848
2 277653184 277587648
16 409492672 409427136
57 371850496 371784960
52 296474304 296408768
55 258832128 258766592
21 390671616 390606080
55 221189952 221124416
54 221048448 220982912
2 277653248 277587712
16 409492736 409427200
57 371850560 371785024
52 296474368 296408832
55 258832192 258766656
21 390671680 390606144
55 221190016 221124480
54 221048512 220982976
2 277653312 277587776
16 409492800 409427264
57 371850624 371785088
52 296474432 296408896
55 258832256 258766720
21 390671744 390606208
55 221190080 221124544
54 221048576 220983040
2 277653376 277587840
16 409492864 409427328
57 371850688 371785152
52 296474496 296408960
55 258832320 258766784
21 390671808 390606272
55 221190144 221124608
54 221048640 220983104
2 277653440 277587904
16 409492928 409427392
57 371850752 371785216
52 296474560 296409024
55 258832384 258766848
21 390671872 390606336
55 221190208 371791936
54 221048704 220983168
2 277653504 277587968
16 409492992 409427456
57 371850816 371785280
52 296474624 296409088
55 258832448 258766912
21 390671936 390606400
55 221190272 371792000
54 221048768 220983232
2 277653568 277588032
16 409493056 409427520
57 371850880 371785344
52 296474688 296409152
55 258832512 258766976
21 390672000 390606464
55 221190336 371792064
54 221048832 220983296
2 277653632 277588096
16 409493120 409427584
57 371850944 371785408
52 296474752 296409216
55 258832576 258767040
21 390672064 390606528
55 221190400 371792128
54 221048896 220983360
2 277653696 277588160
16 409493184 409427648
57 371851008 371785472
52 296474816 296409280
55 258832640 258767104
21 390672128 390606592
55 221190464 371792192
54 221048960 220983424
2 277653760 277588224
16 409493248 409427712
57 371851072 371785536
52 296474880 296409344
55 258832704 258767168
21 390672192 390606656
55 221190528 371792256
54 221049024 220983488
2 277653824 277588288
16 409493312 409427776
57 371851136 371785600
52 296474944 296409408
55 258832768 258767232
21 390672256 390606720
55 221190592 371792320
54 221049088 220983552
2 277653888 277588352
16 409493376 409427840
57 371851200 371785664
52 296475008 296409472
31 221190656 371792384
1 258832832 258767296
12 221049152 220983616
2 277653952 277588416
5 390672320 390606784
10 409493440 409427904
17 371851264 371785728
52 296475072 296409536
55 258832896 258767360
21 390672384 390606848
55 221190720 371792448
54 221049216 220983680
2 277654016 277588480
16 409493504 409427968
57 371851328 371785792
52 296475136 296409600
55 258832960 258767424
21 390672448 390606912
55 221190784 371792512
54 221049280 220983744
2 277654080 277588544
16 409493568 409428032
57 371851392 371785856
52 296475200 296409664
55 258833024 258767488
21 390672512 390606976
55 221190848 371792576
54 221049344 220983808
2 277654144 277588608
16 409493632 409428096
57 371851456 371785920
52 296475264 296409728
55 258833088 258767552
21 390672576 390607040
55 221190912 371792640
54 221049408 220983872
2 277654208 277588672
16 409493696 409428160
57 371851520 371785984
52 296475328 296409792
55 258833152 258767616
21 390672640 390607104
55 221190976 371792704
54 221049472 220983936
2 277654272 277588736
16 409493760 409428224
57 371851584 371786048
52 296475392 296409856
55 258833216 258767680
21 390672704 390607168
55 221191040 371792768
54 221049536 220984000
2 277654336 277588800
16 409493824 409428288
57 371851648 371786112
52 296475456 296409920
55 258833280 258767744
21 390672768 390607232
55 221191104 371792832
54 221049600 220984064
2 277654400 277588864
16 409493888 409428352
57 371851712 371786176
52 296475520 296409984
55 258833344 258767808
21 390672832 277590464
55 221191168 371792896
54 221049664 220984128
2 277654464 277588928
16 409493952 409428416
57 371851776 371786240
52 296475584 296410048
55 258833408 258767872
21 390672896 277590528
55 221191232 371792960
54 221049728 220984192
2 277654528 277588992
16 409494016 409428480
57 371851840 371786304
52 296475648 296410112
55 258833472 258767936
21 390672960 277590592
55 221191296 371793024
54 221049792 220984256
2 277654592 277589056
16 409494080 409428544
57 371851904 371786368
52 296475712 296410176
55 258833536 258768000
21 390673024 277590656
55 221191360 371793088
54 221049856 220984320
2 277654656 277589120
16 409494144 409428608
57 371851968 371786432
52 296475776 296410240
55 258833600 258768064
21 390673088 277590720
55 221191424 371793152
54 221049920 220984384
2 277654720 277589184
16 409494208 409428672
57 371852032 371786496
52 296475840 296410304
55 258833664 258768128
21 390673152 277590784
55 221191488 371793216
54 221049984 220984448
2 277654784 277589248
16 409494272 409428736
57 371852096 371786560
52 296475904 296410368
55 258833728 258768192
21 390673216 277590848
55 221191552 371793280
54 221050048 220984512
2 277654848 277589312
16 409494336 409428800
57 371852160 371786624
52 296475968 296410432
55 258833792 258768256
21 390673280 277590912
55 221191616 371793344
54 221050112 220984576
2 277654912 277589376
16 409494400 409428864
57 371852224 371786688
52 296476032 296410496
55 258833856 258768320
21 390673344 277590976
55 221191680 371793408
54 221050176 220984640
2 277654976 277589440
16 409494464 409428928
24 258833920 258768384
10 371852288 371786752
10 390673408 390607872
1 296476096 296410560
13 221191744 371793472
54 221050240 220984704
2 277655040 277589504
16 409494528 409428992
57 371852352 371786816
52 296476160 296410624
55 258833984 258768448
21 390673472 390607936
55 221191808 371793536
54 221050304 220984768
2 277655104 277589568
16 409494592 409429056
57 371852416 371786880
52 296476224 296410688
55 258834048 258768512
21 390673536 390608000
55 221191872 371793600
54 221050368 220984832
2 277655168 277589632
16 409494656 409429120
57 371852480 371786944
52 296476288 296410752
55 258834112 258768576
21 390673600 390608064
55 221191936 371793664
54 221050432 220984896
2 277655232 277589696
16 409494720 409429184
57 371852544 371787008
52 296476352 296410816
55 258834176 258768640
21 390673664 390608128
55 221192000 371793728
54 221050496 220984960
2 277655296 277589760
16 409494784 409429248
57 371852608 371787072
52 296476416 296410880
55 258834240 258768704
21 390673728 390608192
55 221192064 371793792
54 221050560 220985024
2 277655360 277589824
16 409494848 409429312
57 371852672 371787136
52 296476480 296410944
55 258834304 258768768
21 390673792 390608256
55 221192128 371793856
54 221050624 220985088
2 277655424 277589888
16 409494912 409429376
57 371852736 371787200
52 296476544 296411008
55 258834368 258768832
21 390673856 390608320
55 221192192 371793920
54 221050688 220985152
2 277655488 277589952
16 409494976 409429440
57 371852800 371787264
52 296476608 296411072
55 258834432 258768896
21 390673920 390608384
55 221192256 371793984
54 221050752 220985216
2 277655552 277590016
16 409495040 409429504
57 371852864 371787328
52 296476672 296411136
55 258834496 258768960
21 390673984 390608448
55 221192320 371794048
54 221050816 220985280
2 277655616 277590080
16 409495104 409429568
57 371852928 371787392
52 296476736 296411200
55 258834560 258769024
21 390674048 390608512
55 221192384 221126848
54 221050880 220985344
2 277655680 277590144
16 409495168 409429632
57 371852992 371787456
52 296476800 296411264
55 258834624 258769088
21 390674112 390608576
55 221192448 221126912
54 221050944 220985408
2 277655744 277590208
16 409495232 409429696
57 371853056 371787520
52 296476864 296411328
55 258834688 258769152
21 390674176 390608640
55 221192512 221126976
54 221051008 220985472
2 277655808 277590272
16 409495296 409429760
57 371853120 371787584
52 296476928 296411392
55 258834752 258769216
21 390674240 390608704
55 221192576 221127040
54 221051072 220985536
2 277655872 277590336
16 409495360 409429824
57 371853184 371787648
52 296476992 296411456
55 258834816 258769280
21 390674304 390608768
55 221192640 221127104
54 221051136 220985600
2 277655936 277590400
16 409495424 409429888
57 371853248 371787712
52 296477056 296411520
55 258834880 258769344
21 390674368 390608832
55 221192704 221127168
54 221051200 220985664
2 277656000 369471936
16 409495488 409429952
57 371853312 371787776
52 296477120 296411584
55 258834944 258769408
21 390674432 390608896
33 221192768 221127232
12 371853376 371787840
1 221051264 220985728
2 277656064 221131264
7 296477184 296411648
8 409495552 409430016
46 258835008 258769472
21 390674496 390608960
55 221192832 221127296
54 221051328 220985792
2 277656128 221131328
16 409495616 409430080
57 371853440 371787904
52 296477248 296411712
55 258835072 258769536
21 390674560 390609024
55 221192896 221127360
54 221051392 220985856
2 277656192 221131392
16 409495680 409430144
57 371853504 371787968
52 296477312 296411776
55 258835136 258769600
21 390674624 390609088
55 221192960 221127424
54 221051456 220985920
2 277656256 221131456
16 409495744 409430208
57 371853568 371788032
52 296477376 296411840
55 258835200 258769664
21 390674688 390609152
55 221193024 221127488
54 221051520 220985984
2 277656320 221131520
16 409495808 409430272
57 371853632 371788096
52 296477440 296411904
55 258835264 258769728
21 390674752 390609216
55 221193088 221127552
54 221051584 220986048
2 277656384 221131584
16 409495872 409430336
57 371853696 371788160
52 296477504 296411968
55 258835328 258769792
21 390674816 390609280
55 221193152 221127616
54 221051648 220986112
2 277656448 221131648
16 409495936 409430400
57 371853760 371788224
52 296477568 296412032
55 258835392 258769856
21 390674880 390609344
55 221193216 221127680
54 221051712 220986176
2 277656512 221131712
16 409496000 409430464
57 371853824 371788288
52 296477632 296412096
55 258835456 258769920
21 390674944 390609408
55 221193280 221127744
54 221051776 220986240
2 277656576 277591040
16 409496064 409430528
57 371853888 371788352
52 296477696 296412160
55 258835520 258769984
21 390675008 390609472
55 221193344 221127808
54 221051840 220986304
2 277656640 277591104
16 409496128 409430592
57 371853952 371788416
52 296477760 296412224
55 258835584 258770048
21 390675072 390609536
55 221193408 221127872
54 221051904 220986368
2 277656704 277591168
16 409496192 409430656
57 371854016 371788480
52 296477824 296412288
55 258835648 258770112
21 390675136 390609600
55 221193472 221127936
54 221051968 220986432
2 277656768 277591232
16 409496256 409430720
57 371854080 371788544
52 296477888 296412352
55 258835712 258770176
21 390675200 390609664
55 221193536 221128000
54 221052032 220986496
2 277656832 277591296
16 409496320 409430784
57 371854144 371788608
52 296477952 296412416
55 258835776 258770240
21 390675264 390609728
55 221193600 221128064
54 221052096 220986560
2 277656896 277591360
16 409496384 409430848
57 371854208 371788672
52 296478016 296412480
55 258835840 258770304
21 390675328 390609792
55 221193664 221128128
54 221052160 220986624
2 277656960 277591424
16 409496448 409430912
57 371854272 371788736
52 296478080 296412544
55 258835904 258770368
21 390675392 390609856
55 221193728 221128192
54 221052224 220986688
2 277657024 277591488
16 409496512 409430976
57 371854336 371788800
52 296478144 296412608
55 258835968 258770432
21 390675456 390609920
55 221193792 221128256
54 221052288 220986752
2 277657088 277591552
16 409496576 409431040
57 371854400 371788864
44 221193856 221128320
1 258836032 258770496
12 221052352 220986816
2 277657152 277591616
5 390675520 390609984
1 296478208 296412672
8 409496640 409431104
57 371854464 371788928
52 296478272 296412736
55 258836096 258770560
21 390675584 390610048
55 221193920 221128384
54 221052416 220986880
2 277657216 277591680
16 409496704 409431168
57 371854528 371788992
52 296478336 296412800
55 258836160 258770624
21 390675648 390610112
55 221193984 221128448
54 221052480 220986944
2 277657280 277591744
16 409496768 409431232
57 371854592 371789056
52 296478400 296412864
55 258836224 258770688
21 390675712 390610176
55 221194048 221128512
54 221052544 220987008
2 277657344 277591808
16 409496832 409431296
57 371854656 371789120
52 296478464 296412928
55 258836288 258770752
21 390675776 390610240
55 221194112 221128576
54 221052608 220987072
2 277657408 277591872
16 409496896 409431360
57 371854720 371789184
52 296478528 296412992
55 258836352 258770816
21 390675840 390610304
55 221194176 221128640
54 221052672 220987136
2 277657472 277591936
16 409496960 409431424
57 371854784 371789248
52 296478592 296413056
55 258836416 258770880
21 390675904 390610368
55 221194240 221128704
54 221052736 220987200
2 277657536 277592000
16 409497024 409431488
57 371854848 371789312
52 296478656 296413120
55 258836480 258770944
21 390675968 390610432
55 221194304 221128768
54 221052800 220987264
2 277657600 277592064
16 409497088 409431552
57 371854912 371789376
52 296478720 296413184
55 258836544 258771008
21 390676032 390610496
55 221194368 221128832
54 221052864 220987328
2 277657664 277592128
16 409497152 409431616
57 371854976 371789440
52 296478784 296413248
55 258836608 258771072
21 390676096 390610560
55 221194432 221128896
54 221052928 220987392
2 277657728 277592192
16 409497216 409431680
57 371855040 371789504
52 296478848 296413312
55 258836672 258771136
21 390676160 390610624
55 221194496 221128960
54 221052992 220987456
2 277657792 277592256
16 409497280 409431744
57 371855104 371789568
52 296478912 296413376
55 258836736 258771200
21 390676224 390610688
55 221194560 221129024
54 221053056 220987520
2 277657856 277592320
16 409497344 409431808
57 371855168 371789632
52 296478976 296413440
55 258836800 258771264
21 390676288 390610752
55 221194624 221129088
54 221053120 220987584
2 277657920 277592384
16 409497408 409431872
57 371855232 371789696
52 296479040 296413504
55 258836864 258771328
21 390676352 390610816
55 221194688 221129152
54 221053184 220987648
2 277657984 277592448
16 409497472 409431936
57 371855296 371789760
52 296479104 296413568
55 258836928 258771392
21 390676416 390610880
55 221194752 221129216
54 221053248 220987712
2 277658048 277592512
16 409497536 409432000
57 371855360 371789824
52 296479168 296413632
55 258836992 258771456
21 390676480 390610944
55 221194816 221129280
54 221053312 220987776
2 277658112 277592576
16 409497600 409432064
57 371855424 371789888
52 296479232 296413696
55 258837056 258771520
21 390676544 390611008
55 221194880 221129344
59 258837120 258771584
10 371855488 371789952
1 221053376 220987840
2 277658176 277592640
5 390676608 390611072
1 296479296 296413760
8 409497664 409432128
44 221194944 221129408
54 221053440 220987904
2 277658240 277592704
16 409497728 409432192
57 371855552 371790016
52 296479360 296413824
55 258837184 258771648
21 390676672 390611136
55 221195008 221129472
54 221053504 220987968
2 277658304 277592768
16 409497792 409432256
57 371855616 371790080
52 296479424 296413888
55 258837248 258771712
21 390676736 390611200
55 221195072 221129536
54 221053568 220988032
2 277658368 277592832
16 409497856 409432320
57 371855680 371790144
52 296479488 296413952
55 258837312 258771776
21 390676800 390611264
55 221195136 221129600
54 221053632 220988096
2 277658432 277592896
16 409497920 409432384
57 371855744 371790208
52 296479552 296414016
55 258837376 258771840
21 390676864 390611328
55 221195200 221129664
54 221053696 220988160
2 277658496 277592960
16 409497984 409432448
57 371855808 371790272
52 296479616 296414080
55 258837440 258771904
21 390676928 390611392
55 221195264 221129728
54 221053760 220988224
2 277658560 277593024
16 409498048 409432512
57 371855872 371790336
52 296479680 296414144
55 258837504 258771968
21 390676992 390611456
55 221195328 221129792
54 221053824 220988288
2 277658624 277593088
16 409498112 409432576
57 371855936 371790400
52 296479744 296414208
55 258837568 258772032
21 390677056 390611520
55 221195392 221129856
54 221053888 220988352
2 277658688 277593152
16 409498176 409432640
57 371856000 371790464
52 296479808 296414272
55 258837632 258772096
21 390677120 390611584
55 221195456 221129920
54 221053952 220988416
2 277658752 277593216
16 409498240 409432704
57 371856064 371790528
52 296479872 296414336
55 258837696 258772160
21 390677184 390611648
55 221195520 221129984
54 221054016 220988480
2 277658816 277593280
16 409498304 409432768
57 371856128 371790592
52 296479936 296414400
55 258837760 258772224
21 390677248 390611712
55 221195584 221130048
54 221054080 220988544
2 277658880 277593344
16 409498368 409432832
57 371856192 371790656
52 296480000 296414464
55 258837824 258772288
21 390677312 390611776
55 221195648 221130112
54 221054144 220988608
2 277658944 277593408
16 409498432 409432896
57 371856256 371790720
52 296480064 296414528
55 258837888 258772352
21 390677376 390611840
55 221195712 221130176
54 221054208 220988672
2 277659008 277593472
16 409498496 409432960
57 371856320 371790784
52 296480128 296414592
55 258837952 258772416
21 390677440 390611904
55 221195776 221130240
54 221054272 220988736
2 277659072 277593536
16 409498560 409433024
57 371856384 371790848
52 296480192 296414656
55 258838016 258772480
21 390677504 390611968
55 221195840 221130304
54 221054336 220988800
2 277659136 277593600
16 409498624 409433088
57 371856448 371790912
52 296480256 296414720
55 258838080 258772544
21 390677568 390612032
55 221195904 221130368
54 221054400 220988864
2 277659200 277593664
16 409498688 409433152
57 371856512 371790976
52 296480320 296414784
71 221195968 221130432
1 258838144 258772608
10 371856576 371791040
1 221054464 220988928
2 277659264 277593728
5 390677632 390612096
10 409498752 409433216
30 296480384 296414848
55 258838208 258772672
21 390677696 390612160
55 221196032 221130496
54 221054528 220988992
2 277659328 277593792
16 409498816 409433280
57 371856640 371791104
52 296480448 296414912
55 258838272 258772736
21 390677760 390612224
55 221196096 221130560
54 221054592 220989056
2 277659392 277593856
16 409498880 409433344
57 371856704 371791168
52 296480512 296414976
55 258838336 258772800
21 390677824 390612288
55 221196160 221130624
54 221054656 220989120
2 277659456 277593920
16 409498944 409433408
57 371856768 371791232
52 296480576 296415040
55 258838400 258772864
21 390677888 390612352
55 221196224 221130688
54 221054720 220989184
2 277659520 277593984
16 409499008 409433472
57 371856832 371791296
52 296480640 296415104
55 258838464 258772928
21 390677952 390612416
55 221196288 221130752
54 221054784 220989248
2 277659584 277594048
16 409499072 409433536
57 371856896 371791360
52 296480704 296415168
55 258838528 258772992
21 390678016 390612480
55 221196352 221130816
54 221054848 220989312
2 277659648 277594112
16 409499136 409433600
57 371856960 371791424
52 296480768 296415232
55 258838592 258773056
21 390678080 390612544
55 221196416 221130880
54 221054912 220989376
2 277659712 277594176
16 409499200 409433664
57 371857024 371791488
52 296480832 296415296
55 258838656 258773120
21 390678144 390612608
55 221196480 221130944
54 221054976 220989440
2 277659776 277594240
16 409499264 409433728
57 371857088 371791552
52 296480896 296415360
55 258838720 258773184
21 390678208 390612672
55 221196544 221131008
54 221055040 220989504
2 277659840 277594304
16 409499328 409433792
57 371857152 371791616
52 296480960 296415424
55 258838784 258773248
21 390678272 390612736
55 221196608 221131072
54 221055104 220989568
2 277659904 277594368
16 409499392 409433856
57 371857216 371791680
52 296481024 296415488
55 258838848 258773312
21 390678336 390612800
55 221196672 221131136
54 221055168 220989632
2 277659968 277594432
16 409499456 409433920
57 371857280 371791744
52 296481088 296415552
55 258838912 258773376
21 390678400 390612864
55 221196736 221131200
54 221055232 220989696
2 277660032 277594496
16 409499520 409433984
57 371857344 371791808
52 296481152 296415616
55 258838976 258773440
21 390678464 390612928
55 221196800 369472000
54 221055296 220989760
2 277660096 277594560
16 409499584 409434048
57 371857408 371791872
52 296481216 296415680
55 258839040 258773504
21 390678528 390612992
55 221196864 371798592
54 221055360 220989824
2 277660160 277594624
16 409499648 409434112
57 371857472 258775104
52 296481280 296415744
55 258839104 258773568
21 390678592 390613056
55 221196928 371798656
54 221055424 220989888
2 277660224 277594688
16 409499712 409434176
57 371857536 258775168
52 296481344 296415808
55 258839168 258773632
21 390678656 390613120
55 221196992 371798720
54 221055488 220989952
2 277660288 277594752
16 409499776 409434240
53 369472512 221131776
8 221197056 371798784
1 258839232 258773696
10 371857600 258775232
10 390678720 390613184
1 296481408 296415872
28 221055552 220990016
2 277660352 277594816
16 409499840 409434304
57 371857664 258775296
52 296481472 296415936
55 258839296 258773760
21 390678784 390613248
55 221197120 371798848
54 221055616 220990080
2 277660416 277594880
16 409499904 409434368
57 371857728 258775360
52 296481536 296416000
55 258839360 258773824
21 390678848 390613312
55 221197184 371798912
54 221055680 220990144
2 277660480 277594944
16 409499968 409434432
57 371857792 258775424
52 296481600 296416064
55 258839424 258773888
21 390678912 390613376
55 221197248 371798976
54 221055744 220990208
2 277660544 277595008
16 409500032 409434496
57 371857856 258775488
52 296481664 296416128
55 258839488 258773952
21 390678976 390613440
55 221197312 371799040
54 221055808 220990272
2 277660608 277595072
16 409500096 409434560
57 371857920 258775552
52 296481728 296416192
55 258839552 258774016
21 390679040 390613504
55 221197376 221131840
54 221055872 220990336
2 277660672 277595136
16 409500160 409434624
57 371857984 258775616
52 296481792 296416256
55 258839616 258774080
21 390679104 390613568
55 221197440 221131904
54 221055936 220990400
2 277660736 277595200
16 409500224 409434688
57 371858048 258775680
52 296481856 296416320
55 258839680 258774144
21 390679168 390613632
55 221197504 221131968
54 221056000 220990464
2 277660800 277595264
16 409500288 409434752
57 371858112 258775744
52 296481920 296416384
55 258839744 258774208
21 390679232 390613696
55 221197568 221132032
54 221056064 220990528
2 277660864 277595328
16 409500352 409434816
57 371858176 258775808
52 296481984 296416448
55 258839808 258774272
21 390679296 390613760
55 221197632 221132096
54 221056128 220990592
2 277660928 277595392
16 409500416 409434880
57 371858240 258775872
52 296482048 296416512
55 258839872 258774336
21 390679360 390613824
55 221197696 221132160
54 221056192 220990656
2 277660992 277595456
16 409500480 409434944
57 371858304 258775936
52 296482112 296416576
55 258839936 258774400
21 390679424 390613888
55 221197760 221132224
54 221056256 220990720
2 277661056 277595520
16 409500544 409435008
57 371858368 258776000
52 296482176 296416640
55 258840000 258774464
21 390679488 390613952
55 221197824 221132288
54 221056320 220990784
2 277661120 277595584
16 409500608 409435072
57 371858432 258776064
52 296482240 296416704
55 258840064 258774528
21 390679552 390614016
55 221197888 221132352
54 221056384 220990848
2 277661184 277595648
16 409500672 409435136
57 371858496 258776128
52 296482304 296416768
55 258840128 258774592
21 390679616 390614080
55 221197952 221132416
54 221056448 220990912
2 277661248 277595712
16 409500736 409435200
57 371858560 258776192
52 296482368 296416832
55 258840192 258774656
21 390679680 390614144
55 221198016 221132480
54 221056512 220990976
2 277661312 277595776
16 409500800 409435264
57 371858624 258776256
52 296482432 296416896
55 258840256 258774720
21 390679744 390614208
73 221198080 221132544
12 371858688 258776320
1 221056576 220991040
2 277661376 277595840
7 296482496 296416960
8 409500864 409435328
6 258840320 258774784
21 390679808 390614272
55 221198144 221132608
54 221056640 220991104
2 277661440 277595904
16 409500928 409435392
57 371858752 258776384
52 296482560 296417024
55 258840384 258774848
21 390679872 390614336
55 221198208 221132672
54 221056704 220991168
2 277661504 277595968
16 409500992 409435456
57 371858816 258776448
52 296482624 296417088
55 258840448 258774912
21 390679936 390614400
55 221198272 221132736
54 221056768 220991232
2 277661568 277596032
16 409501056 409435520
57 371858880 258776512
52 296482688 296417152
55 258840512 258774976
21 390680000 390614464
55 221198336 221132800
54 221056832 220991296
2 277661632 277596096
16 409501120 409435584
57 371858944 258776576
52 296482752 296417216
55 258840576 258775040
21 390680064 390614528
55 221198400 221132864
54 221056896 220991360
2 277661696 277596160
16 409501184 409435648
57 371859008 258776640
52 296482816 296417280
55 258840640 220993600
21 390680128 390614592
55 221198464 221132928
54 221056960 220991424
2 277661760 277596224
16 409501248 409435712
57 371859072 258776704
52 296482880 296417344
55 258840704 220993664
21 390680192 390614656
55 221198528 221132992
54 221057024 220991488
2 277661824 277596288
16 409501312 409435776
57 371859136 258776768
52 296482944 296417408
55 258840768 220993728
21 390680256 390614720
55 221198592 221133056
54 221057088 220991552
2 277661888 277596352
16 409501376 409435840
57 371859200 258776832
52 296483008 296417472
55 258840832 220993792
21 390680320 390614784
55 221198656 221133120
54 221057152 220991616
2 277661952 277596416
16 409501440 409435904
57 371859264 258776896
52 296483072 296417536
55 258840896 220993856
21 390680384 390614848
55 221198720 221133184
54 221057216 220991680
2 277662016 277596480
16 409501504 409435968
57 371859328 258776960
52 296483136 296417600
55 258840960 220993920
21 390680448 390614912
55 221198784 221133248
54 221057280 220991744
2 277662080 277596544
16 409501568 409436032
57 371859392 258777024
52 296483200 296417664
55 258841024 220993984
21 390680512 390614976
55 221198848 221133312
54 221057344 220991808
2 277662144 277596608
16 409501632 409436096
57 371859456 258777088
52 296483264 296417728
55 258841088 220994048
21 390680576 390615040
55 221198912 221133376
54 221057408 220991872
2 277662208 277596672
16 409501696 409436160
57 371859520 258777152
52 296483328 296417792
55 258841152 220994112
21 390680640 390615104
55 221198976 221133440
54 221057472 220991936
2 277662272 277596736
16 409501760 409436224
57 371859584 258777216
52 296483392 296417856
55 258841216 220994176
21 390680704 390615168
55 221199040 221133504
54 221057536 220992000
2 277662336 277596800
16 409501824 409436288
57 371859648 371794112
52 296483456 296417920
55 258841280 220994240
21 390680768 390615232
55 221199104 221133568
54 221057600 220992064
2 277662400 277596864
16 409501888 409436352
57 371859712 371794176
52 296483520 296417984
31 221199168 221133632
1 258841344 220994304
12 221057664 220992128
2 277662464 277596928
5 390680832 390615296
10 409501952 409436416
17 371859776 371794240
52 296483584 296418048
55 258841408 220994368
21 390680896 390615360
55 221199232 221133696
54 221057728 220992192
2 277662528 277596992
16 409502016 409436480
57 371859840 371794304
52 296483648 296418112
55 258841472 220994432
21 390680960 390615424
55 221199296 221133760
54 221057792 220992256
2 277662592 277597056
16 409502080 409436544
57 371859904 371794368
52 296483712 296418176
55 258841536 220994496
21 390681024 390615488
55 221199360 221133824
54 221057856 220992320
2 277662656 277597120
16 409502144 409436608
57 371859968 371794432
52 296483776 296418240
55 258841600 220994560
21 390681088 390615552
55 221199424 221133888
54 221057920 220992384
2 277662720 277597184
16 409502208 409436672
57 371860032 371794496
52 296483840 296418304
55 258841664 220994624
21 390681152 390615616
55 221199488 221133952
54 221057984 220992448
2 277662784 277597248
16 409502272 409436736
57 371860096 371794560
52 296483904 296418368
55 258841728 220994688
21 390681216 390615680
55 221199552 221134016
54 221058048 220992512
2 277662848 277597312
16 409502336 409436800
57 371860160 371794624
52 296483968 296418432
55 258841792 220994752
21 390681280 390615744
55 221199616 221134080
54 221058112 220992576
2 277662912 277597376
16 409502400 409436864
57 371860224 371794688
52 296484032 296418496
55 258841856 220994816
21 390681344 390615808
55 221199680 221134144
54 221058176 220992640
2 277662976 277597440
16 409502464 409436928
57 371860288 371794752
52 296484096 296418560
55 258841920 220994880
21 390681408 390615872
55 221199744 221134208
54 221058240 220992704
2 277663040 277597504
16 409502528 409436992
57 371860352 371794816
52 296484160 296418624
55 258841984 220994944
21 390681472 390615936
55 221199808 221134272
54 221058304 220992768
2 277663104 277597568
16 409502592 409437056
57 371860416 371794880
52 296484224 296418688
55 258842048 220995008
21 390681536 390616000
55 221199872 221134336
54 221058368 220992832
2 277663168 277597632
16 409502656 409437120
57 371860480 371794944
52 296484288 296418752
55 258842112 220995072
21 390681600 390616064
55 221199936 221134400
54 221058432 220992896
2 277663232 277597696
16 409502720 409437184
57 371860544 371795008
52 296484352 296418816
55 258842176 220995136
21 390681664 390616128
55 221200000 221134464
54 221058496 220992960
2 277663296 277597760
16 409502784 409437248
57 371860608 371795072
52 296484416 296418880
55 258842240 220995200
21 390681728 390616192
55 221200064 221134528
54 221058560 220993024
2 277663360 277597824
16 409502848 409437312
57 371860672 371795136
52 296484480 296418944
55 258842304 220995264
21 390681792 390616256
55 221200128 221134592
54 221058624 220993088
2 277663424 277597888
16 409502912 409437376
57 371860736 371795200
52 296484544 296419008
55 258842368 220995328
21 390681856 390616320
55 221200192 221134656
54 221058688 220993152
2 277663488 277597952
16 409502976 409437440
24 258842432 220995392
10 371860800 371795264
10 390681920 390616384
1 296484608 296419072
13 221200256 221134720
54 221058752 220993216
2 277663552 277598016
16 409503040 409437504
57 371860864 371795328
52 296484672 296419136
55 258842496 220995456
21 390681984 390616448
55 221200320 221134784
54 221058816 220993280
2 277663616 277598080
16 409503104 409437568
57 371860928 371795392
52 296484736 296419200
55 258842560 220995520
21 390682048 390616512
55 221200384 221134848
54 221058880 220993344
2 277663680 277598144
16 409503168 409437632
57 371860992 371795456
52 296484800 296419264
55 258842624 220995584
21 390682112 390616576
55 221200448 221134912
54 221058944 220993408
2 277663744 277598208
16 409503232 409437696
57 371861056 371795520
52 296484864 296419328
55 258842688 220995648
21 390682176 390616640
55 221200512 221134976
54 221059008 220993472
2 277663808 277598272
16 409503296 409437760
57 371861120 371795584
52 296484928 296419392
55 258842752 220995712
21 390682240 390616704
55 221200576 221135040
54 221059072 220993536
2 277663872 277598336
16 409503360 409437824
57 371861184 371795648
52 296484992 296419456
55 258842816 258777280
21 390682304 390616768
55 221200640 221135104
54 221059136 409442368
2 277663936 277598400
16 409503424 409437888
57 371861248 371795712
52 296485056 296419520
55 258842880 258777344
21 390682368 390616832
55 221200704 221135168
54 221059200 409442432
2 277664000 277598464
16 409503488 409437952
57 371861312 371795776
52 296485120 296419584
55 258842944 258777408
21 390682432 390616896
55 221200768 221135232
54 221059264 409442496
2 277664064 277598528
16 409503552 409438016
57 371861376 371795840
52 296485184 296419648
55 258843008 258777472
21 390682496 390616960
55 221200832 221135296
54 221059328 409442560
2 277664128 277598592
16 409503616 409438080
57 371861440 371795904
52 296485248 296419712
55 258843072 258777536
21 390682560 390617024
55 221200896 221135360
54 221059392 409442624
2 277664192 277598656
16 409503680 409438144
57 371861504 371795968
52 296485312 296419776
55 258843136 258777600
21 390682624 390617088
55 221200960 221135424
54 221059456 409442688
2 277664256 277598720
16 409503744 409438208
57 371861568 371796032
52 296485376 296419840
55 258843200 258777664
21 390682688 390617152
55 221201024 221135488
54 221059520 409442752
2 277664320 277598784
16 409503808 409438272
57 371861632 371796096
52 296485440 296419904
55 258843264 258777728
21 390682752 390617216
55 221201088 221135552
54 221059584 409442816
2 277664384 277598848
16 409503872 409438336
57 371861696 371796160
52 296485504 296419968
55 258843328 258777792
21 390682816 390617280
55 221201152 221135616
54 221059648 409442880
2 277664448 277598912
16 409503936 409438400
57 371861760 371796224
52 296485568 296420032
55 258843392 258777856
21 390682880 390617344
55 221201216 221135680
54 221059712 409442944
2 277664512 277598976
16 409504000 409438464
57 371861824 371796288
52 296485632 296420096
55 258843456 258777920
21 390682944 390617408
33 221201280 221135744
12 371861888 371796352
1 221059776 409443008
2 277664576 277599040
7 296485696 296420160
8 409504064 409438528
46 258843520 258777984
21 390683008 390617472
55 221201344 221135808
54 221059840 409443072
2 277664640 277599104
16 409504128 409438592
57 371861952 371796416
52 296485760 296420224
55 258843584 258778048
21 390683072 390617536
55 221201408 221135872
54 221059904 409443136
2 277664704 277599168
16 409504192 409438656
57 371862016 371796480
52 296485824 296420288
55 258843648 258778112
21 390683136 390617600
55 221201472 221135936
54 221059968 409443200
2 277664768 277599232
16 409504256 409438720
57 371862080 371796544
52 296485888 296420352
55 258843712 258778176
21 390683200 390617664
55 221201536 221136000
54 221060032 409443264
2 277664832 277599296
16 409504320 409438784
57 371862144 371796608
52 296485952 296420416
55 258843776 258778240
21 390683264 390617728
55 221201600 221136064
54 221060096 409443328
2 277664896 277599360
16 409504384 409438848
57 371862208 371796672
52 296486016 296420480
55 258843840 258778304
21 390683328 390617792
55 221201664 221136128
54 221060160 409443392
2 277664960 277599424
16 409504448 409438912
57 371862272 371796736
52 296486080 296420544
55 258843904 258778368
21 390683392 390617856
55 221201728 221136192
54 221060224 409443456
2 277665024 277599488
16 409504512 409438976
57 371862336 371796800
52 296486144 296420608
55 258843968 258778432
21 390683456 390617920
55 221201792 221136256
54 221060288 409443520
2 277665088 277599552
16 409504576 409439040
57 371862400 371796864
52 296486208 296420672
55 258844032 258778496
21 390683520 390617984
55 221201856 221136320
54 221060352 409443584
2 277665152 277599616
16 409504640 409439104
57 371862464 371796928
52 296486272 296420736
55 258844096 258778560
21 390683584 390618048
55 221201920 221136384
54 221060416 409443648
2 277665216 277599680
16 409504704 409439168
57 371862528 371796992
52 296486336 296420800
55 258844160 258778624
21 390683648 390618112
55 221201984 221136448
54 221060480 409443712
2 277665280 277599744
16 409504768 409439232
57 371862592 371797056
52 296486400 296420864
55 258844224 258778688
21 390683712 390618176
55 221202048 221136512
54 221060544 409443776
2 277665344 277599808
16 409504832 409439296
57 371862656 371797120
52 296486464 296420928
55 258844288 258778752
21 390683776 390618240
55 221202112 221136576
54 221060608 409443840
2 277665408 277599872
16 409504896 409439360
57 371862720 371797184
52 296486528 296420992
55 258844352 258778816
21 390683840 390618304
55 221202176 221136640
54 221060672 409443904
2 277665472 277599936
16 409504960 409439424
57 371862784 371797248
52 296486592 296421056
55 258844416 258778880
21 390683904 390618368
55 221202240 221136704
54 221060736 409443968
2 277665536 277600000
16 409505024 409439488
57 371862848 371797312
52 296486656 296421120
55 258844480 258778944
21 390683968 390618432
55 221202304 221136768
54 221060800 409444032
2 277665600 277600064
16 409505088 409439552
57 371862912 371797376
44 221202368 221136832
1 258844544 258779008
12 221060864 409444096
2 277665664 277600128
5 390684032 390618496
1 296486720 296421184
8 409505152 409439616
57 371862976 371797440
52 296486784 296421248
55 258844608 258779072
21 390684096 390618560
55 221202432 221136896
54 221060928 409444160
2 277665728 277600192
16 409505216 409439680
57 371863040 371797504
52 296486848 296421312
55 258844672 258779136
21 390684160 390618624
55 221202496 221136960
54 221060992 409444224
2 277665792 277600256
16 409505280 409439744
57 371863104 371797568
52 296486912 296421376
55 258844736 258779200
21 390684224 390618688
55 221202560 221137024
54 221061056 409444288
2 277665856 277600320
16 409505344 409439808
57 371863168 371797632
52 296486976 296421440
55 258844800 258779264
21 390684288 390618752
55 221202624 221137088
54 221061120 409444352
2 277665920 277600384
16 409505408 409439872
57 371863232 371797696
52 296487040 296421504
55 258844864 258779328
21 390684352 390618816
55 221202688 221137152
54 221061184 409444416
2 277665984 277600448
16 409505472 409439936
57 371863296 371797760
52 296487104 296421568
55 258844928 258779392
21 390684416 390618880
55 221202752 221137216
54 221061248 409444480
2 277666048 277600512
16 409505536 409440000
57 371863360 371797824
52 296487168 296421632
55 258844992 258779456
21 390684480 390618944
55 221202816 221137280
54 221061312 220995776
2 277666112 277600576
16 409505600 409440064
57 371863424 371797888
52 296487232 296421696
55 258845056 258779520
21 390684544 390619008
55 221202880 221137344
54 221061376 220995840
2 277666176 277600640
16 409505664 409440128
57 371863488 371797952
52 296487296 296421760
55 258845120 258779584
21 390684608 390619072
55 221202944 221137408
54 221061440 220995904
2 277666240 277600704
16 409505728 409440192
57 371863552 371798016
52 296487360 296421824
55 258845184 258779648
21 390684672 390619136
55 221203008 221137472
54 221061504 220995968
2 277666304 277600768
16 409505792 409440256
57 371863616 371798080
52 296487424 296421888
55 258845248 258779712
21 390684736 390619200
55 221203072 221137536
54 221061568 220996032
2 277666368 277600832
16 409505856 409440320
57 371863680 371798144
52 296487488 296421952
55 258845312 258779776
21 390684800 390619264
55 221203136 221137600
54 221061632 220996096
2 277666432 277600896
16 409505920 409440384
57 371863744 371798208
52 296487552 296422016
55 258845376 258779840
21 390684864 390619328
55 221203200 221137664
54 221061696 220996160
2 277666496 277600960
16 409505984 409440448
57 371863808 371798272
52 296487616 296422080
55 258845440 258779904
21 390684928 390619392
55 221203264 221137728
54 221061760 220996224
2 277666560 277601024
16 409506048 409440512
57 371863872 371798336
52 296487680 296422144
55 258845504 258779968
21 390684992 390619456
55 221203328 221137792
54 221061824 220996288
2 277666624 277601088
16 409506112 409440576
57 371863936 371798400
52 296487744 296422208
55 258845568 258780032
21 390685056 390619520
55 221203392 221137856
59 258845632 258780096
10 371864000 371798464
1 221061888 220996352
2 277666688 277601152
5 390685120 390619584
1 296487808 296422272
8 409506176 409440640
44 221203456 221137920
54 221061952 220996416
2 277666752 277601216
16 409506240 409440704
57 371864064 371798528
52 296487872 296422336
55 258845696 258780160
21 390685184 390619648
55 221203520 221137984
54 221062016 220996480
2 277666816 277601280
16 409506304 409440768
57 371864128 258781760
52 296487936 296422400
55 258845760 258780224
21 390685248 390619712
55 221203584 221138048
54 221062080 220996544
2 277666880 277601344
16 409506368 409440832
57 371864192 258781824
52 296488000 296422464
55 258845824 258780288
21 390685312 390619776
55 221203648 221138112
54 221062144 220996608
2 277666944 277601408
16 409506432 409440896
57 371864256 258781888
52 296488064 296422528
55 258845888 258780352
21 390685376 390619840
55 221203712 221138176
54 221062208 220996672
2 277667008 277601472
16 409506496 409440960
57 371864320 258781952
52 296488128 296422592
55 258845952 258780416
21 390685440 390619904
55 221203776 221138240
54 221062272 220996736
2 277667072 277601536
16 409506560 409441024
57 371864384 258782016
52 296488192 296422656
55 258846016 258780480
21 390685504 390619968
55 221203840 221138304
54 221062336 220996800
2 277667136 277601600
16 409506624 409441088
57 371864448 258782080
52 296488256 296422720
55 258846080 258780544
21 390685568 390620032
55 221203904 221138368
54 221062400 220996864
2 277667200 277601664
16 409506688 409441152
57 371864512 258782144
52 296488320 296422784
55 258846144 258780608
21 390685632 390620096
55 221203968 221138432
54 221062464 220996928
2 277667264 277601728
16 409506752 409441216
57 371864576 258782208
52 296488384 296422848
55 258846208 258780672
21 390685696 390620160
55 221204032 221138496
54 221062528 220996992
2 277667328 277601792
16 409506816 409441280
57 371864640 371799104
52 296488448 296422912
55 258846272 258780736
21 390685760 390620224
55 221204096 221138560
54 221062592 220997056
2 277667392 277601856
16 409506880 409441344
57 371864704 371799168
52 296488512 296422976
55 258846336 258780800
21 390685824 390620288
55 221204160 221138624
54 221062656 220997120
2 277667456 277601920
16 409506944 409441408
57 371864768 371799232
52 296488576 296423040
55 258846400 258780864
21 390685888 390620352
55 221204224 221138688
54 221062720 220997184
2 277667520 277601984
16 409507008 409441472
57 371864832 371799296
52 296488640 296423104
55 258846464 258780928
21 390685952 390620416
55 221204288 221138752
54 221062784 220997248
2 277667584 277602048
16 409507072 409441536
57 371864896 371799360
52 296488704 296423168
55 258846528 258780992
21 390686016 390620480
55 221204352 221138816
54 221062848 220997312
2 277667648 277602112
16 409507136 409441600
57 371864960 371799424
52 296488768 296423232
55 258846592 258781056
21 390686080 390620544
55 221204416 221138880
54 221062912 220997376
2 277667712 277602176
16 409507200 409441664
57 371865024 371799488
52 296488832 296423296
71 221204480 221138944
1 258846656 258781120
10 371865088 371799552
1 221062976 220997440
2 277667776 277602240
5 390686144 390620608
10 409507264 409441728
30 296488896 296423360
55 258846720 258781184
21 390686208 390620672
55 221204544 221139008
54 221063040 220997504
2 277667840 277602304
16 409507328 409441792
57 371865152 371799616
52 296488960 296423424
55 258846784 258781248
21 390686272 390620736
55 221204608 221139072
54 221063104 220997568
2 277667904 277602368
16 409507392 409441856
57 371865216 371799680
52 296489024 296423488
55 258846848 258781312
21 390686336 390620800
55 221204672 221139136
54 221063168 220997632
2 277667968 277602432
16 409507456 409441920
57 371865280 371799744
52 296489088 296423552
55 258846912 258781376
21 390686400 390620864
55 221204736 221139200
54 221063232 220997696
2 277668032 277602496
16 409507520 409441984
57 371865344 371799808
52 296489152 296423616
55 258846976 258781440
21 390686464 390620928
55 221204800 221139264
54 221063296 220997760
2 277668096 277602560
16 409507584 409442048
57 371865408 371799872
52 296489216 296423680
55 258847040 258781504
21 390686528 390620992
55 221204864 221139328
54 221063360 220997824
2 277668160 277602624
16 409507648 409442112
57 371865472 371799936
52 296489280 296423744
55 258847104 258781568
21 390686592 390621056
55 221204928 221139392
54 221063424 220997888
2 277668224 277602688
16 409507712 409442176
57 371865536 371800000
52 296489344 296423808
55 258847168 258781632
21 390686656 390621120
55 221204992 221139456
54 221063488 220997952
2 277668288 277602752
16 409507776 409442240
57 371865600 371800064
52 296489408 296423872
55 258847232 258781696
21 390686720 390621184
55 221205056 221139520
54 221063552 220998016
2 277668352 277602816
16 409507840 409442304
57 371865664 371800128
52 296489472 296423936
55 258847296 221000256
21 390686784 390621248
55 221205120 221139584
54 221063616 220998080
2 277668416 277602880
16 409507904 296425536
57 371865728 371800192
52 296489536 296424000
55 258847360 221000320
21 390686848 390621312
55 221205184 221139648
54 221063680 220998144
2 277668480 277602944
16 409507968 296425600
57 371865792 371800256
52 296489600 296424064
55 258847424 221000384
21 390686912 390621376
55 221205248 221139712
54 221063744 220998208
2 277668544 277603008
16 409508032 296425664
57 371865856 371800320
52 296489664 296424128
55 258847488 221000448
21 390686976 390621440
55 221205312 221139776
54 221063808 220998272
2 277668608 277603072
16 409508096 296425728
57 371865920 371800384
52 296489728 296424192
55 258847552 221000512
21 390687040 390621504
55 221205376 221139840
54 221063872 220998336
2 277668672 277603136
16 409508160 296425792
57 371865984 371800448
52 296489792 296424256
55 258847616 221000576
21 390687104 390621568
55 221205440 221139904
54 221063936 220998400
2 277668736 277603200
16 409508224 296425856
57 371866048 371800512
52 296489856 296424320
55 258847680 221000640
21 390687168 390621632
55 221205504 221139968
54 221064000 220998464
2 277668800 277603264
16 409508288 296425920
53 369472576 258782272
8 221205568 221140032
1 258847744 221000704
10 371866112 371800576
10 390687232 390621696
1 296489920 296424384
28 221064064 220998528
2 277668864 277603328
16 409508352 296425984
57 371866176 371800640
52 296489984 296424448
55 258847808 221000768
21 390687296 390621760
55 221205632 221140096
54 221064128 220998592
2 277668928 277603392
16 409508416 296426048
57 371866240 371800704
52 296490048 296424512
55 258847872 258782336
21 390687360 390621824
55 221205696 221140160
54 221064192 220998656
2 277668992 277603456
16 409508480 296426112
57 371866304 371800768
52 296490112 296424576
55 258847936 258782400
21 390687424 390621888
55 221205760 221140224
54 221064256 220998720
2 277669056 277603520
16 409508544 296426176
57 371866368 371800832
52 296490176 296424640
55 258848000 258782464
21 390687488 390621952
55 221205824 221140288
54 221064320 220998784
2 277669120 277603584
16 409508608 296426240
57 371866432 371800896
52 296490240 296424704
55 258848064 258782528
21 390687552 390622016
55 221205888 221140352
54 221064384 220998848
2 277669184 277603648
16 409508672 296426304
57 371866496 371800960
52 296490304 296424768
55 258848128 258782592
21 390687616 390622080
55 221205952 221140416
54 221064448 220998912
2 277669248 277603712
16 409508736 296426368
57 371866560 371801024
52 296490368 296424832
55 258848192 258782656
21 390687680 390622144
55 221206016 221140480
54 221064512 220998976
2 277669312 277603776
16 409508800 296426432
57 371866624 371801088
52 296490432 296424896
55 258848256 258782720
21 390687744 390622208
55 221206080 221140544
54 221064576 220999040
2 277669376 277603840
16 409508864 296426496
57 371866688 371801152
52 296490496 296424960
55 258848320 258782784
21 390687808 390622272
55 221206144 221140608
54 221064640 220999104
2 277669440 277603904
16 409508928 296426560
57 371866752 371801216
52 296490560 296425024
55 258848384 258782848
21 390687872 390622336
55 221206208 221140672
54 221064704 220999168
2 277669504 277603968
16 409508992 296426624
57 371866816 371801280
52 296490624 296425088
55 258848448 258782912
21 390687936 390622400
55 221206272 221140736
54 221064768 220999232
2 277669568 277604032
16 409509056 296426688
57 371866880 371801344
52 296490688 296425152
55 258848512 258782976
21 390688000 390622464
55 221206336 221140800
54 221064832 220999296
2 277669632 277604096
16 409509120 296426752
57 371866944 371801408
52 296490752 296425216
55 258848576 258783040
21 390688064 390622528
55 221206400 221140864
54 221064896 220999360
2 277669696 277604160
16 409509184 296426816
57 371867008 371801472
52 296490816 296425280
55 258848640 258783104
21 390688128 390622592
55 221206464 221140928
54 221064960 220999424
2 277669760 277604224
16 409509248 296426880
57 371867072 371801536
52 296490880 296425344
55 258848704 258783168
21 390688192 390622656
55 221206528 221140992
54 221065024 220999488
2 277669824 277604288
16 409509312 296426944
57 371867136 371801600
52 296490944 296425408
55 258848768 258783232
21 390688256 390622720
73 221206592 221141056
12 371867200 371801664
1 221065088 220999552
2 277669888 277604352
7 296491008 296425472
8 409509376 296427008
6 258848832 258783296
21 390688320 390622784
55 221206656 221141120
54 221065152 220999616
2 277669952 277604416
16 409509440 296427072
57 371867264 371801728
52 296491072 390633536
55 258848896 258783360
21 390688384 390622848
55 221206720 221141184
54 221065216 220999680
2 277670016 277604480
16 409509504 296427136
57 371867328 371801792
52 296491136 390633600
55 258848960 258783424
21 390688448 390622912
55 221206784 221141248
54 221065280 220999744
2 277670080 277604544
16 409509568 296427200
57 371867392 371801856
52 296491200 390633664
55 258849024 258783488
21 390688512 390622976
55 221206848 221141312
54 221065344 220999808
2 277670144 277604608
16 409509632 296427264
57 371867456 371801920
52 296491264 390633728
55 258849088 258783552
21 390688576 390623040
55 221206912 221141376
54 221065408 220999872
2 277670208 277604672
16 409509696 296427328
57 371867520 371801984
52 296491328 390633792
55 258849152 258783616
21 390688640 390623104
55 221206976 221141440
54 221065472 220999936
2 277670272 277604736
16 409509760 296427392
57 371867584 371802048
52 296491392 390633856
55 258849216 258783680
21 390688704 390623168
55 221207040 221141504
54 221065536 221000000
2 277670336 277604800
16 409509824 296427456
57 371867648 371802112
52 296491456 390633920
55 258849280 258783744
21 390688768 390623232
55 221207104 221141568
54 221065600 221000064
2 277670400 277604864
16 409509888 296427520
57 371867712 371802176
52 296491520 390633984
55 258849344 258783808
21 390688832 390623296
55 221207168 221141632
54 221065664 221000128
2 277670464 277604928
16 409509952 296427584
57 371867776 371802240
52 296491584 390634048
55 258849408 258783872
21 390688896 390623360
55 221207232 221141696
54 221065728 221000192
2 277670528 277604992
16 409510016 296427648
57 371867840 371802304
52 296491648 390634112
55 258849472 258783936
21 390688960 390623424
55 221207296 221141760
54 221065792 369472064
2 277670592 277605056
16 409510080 409444544
57 371867904 371802368
52 296491712 390634176
55 258849536 258784000
21 390689024 390623488
55 221207360 221141824
54 221065856 409449088
2 277670656 277605120
16 409510144 409444608
57 371867968 371802432
52 296491776 390634240
55 258849600 258784064
21 390689088 390623552
55 221207424 221141888
54 221065920 409449152
2 277670720 277605184
16 409510208 409444672
57 371868032 371802496
52 296491840 390634304
55 258849664 258784128
21 390689152 390623616
55 221207488 221141952
54 221065984 409449216
2 277670784 277605248
16 409510272 409444736
57 371868096 371802560
52 296491904 390634368
55 258849728 258784192
21 390689216 390623680
55 221207552 221142016
54 221066048 409449280
2 277670848 277605312
16 409510336 409444800
57 371868160 371802624
52 296491968 390634432
55 258849792 258784256
21 390689280 390623744
55 221207616 221142080
54 221066112 409449344
2 277670912 277605376
16 409510400 409444864
57 371868224 371802688
52 296492032 390634496
31 221207680 221142144
1 258849856 258784320
12 221066176 409449408
2 277670976 277605440
5 390689344 390623808
10 409510464 409444928
17 371868288 371802752
52 296492096 390634560
55 258849920 258784384
21 390689408 390623872
55 221207744 221142208
54 221066240 409449472
2 277671040 277605504
16 409510528 409444992
57 371868352 371802816
52 296492160 390634624
55 258849984 258784448
21 390689472 390623936
55 221207808 221142272
54 221066304 409449536
2 277671104 277605568
16 409510592 409445056
57 371868416 371802880
52 296492224 390634688
55 258850048 258784512
21 390689536 390624000
55 221207872 221142336
54 221066368 221000832
2 277671168 277605632
16 409510656 409445120
57 371868480 371802944
52 296492288 390634752
55 258850112 258784576
21 390689600 390624064
55 221207936 221142400
54 221066432 221000896
2 277671232 277605696
16 409510720 409445184
57 371868544 371803008
52 296492352 390634816
55 258850176 258784640
21 390689664 390624128
55 221208000 221142464
54 221066496 221000960
2 277671296 277605760
16 409510784 409445248
57 371868608 371803072
52 296492416 390634880
55 258850240 258784704
21 390689728 390624192
55 221208064 221142528
54 221066560 221001024
2 277671360 277605824
16 409510848 409445312
57 371868672 371803136
52 296492480 390634944
55 258850304 258784768
21 390689792 390624256
55 221208128 221142592
54 221066624 221001088
2 277671424 277605888
16 409510912 409445376
57 371868736 371803200
52 296492544 390635008
55 258850368 258784832
21 390689856 390624320
55 221208192 221142656
54 221066688 221001152
2 277671488 277605952
16 409510976 409445440
57 371868800 371803264
52 296492608 390635072
55 258850432 258784896
21 390689920 390624384
55 221208256 221142720
54 221066752 221001216
2 277671552 277606016
16 409511040 409445504
57 371868864 371803328
52 296492672 390635136
55 258850496 258784960
21 390689984 390624448
55 221208320 221142784
54 221066816 221001280
2 277671616 277606080
16 409511104 409445568
57 371868928 371803392
52 296492736 390635200
55 258850560 258785024
21 390690048 390624512
55 221208384 221142848
54 221066880 221001344
2 277671680 277606144
16 409511168 409445632
57 371868992 371803456
52 296492800 390635264
55 258850624 258785088
21 390690112 390624576
55 221208448 221142912
54 221066944 221001408
2 277671744 277606208
16 409511232 409445696
57 371869056 371803520
52 296492864 390635328
55 258850688 258785152
21 390690176 390624640
55 221208512 221142976
54 221067008 221001472
2 277671808 277606272
16 409511296 409445760
57 371869120 371803584
52 296492928 390635392
55 258850752 258785216
21 390690240 390624704
55 221208576 221143040
54 221067072 221001536
2 277671872 277606336
16 409511360 409445824
57 371869184 371803648
52 296492992 390635456
55 258850816 258785280
21 390690304 390624768
55 221208640 221143104
54 221067136 221001600
2 277671936 277606400
16 409511424 409445888
57 371869248 371803712
52 296493056 390635520
55 258850880 258785344
21 390690368 390624832
55 221208704 221143168
54 221067200 221001664
2 277672000 277606464
16 409511488 409445952
24 258850944 258785408
10 371869312 371803776
10 390690432 390624896
1 296493120 390635584
13 221208768 221143232
54 221067264 221001728
2 277672064 277606528
16 409511552 409446016
57 371869376 371803840
52 296493184 390635648
55 258851008 258785472
21 390690496 390624960
55 221208832 221143296
54 221067328 221001792
2 277672128 277606592
16 409511616 409446080
57 371869440 371803904
52 296493248 296427712
55 258851072 258785536
21 390690560 390625024
55 221208896 221143360
54 221067392 221001856
2 277672192 277606656
16 409511680 409446144
57 371869504 371803968
52 296493312 296427776
55 258851136 258785600
21 390690624 390625088
55 221208960 221143424
54 221067456 221001920
2 277672256 277606720
16 409511744 409446208
57 371869568 371804032
52 296493376 296427840
55 258851200 258785664
21 390690688 390625152
55 221209024 221143488
54 221067520 221001984
2 277672320 277606784
16 409511808 409446272
57 371869632 371804096
52 296493440 296427904
55 258851264 258785728
21 390690752 390625216
55 221209088 221143552
54 221067584 221002048
2 277672384 277606848
16 409511872 409446336
57 371869696 371804160
52 296493504 296427968
55 258851328 258785792
21 390690816 390625280
55 221209152 221143616
54 221067648 221002112
2 277672448 277606912
16 409511936 409446400
57 371869760 371804224
52 296493568 296428032
55 258851392 258785856
21 390690880 390625344
55 221209216 221143680
54 221067712 221002176
2 277672512 277606976
16 409512000 409446464
57 371869824 371804288
52 296493632 296428096
55 258851456 258785920
21 390690944 390625408
55 221209280 221143744
54 221067776 221002240
2 277672576 277607040
16 409512064 409446528
57 371869888 371804352
52 296493696 296428160
55 258851520 258785984
21 390691008 390625472
55 221209344 221143808
54 221067840 221002304
2 277672640 277607104
16 409512128 409446592
57 371869952 371804416
52 296493760 296428224
55 258851584 258786048
21 390691072 390625536
55 221209408 221143872
54 221067904 221002368
2 277672704 277607168
16 409512192 409446656
57 371870016 371804480
52 296493824 296428288
55 258851648 258786112
21 390691136 390625600
55 221209472 221143936
54 221067968 221002432
2 277672768 277607232
16 409512256 409446720
57 371870080 371804544
52 296493888 296428352
55 258851712 258786176
21 390691200 390625664
55 221209536 221144000
54 221068032 221002496
2 277672832 277607296
16 409512320 409446784
57 371870144 371804608
52 296493952 296428416
55 258851776 258786240
21 390691264 390625728
55 221209600 221144064
54 221068096 221002560
2 277672896 277607360
16 409512384 409446848
57 371870208 371804672
52 296494016 296428480
55 258851840 258786304
21 390691328 390625792
55 221209664 221144128
54 221068160 221002624
2 277672960 277607424
16 409512448 409446912
57 371870272 371804736
52 296494080 296428544
55 258851904 258786368
21 390691392 390625856
55 221209728 221144192
54 221068224 221002688
2 277673024 277607488
16 409512512 409446976
57 371870336 371804800
52 296494144 296428608
55 258851968 258786432
21 390691456 390625920
33 221209792 221144256
12 371870400 371804864
1 221068288 221002752
2 277673088 277607552
7 296494208 296428672
8 409512576 409447040
46 258852032 258786496
21 390691520 390625984
55 221209856 221144320
54 221068352 221002816
2 277673152 277607616
16 409512640 409447104
57 371870464 371804928
52 296494272 296428736
55 258852096 258786560
21 390691584 390626048
55 221209920 221144384
54 221068416 221002880
2 277673216 277607680
16 409512704 409447168
57 371870528 371804992
52 296494336 296428800
55 258852160 258786624
21 390691648 390626112
55 221209984 221144448
54 221068480 221002944
2 277673280 277607744
16 409512768 409447232
57 371870592 371805056
52 296494400 296428864
55 258852224 258786688
21 390691712 390626176
55 221210048 221144512
54 221068544 221003008
2 277673344 277607808
16 409512832 409447296
57 371870656 371805120
52 296494464 296428928
55 258852288 258786752
21 390691776 390626240
55 221210112 221144576
54 221068608 221003072
2 277673408 277607872
16 409512896 409447360
57 371870720 371805184
52 296494528 296428992
55 258852352 258786816
21 390691840 390626304
55 221210176 221144640
54 221068672 221003136
2 277673472 277607936
16 409512960 409447424
57 371870784 371805248
52 296494592 296429056
55 258852416 258786880
21 390691904 390626368
55 221210240 221144704
54 221068736 221003200
2 277673536 277608000
16 409513024 409447488
57 371870848 371805312
52 296494656 296429120
55 258852480 258786944
21 390691968 390626432
55 221210304 221144768
54 221068800 221003264
2 277673600 277608064
16 409513088 409447552
57 371870912 371805376
52 296494720 296429184
55 258852544 258787008
21 390692032 390626496
55 221210368 221144832
54 221068864 221003328
2 277673664 277608128
16 409513152 409447616
57 371870976 371805440
52 296494784 296429248
55 258852608 258787072
21 390692096 390626560
55 221210432 221144896
54 221068928 221003392
2 277673728 277608192
16 409513216 409447680
57 371871040 371805504
52 296494848 296429312
55 258852672 258787136
21 390692160 390626624
55 221210496 221144960
54 221068992 221003456
2 277673792 277608256
16 409513280 409447744
57 371871104 371805568
52 296494912 296429376
55 258852736 258787200
21 390692224 390626688
55 221210560 221145024
54 221069056 221003520
2 277673856 277608320
16 409513344 409447808
57 371871168 371805632
52 296494976 296429440
55 258852800 258787264
21 390692288 390626752
55 221210624 221145088
54 221069120 221003584
2 277673920 277608384
16 409513408 409447872
57 371871232 371805696
52 296495040 296429504
55 258852864 258787328
21 390692352 390626816
55 221210688 221145152
54 221069184 221003648
2 277673984 277608448
16 409513472 409447936
57 371871296 371805760
52 296495104 296429568
55 258852928 258787392
21 390692416 390626880
55 221210752 221145216
54 221069248 221003712
2 277674048 277608512
16 409513536 409448000
57 371871360 371805824
52 296495168 296429632
55 258852992 258787456
21 390692480 390626944
55 221210816 221145280
54 221069312 221003776
2 277674112 277608576
16 409513600 409448064
57 371871424 371805888
44 221210880 221145344
1 258853056 258787520
12 221069376 221003840
2 277674176 277608640
5 390692544 390627008
1 296495232 296429696
8 409513664 409448128
57 371871488 371805952
52 296495296 296429760
55 258853120 258787584
21 390692608 390627072
55 221210944 221145408
54 221069440 221003904
2 277674240 277608704
16 409513728 409448192
57 371871552 371806016
52 296495360 296429824
55 258853184 258787648
21 390692672 390627136
55 221211008 221145472
54 221069504 221003968
2 277674304 277608768
16 409513792 409448256
57 371871616 371806080
52 296495424 296429888
55 258853248 258787712
21 390692736 390627200
55 221211072 221145536
54 221069568 221004032
2 277674368 277608832
16 409513856 409448320
57 371871680 371806144
52 296495488 296429952
55 258853312 258787776
21 390692800 390627264
55 221211136 221145600
54 221069632 221004096
2 277674432 277608896
16 409513920 409448384
57 371871744 371806208
52 296495552 296430016
55 258853376 258787840
21 390692864 390627328
55 221211200 221145664
54 221069696 221004160
2 277674496 277608960
16 409513984 409448448
57 371871808 371806272
52 296495616 296430080
55 258853440 258787904
21 390692928 390627392
55 221211264 221145728
54 221069760 221004224
2 277674560 277609024
16 409514048 409448512
57 371871872 371806336
52 296495680 296430144
55 258853504 258787968
21 390692992 390627456
55 221211328 221145792
54 221069824 221004288
2 277674624 277609088
16 409514112 409448576
57 371871936 371806400
52 296495744 296430208
55 258853568 258788032
21 390693056 390627520
55 221211392 221145856
54 221069888 221004352
2 277674688 277609152
16 409514176 409448640
57 371872000 371806464
52 296495808 296430272
55 258853632 258788096
21 390693120 390627584
55 221211456 221145920
54 221069952 221004416
2 277674752 277609216
16 409514240 409448704
57 371872064 371806528
52 296495872 296430336
55 258853696 258788160
21 390693184 390627648
55 221211520 221145984
54 221070016 221004480
2 277674816 277609280
16 409514304 409448768
57 371872128 371806592
52 296495936 296430400
55 258853760 258788224
21 390693248 390627712
55 221211584 221146048
54 221070080 221004544
2 277674880 277609344
16 409514368 409448832
57 371872192 371806656
52 296496000 296430464
55 258853824 258788288
21 390693312 390627776
55 221211648 221146112
54 221070144 221004608
2 277674944 277609408
16 409514432 409448896
57 371872256 371806720
52 296496064 296430528
55 258853888 258788352
21 390693376 390627840
55 221211712 221146176
54 221070208 221004672
2 277675008 277609472
16 409514496 409448960
57 371872320 371806784
52 296496128 296430592
55 258853952 258788416
21 390693440 390627904
55 221211776 221146240
54 221070272 221004736
2 277675072 277609536
16 409514560 409449024
57 371872384 371806848
52 296496192 296430656
55 258854016 258788480
21 390693504 390627968
55 221211840 221146304
54 221070336 221004800
2 277675136 277609600
16 409514624 296432256
57 371872448 371806912
52 296496256 296430720
55 258854080 258788544
21 390693568 390628032
55 221211904 221146368
59 258854144 258788608
10 371872512 371806976
1 221070400 221004864
2 277675200 277609664
5 390693632 390628096
1 296496320 296430784
8 409514688 296432320
44 221211968 221146432
54 221070464 221004928
2 277675264 277609728
16 409514752 296432384
57 371872576 371807040
52 296496384 296430848
55 258854208 258788672
21 390693696 390628160
55 221212032 221146496
54 221070528 221004992
2 277675328 277609792
16 409514816 296432448
57 371872640 371807104
52 296496448 296430912
55 258854272 258788736
21 390693760 390628224
55 221212096 221146560
54 221070592 221005056
2 277675392 277609856
16 409514880 296432512
57 371872704 371807168
52 296496512 296430976
55 258854336 258788800
21 390693824 390628288
55 221212160 221146624
54 221070656 221005120
2 277675456 277609920
16 409514944 296432576
57 371872768 371807232
52 296496576 296431040
55 258854400 258788864
21 390693888 390628352
55 221212224 221146688
54 221070720 221005184
2 277675520 277609984
16 409515008 296432640
57 371872832 371807296
52 296496640 296431104
55 258854464 258788928
21 390693952 390628416
55 221212288 221146752
54 221070784 221005248
2 277675584 277610048
16 409515072 296432704
57 371872896 371807360
52 296496704 296431168
55 258854528 258788992
21 390694016 390628480
55 221212352 221146816
54 221070848 221005312
2 277675648 277610112
16 409515136 409449600
57 371872960 371807424
52 296496768 296431232
55 258854592 258789056
21 390694080 390628544
55 221212416 221146880
54 221070912 221005376
2 277675712 277610176
16 409515200 409449664
57 371873024 371807488
52 296496832 296431296
55 258854656 258789120
21 390694144 390628608
55 221212480 221146944
54 221070976 221005440
2 277675776 277610240
16 409515264 409449728
57 371873088 371807552
52 296496896 296431360
55 258854720 258789184
21 390694208 390628672
55 221212544 221147008
54 221071040 221005504
2 277675840 277610304
16 409515328 409449792
57 371873152 371807616
52 296496960 296431424
55 258854784 258789248
21 390694272 390628736
55 221212608 221147072
54 221071104 221005568
2 277675904 277610368
16 409515392 409449856
57 371873216 371807680
52 296497024 296431488
55 258854848 258789312
21 390694336 390628800
55 221212672 221147136
54 221071168 221005632
2 277675968 277610432
16 409515456 409449920
57 371873280 371807744
52 296497088 296431552
55 258854912 258789376
21 390694400 390628864
55 221212736 221147200
54 221071232 221005696
2 277676032 277610496
16 409515520 409449984
57 371873344 371807808
52 296497152 296431616
55 258854976 258789440
21 390694464 390628928
55 221212800 221147264
54 221071296 221005760
2 277676096 277610560
16 409515584 409450048
57 371873408 371807872
52 296497216 296431680
55 258855040 258789504
21 390694528 390628992
55 221212864 221147328
54 221071360 221005824
2 277676160 277610624
16 409515648 409450112
57 371873472 371807936
52 296497280 296431744
55 258855104 258789568
21 390694592 390629056
55 221212928 221147392
54 221071424 221005888
2 277676224 277610688
16 409515712 409450176
57 371873536 371808000
52 296497344 296431808
71 221212992 221147456
1 258855168 258789632
10 371873600 371808064
1 221071488 221005952
2 277676288 277610752
5 390694656 390629120
10 409515776 409450240
30 296497408 296431872
55 258855232 258789696
21 390694720 390629184
55 221213056 221147520
54 221071552 221006016
2 277676352 277610816
16 409515840 409450304
57 371873664 371808128
52 296497472 296431936
55 258855296 258789760
21 390694784 390629248
55 221213120 221147584
54 221071616 221006080
2 277676416 277610880
16 409515904 409450368
57 371873728 371808192
52 296497536 296432000
55 258855360 258789824
21 390694848 390629312
55 221213184 221147648
54 221071680 221006144
2 277676480 277610944
16 409515968 409450432
57 371873792 371808256
52 296497600 296432064
55 258855424 258789888
21 390694912 390629376
55 221213248 221147712
54 221071744 221006208
2 277676544 277611008
16 409516032 409450496
57 371873856 371808320
52 296497664 296432128
55 258855488 258789952
21 390694976 390629440
55 221213312 221147776
54 221071808 221006272
2 277676608 277611072
16 409516096 409450560
57 371873920 371808384
52 296497728 296432192
55 258855552 258790016
21 390695040 390629504
55 221213376 221147840
54 221071872 221006336
2 277676672 277611136
16 409516160 409450624
57 371873984 371808448
52 296497792 369472128
55 258855616 258790080
21 390695104 390629568
55 221213440 221147904
54 221071936 221006400
2 277676736 277611200
16 409516224 409450688
57 371874048 371808512
52 296497856 390640320
55 258855680 258790144
21 390695168 390629632
55 221213504 221147968
54 221072000 221006464
2 277676800 277611264
16 409516288 409450752
57 371874112 371808576
52 296497920 390640384
55 258855744 258790208
21 390695232 390629696
55 221213568 221148032
54 221072064 221006528
2 277676864 277611328
16 409516352 409450816
57 371874176 371808640
52 296497984 390640448
55 258855808 258790272
21 390695296 390629760
55 221213632 221148096
54 221072128 221006592
2 277676928 277611392
16 409516416 409450880
57 371874240 371808704
52 296498048 390640512
55 258855872 258790336
21 390695360 390629824
55 221213696 221148160
54 221072192 221006656
2 277676992 277611456
16 409516480 409450944
57 371874304 371808768
52 296498112 390640576
55 258855936 258790400
21 390695424 390629888
55 221213760 221148224
54 221072256 221006720
2 277677056 277611520
16 409516544 409451008
57 371874368 371808832
52 296498176 390640640
55 258856000 258790464
21 390695488 390629952
55 221213824 221148288
54 221072320 221006784
2 277677120 277611584
16 409516608 409451072
57 371874432 371808896
52 296498240 390640704
55 258856064 258790528
21 390695552 390630016
55 221213888 221148352
54 221072384 221006848
2 277677184 277611648
16 409516672 409451136
57 371874496 371808960
52 296498304 296432768
55 258856128 258790592
21 390695616 390630080
55 221213952 221148416
54 221072448 221006912
2 277677248 277611712
16 409516736 409451200
57 371874560 371809024
52 296498368 296432832
55 258856192 258790656
21 390695680 390630144
55 221214016 221148480
54 221072512 221006976
2 277677312 277611776
16 409516800 409451264
53 369472640 390640768
8 221214080 221148544
1 258856256 258790720
10 371874624 371809088
10 390695744 390630208
1 296498432 296432896
28 221072576 221007040
2 277677376 277611840
16 409516864 409451328
57 371874688 371809152
52 296498496 296432960
55 258856320 258790784
21 390695808 390630272
55 221214144 221148608
54 221072640 221007104
2 277677440 277611904
16 409516928 409451392
57 371874752 371809216
52 296498560 296433024
55 258856384 258790848
21 390695872 390630336
55 221214208 221148672
54 221072704 221007168
2 277677504 277611968
16 409516992 409451456
57 371874816 371809280
52 296498624 296433088
55 258856448 258790912
21 390695936 390630400
55 221214272 221148736
54 221072768 221007232
2 277677568 277612032
16 409517056 409451520
57 371874880 371809344
52 296498688 296433152
55 258856512 258790976
21 390696000 390630464
55 221214336 221148800
54 221072832 221007296
2 277677632 277612096
16 409517120 409451584
57 371874944 371809408
52 296498752 296433216
55 258856576 258791040
21 390696064 390630528
55 221214400 221148864
54 221072896 221007360
2 277677696 277612160
16 409517184 409451648
57 371875008 371809472
52 296498816 296433280
55 258856640 258791104
21 390696128 390630592
55 221214464 221148928
54 221072960 221007424
2 277677760 277612224
16 409517248 409451712
57 371875072 371809536
52 296498880 296433344
55 258856704 258791168
21 390696192 390630656
55 221214528 221148992
54 221073024 221007488
2 277677824 277612288
16 409517312 409451776
57 371875136 371809600
52 296498944 296433408
55 258856768 258791232
21 390696256 390630720
55 221214592 221149056
54 221073088 221007552
2 277677888 277612352
16 409517376 409451840
57 371875200 371809664
52 296499008 296433472
55 258856832 258791296
21 390696320 390630784
55 221214656 221149120
54 221073152 221007616
2 277677952 277612416
16 409517440 409451904
57 371875264 371809728
52 296499072 296433536
55 258856896 258791360
21 390696384 390630848
55 221214720 221149184
54 221073216 221007680
2 277678016 277612480
16 409517504 409451968
57 371875328 371809792
52 296499136 296433600
55 258856960 258791424
21 390696448 390630912
55 221214784 221149248
54 221073280 221007744
2 277678080 277612544
16 409517568 409452032
57 371875392 371809856
52 296499200 296433664
55 258857024 258791488
21 390696512 390630976
55 221214848 221149312
54 221073344 221007808
2 277678144 277612608
16 409517632 409452096
57 371875456 371809920
52 296499264 296433728
55 258857088 258791552
21 390696576 390631040
55 221214912 221149376
54 221073408 221007872
2 277678208 277612672
16 409517696 409452160
57 371875520 371809984
52 296499328 296433792
55 258857152 258791616
21 390696640 390631104
55 221214976 221149440
54 221073472 221007936
2 277678272 277612736
16 409517760 409452224
57 371875584 371810048
52 296499392 296433856
55 258857216 258791680
21 390696704 390631168
55 221215040 221149504
54 221073536 221008000
2 277678336 277612800
16 409517824 409452288
57 371875648 371810112
52 296499456 296433920
55 258857280 258791744
21 390696768 390631232
73 221215104 221149568
12 371875712 371810176
1 221073600 221008064
2 277678400 277612864
7 296499520 296433984
8 409517888 409452352
6 258857344 258791808
21 390696832 390631296
55 221215168 221149632
54 221073664 221008128
2 277678464 277612928
16 409517952 409452416
57 371875776 371810240
52 296499584 296434048
55 258857408 258791872
21 390696896 390631360
55 221215232 221149696
54 221073728 221008192
2 277678528 277612992
16 409518016 409452480
57 371875840 371810304
52 296499648 296434112
55 258857472 258791936
21 390696960 390631424
55 221215296 221149760
54 221073792 221008256
2 277678592 277613056
16 409518080 409452544
57 371875904 371810368
52 296499712 296434176
55 258857536 258792000
21 390697024 390631488
55 221215360 221149824
54 221073856 221008320
2 277678656 277613120
16 409518144 409452608
57 371875968 371810432
52 296499776 296434240
55 258857600 258792064
21 390697088 390631552
55 221215424 221149888
54 221073920 221008384
2 277678720 277613184
16 409518208 409452672
57 371876032 371810496
52 296499840 296434304
55 258857664 258792128
21 390697152 390631616
55 221215488 221149952
54 221073984 221008448
2 277678784 277613248
16 409518272 409452736
57 371876096 371810560
52 296499904 296434368
55 258857728 258792192
21 390697216 390631680
55 221215552 221150016
54 221074048 221008512
2 277678848 277613312
16 409518336 409452800
57 371876160 371810624
52 296499968 296434432
55 258857792 258792256
21 390697280 390631744
55 221215616 221150080
54 221074112 221008576
2 277678912 277613376
16 409518400 409452864
57 371876224 371810688
52 296500032 296434496
55 258857856 258792320
21 390697344 390631808
55 221215680 221150144
54 221074176 221008640
2 277678976 277613440
16 409518464 409452928
57 371876288 371810752
52 296500096 296434560
55 258857920 258792384
21 390697408 390631872
55 221215744 221150208
54 221074240 221008704
2 277679040 277613504
16 409518528 409452992
57 371876352 371810816
52 296500160 296434624
55 258857984 258792448
21 390697472 390631936
55 221215808 221150272
54 221074304 221008768
2 277679104 277613568
16 409518592 409453056
57 371876416 371810880
52 296500224 296434688
55 258858048 258792512
21 390697536 390632000
55 221215872 221150336
54 221074368 221008832
2 277679168 277613632
16 409518656 409453120
57 371876480 371810944
52 296500288 296434752
55 258858112 258792576
21 390697600 390632064
55 221215936 221150400
54 221074432 221008896
2 277679232 277613696
16 409518720 409453184
57 371876544 371811008
52 296500352 296434816
55 258858176 258792640
21 390697664 390632128
55 221216000 221150464
54 221074496 221008960
2 277679296 277613760
16 409518784 409453248
57 371876608 371811072
52 296500416 296434880
55 258858240 258792704
21 390697728 390632192
55 221216064 221150528
54 221074560 221009024
2 277679360 277613824
16 409518848 409453312
57 371876672 371811136
52 296500480 296434944
55 258858304 258792768
21 390697792 390632256
55 221216128 221150592
54 221074624 221009088
2 277679424 277613888
16 409518912 409453376
57 371876736 371811200
52 296500544 296435008
31 221216192 221150656
1 258858368 258792832
12 221074688 221009152
2 277679488 277613952
5 390697856 390632320
10 409518976 409453440
17 371876800 371811264
52 296500608 296435072
55 258858432 258792896
21 390697920 390632384
55 221216256 221150720
54 221074752 221009216
2 277679552 277614016
16 409519040 409453504
57 371876864 371811328
52 296500672 296435136
55 258858496 258792960
21 390697984 390632448
55 221216320 221150784
54 221074816 221009280
2 277679616 277614080
16 409519104 409453568
57 371876928 371811392
52 296500736 296435200
55 258858560 258793024
21 390698048 390632512
55 221216384 221150848
54 221074880 221009344
2 277679680 277614144
16 409519168 409453632
57 371876992 371811456
52 296500800 296435264
55 258858624 258793088
21 390698112 390632576
55 221216448 221150912
54 221074944 221009408
2 277679744 277614208
16 409519232 409453696
57 371877056 371811520
52 296500864 296435328
55 258858688 258793152
21 390698176 390632640
55 221216512 221150976
54 221075008 221009472
2 277679808 277614272
16 409519296 409453760
57 371877120 371811584
52 296500928 296435392
55 258858752 258793216
21 390698240 390632704
55 221216576 221151040
54 221075072 221009536
2 277679872 277614336
16 409519360 409453824
57 371877184 371811648
52 296500992 296435456
55 258858816 258793280
21 390698304 390632768
55 221216640 221151104
54 221075136 221009600
2 277679936 277614400
16 409519424 409453888
57 371877248 371811712
52 296501056 296435520
55 258858880 258793344
21 390698368 390632832
55 221216704 221151168
54 221075200 221009664
2 277680000 277614464
16 409519488 409453952
57 371877312 371811776
52 296501120 296435584
55 258858944 258793408
21 390698432 390632896
55 221216768 221151232
54 221075264 221009728
2 277680064 277614528
16 409519552 409454016
57 371877376 371811840
52 296501184 296435648
55 258859008 258793472
21 390698496 390632960
55 221216832 221151296
54 221075328 221009792
2 277680128 277614592
16 409519616 409454080
57 371877440 371811904
52 296501248 296435712
55 258859072 258793536
21 390698560 390633024
55 221216896 221151360
54 221075392 221009856
2 277680192 277614656
16 409519680 409454144
57 371877504 371811968
52 296501312 296435776
55 258859136 258793600
21 390698624 390633088
55 221216960 221151424
54 221075456 221009920
2 277680256 277614720
16 409519744 409454208
57 371877568 371812032
52 296501376 296435840
55 258859200 258793664
21 390698688 390633152
55 221217024 221151488
54 221075520 221009984
2 277680320 277614784
16 409519808 409454272
57 371877632 371812096
52 296501440 296435904
55 258859264 258793728
21 390698752 390633216
55 221217088 221151552
54 221075584 221010048
2 277680384 277614848
16 409519872 409454336
57 371877696 371812160
52 296501504 296435968
55 258859328 258793792
21 390698816 390633280
55 221217152 221151616
54 221075648 221010112
2 277680448 277614912
16 409519936 409454400
57 371877760 371812224
52 296501568 296436032
55 258859392 258793856
21 390698880 390633344
55 221217216 221151680
54 221075712 221010176
2 277680512 277614976
16 409520000 409454464
24 258859456 258793920
10 371877824 371812288
10 390698944 390633408
1 296501632 296436096
13 221217280 221151744
54 221075776 221010240
2 277680576 277615040
16 409520064 409454528
57 371877888 371812352
52 296501696 296436160
55 258859520 258793984
21 390699008 390633472
55 221217344 221151808
54 221075840 221010304
2 277680640 277615104
16 409520128 409454592
57 371877952 371812416
52 296501760 296436224
55 258859584 258794048
21 390699072 277616704
55 221217408 221151872
54 221075904 221010368
2 277680704 277615168
16 409520192 409454656
57 371878016 371812480
52 296501824 296436288
55 258859648 258794112
21 390699136 277616768
55 221217472 221151936
54 221075968 221010432
2 277680768 277615232
16 409520256 409454720
57 371878080 371812544
52 296501888 296436352
55 258859712 258794176
21 390699200 277616832
55 221217536 221152000
54 221076032 221010496
2 277680832 277615296
16 409520320 409454784
57 371878144 371812608
52 296501952 296436416
55 258859776 258794240
21 390699264 277616896
55 221217600 221152064
54 221076096 221010560
2 277680896 277615360
16 409520384 409454848
57 371878208 371812672
52 296502016 296436480
55 258859840 258794304
21 390699328 277616960
55 221217664 221152128
54 221076160 221010624
2 277680960 277615424
16 409520448 409454912
57 371878272 371812736
52 296502080 296436544
55 258859904 258794368
21 390699392 277617024
55 221217728 221152192
54 221076224 221010688
2 277681024 277615488
16 409520512 409454976
57 371878336 371812800
52 296502144 296436608
55 258859968 258794432
21 390699456 277617088
55 221217792 221152256
54 221076288 221010752
2 277681088 277615552
16 409520576 409455040
57 371878400 371812864
52 296502208 296436672
55 258860032 258794496
21 390699520 277617152
55 221217856 221152320
54 221076352 221010816
2 277681152 277615616
16 409520640 409455104
57 371878464 371812928
52 296502272 296436736
55 258860096 258794560
21 390699584 277617216
55 221217920 221152384
54 221076416 221010880
2 277681216 277615680
16 409520704 409455168
57 371878528 371812992
52 296502336 296436800
55 258860160 258794624
21 390699648 277617280
55 221217984 221152448
54 221076480 221010944
2 277681280 277615744
16 409520768 409455232
57 371878592 371813056
52 296502400 296436864
55 258860224 258794688
21 390699712 277617344
55 221218048 221152512
54 221076544 221011008
2 277681344 277615808
16 409520832 409455296
57 371878656 371813120
52 296502464 296436928
55 258860288 258794752
21 390699776 277617408
55 221218112 221152576
54 221076608 221011072
2 277681408 277615872
16 409520896 409455360
57 371878720 371813184
52 296502528 296436992
55 258860352 258794816
21 390699840 277617472
55 221218176 221152640
54 221076672 221011136
2 277681472 277615936
16 409520960 409455424
57 371878784 371813248
52 296502592 296437056
55 258860416 258794880
21 390699904 277617536
55 221218240 221152704
54 221076736 221011200
2 277681536 277616000
16 409521024 409455488
57 371878848 371813312
52 296502656 296437120
55 258860480 258794944
21 390699968 277617600
33 221218304 221152768
12 371878912 371813376
1 221076800 221011264
2 277681600 277616064
7 296502720 296437184
8 409521088 409455552
46 258860544 258795008
21 390700032 277617664
55 221218368 221152832
54 221076864 221011328
2 277681664 277616128
16 409521152 409455616
57 371878976 371813440
52 296502784 296437248
55 258860608 258795072
21 390700096 277617728
55 221218432 221152896
54 221076928 221011392
2 277681728 277616192
16 409521216 409455680
57 371879040 371813504
52 296502848 296437312
55 258860672 258795136
21 390700160 277617792
55 221218496 221152960
54 221076992 221011456
2 277681792 277616256
16 409521280 409455744
57 371879104 371813568
52 296502912 296437376
55 258860736 258795200
21 390700224 277617856
55 221218560 221153024
54 221077056 221011520
2 277681856 277616320
16 409521344 409455808
57 371879168 371813632
52 296502976 296437440
55 258860800 258795264
21 390700288 277617920
55 221218624 221153088
54 221077120 221011584
2 277681920 277616384
16 409521408 409455872
57 371879232 371813696
52 296503040 296437504
55 258860864 258795328
21 390700352 277617984
55 221218688 221153152
54 221077184 221011648
2 277681984 277616448
16 409521472 409455936
57 371879296 371813760
52 296503104 296437568
55 258860928 258795392
21 390700416 277618048
55 221218752 221153216
54 221077248 221011712
2 277682048 277616512
16 409521536 409456000
57 371879360 371813824
52 296503168 296437632
55 258860992 258795456
21 390700480 277618112
55 221218816 221153280
54 221077312 221011776
2 277682112 277616576
16 409521600 409456064
57 371879424 371813888
52 296503232 296437696
55 258861056 258795520
21 390700544 277618176
55 221218880 221153344
54 221077376 221011840
2 277682176 277616640
16 409521664 409456128
57 371879488 371813952
52 296503296 296437760
55 258861120 258795584
21 390700608 277618240
55 221218944 221153408
54 221077440 221011904
2 277682240 221157440
16 409521728 409456192
57 371879552 371814016
52 296503360 296437824
55 258861184 258795648
21 390700672 277618304
55 221219008 221153472
54 221077504 221011968
2 277682304 221157504
16 409521792 409456256
57 371879616 371814080
52 296503424 296437888
55 258861248 258795712
21 390700736 277618368
55 221219072 221153536
54 221077568 221012032
2 277682368 221157568
16 409521856 409456320
57 371879680 371814144
52 296503488 296437952
55 258861312 258795776
21 390700800 277618432
55 221219136 221153600
54 221077632 221012096
2 277682432 221157632
16 409521920 409456384
57 371879744 371814208
52 296503552 296438016
55 258861376 258795840
21 390700864 277618496
55 221219200 221153664
54 221077696 221012160
2 277682496 221157696
16 409521984 409456448
57 371879808 371814272
52 296503616 296438080
55 258861440 258795904
21 390700928 277618560
55 221219264 221153728
54 221077760 221012224
2 277682560 221157760
16 409522048 409456512
57 371879872 371814336
52 296503680 296438144
55 258861504 258795968
21 390700992 277618624
55 221219328 221153792
54 221077824 221012288
2 277682624 221157824
16 409522112 409456576
57 371879936 371814400
44 221219392 221153856
1 258861568 258796032
12 221077888 221012352
2 277682688 221157888
5 390701056 277618688
1 296503744 296438208
8 409522176 409456640
57 371880000 371814464
52 296503808 296438272
55 258861632 258796096
21 390701120 277618752
55 221219456 221153920
54 221077952 221012416
2 277682752 221157952
16 409522240 409456704
57 371880064 371814528
52 296503872 296438336
55 258861696 258796160
21 390701184 277618816
55 221219520 221153984
54 221078016 221012480
2 277682816 221158016
16 409522304 409456768
57 371880128 371814592
52 296503936 296438400
55 258861760 258796224
21 390701248 390635712
55 221219584 221154048
54 221078080 221012544
2 277682880 221158080
16 409522368 409456832
57 371880192 371814656
52 296504000 296438464
55 258861824 258796288
21 390701312 390635776
55 221219648 221154112
54 221078144 221012608
2 277682944 221158144
16 409522432 409456896
57 371880256 371814720
52 296504064 296438528
55 258861888 258796352
21 390701376 390635840
55 221219712 221154176
54 221078208 221012672
2 277683008 221158208
16 409522496 409456960
57 371880320 371814784
52 296504128 296438592
55 258861952 258796416
21 390701440 390635904
55 221219776 221154240
54 221078272 221012736
2 277683072 221158272
16 409522560 409457024
57 371880384 371814848
52 296504192 296438656
55 258862016 258796480
21 390701504 390635968
55 221219840 221154304
54 221078336 221012800
2 277683136 221158336
16 409522624 409457088
57 371880448 371814912
52 296504256 296438720
55 258862080 258796544
21 390701568 390636032
55 221219904 221154368
54 221078400 221012864
2 277683200 221158400
16 409522688 409457152
57 371880512 371814976
52 296504320 296438784
55 258862144 258796608
21 390701632 390636096
55 221219968 221154432
54 221078464 221012928
2 277683264 221158464
16 409522752 409457216
57 371880576 371815040
52 296504384 296438848
55 258862208 258796672
21 390701696 390636160
55 221220032 221154496
54 221078528 221012992
2 277683328 221158528
16 409522816 409457280
57 371880640 371815104
52 296504448 296438912
55 258862272 258796736
21 390701760 390636224
55 221220096 221154560
54 221078592 221013056
2 277683392 221158592
16 409522880 409457344
57 371880704 371815168
52 296504512 296438976
55 258862336 258796800
21 390701824 390636288
55 221220160 221154624
54 221078656 221013120
2 277683456 221158656
16 409522944 409457408
57 371880768 371815232
52 296504576 296439040
55 258862400 258796864
21 390701888 390636352
55 221220224 221154688
54 221078720 221013184
2 277683520 221158720
16 409523008 409457472
57 371880832 371815296
52 296504640 296439104
55 258862464 258796928
21 390701952 390636416
55 221220288 221154752
54 221078784 221013248
2 277683584 221158784
16 409523072 409457536
57 371880896 371815360
52 296504704 296439168
55 258862528 258796992
21 390702016 390636480
55 221220352 221154816
54 221078848 221013312
2 277683648 221158848
16 409523136 409457600
57 371880960 371815424
52 296504768 296439232
55 258862592 258797056
21 390702080 390636544
55 221220416 221154880
59 258862656 258797120
10 371881024 371815488
1 221078912 221013376
2 277683712 221158912
5 390702144 390636608
1 296504832 296439296
8 409523200 409457664
44 221220480 221154944
54 221078976 221013440
2 277683776 221158976
16 409523264 409457728
57 371881088 371815552
52 296504896 296439360
55 258862720 258797184
21 390702208 390636672
55 221220544 221155008
54 221079040 221013504
2 277683840 221159040
16 409523328 409457792
57 371881152 371815616
52 296504960 296439424
55 258862784 258797248
21 390702272 390636736
55 221220608 221155072
54 221079104 221013568
2 277683904 221159104
16 409523392 409457856
57 371881216 371815680
52 296505024 296439488
55 258862848 258797312
21 390702336 390636800
55 221220672 221155136
54 221079168 221013632
2 277683968 221159168
16 409523456 409457920
57 371881280 371815744
52 296505088 296439552
55 258862912 258797376
21 390702400 390636864
55 221220736 221155200
54 221079232 221013696
2 277684032 221159232
16 409523520 409457984
57 371881344 371815808
52 296505152 296439616
55 258862976 258797440
21 390702464 390636928
55 221220800 221155264
54 221079296 221013760
2 277684096 221159296
16 409523584 409458048
57 371881408 371815872
52 296505216 296439680
55 258863040 258797504
21 390702528 390636992
55 221220864 221155328
54 221079360 221013824
2 277684160 221159360
16 409523648 409458112
57 371881472 371815936
52 296505280 296439744
55 258863104 258797568
21 390702592 390637056
55 221220928 221155392
54 221079424 221013888
2 277684224 221159424
16 409523712 409458176
57 371881536 371816000
52 296505344 296439808
55 258863168 258797632
21 390702656 390637120
55 221220992 221155456
54 221079488 221013952
2 277684288 221159488
16 409523776 409458240
57 371881600 371816064
52 296505408 296439872
55 258863232 258797696
21 390702720 390637184
55 221221056 221155520
54 221079552 221014016
2 277684352 221159552
16 409523840 409458304
57 371881664 371816128
52 296505472 296439936
55 258863296 258797760
21 390702784 390637248
55 221221120 221155584
54 221079616 221014080
2 277684416 277618880
16 409523904 409458368
57 371881728 371816192
52 296505536 296440000
55 258863360 258797824
21 390702848 390637312
55 221221184 221155648
54 221079680 221014144
2 277684480 277618944
16 409523968 409458432
57 371881792 371816256
52 296505600 296440064
55 258863424 258797888
21 390702912 390637376
55 221221248 221155712
54 221079744 221014208
2 277684544 277619008
16 409524032 409458496
57 371881856 371816320
52 296505664 296440128
55 258863488 258797952
21 390702976 390637440
55 221221312 221155776
54 221079808 221014272
2 277684608 277619072
16 409524096 409458560
57 371881920 371816384
52 296505728 296440192
55 258863552 258798016
21 390703040 390637504
55 221221376 221155840
54 221079872 221014336
2 277684672 277619136
16 409524160 409458624
57 371881984 371816448
52 296505792 296440256
55 258863616 258798080
21 390703104 390637568
55 221221440 221155904
54 221079936 221014400
2 277684736 277619200
16 409524224 409458688
57 371882048 371816512
52 296505856 296440320
71 221221504 221155968
1 258863680 258798144
10 371882112 371816576
1 221080000 221014464
2 277684800 277619264
5 390703168 390637632
10 409524288 409458752
30 296505920 296440384
55 258863744 258798208
21 390703232 390637696
55 221221568 221156032
54 221080064 221014528
2 277684864 277619328
16 409524352 409458816
57 371882176 371816640
52 296505984 296440448
55 258863808 258798272
21 390703296 390637760
55 221221632 221156096
54 221080128 221014592
2 277684928 277619392
16 409524416 409458880
57 371882240 371816704
52 296506048 296440512
55 258863872 258798336
21 390703360 390637824
55 221221696 221156160
54 221080192 221014656
2 277684992 277619456
16 409524480 409458944
57 371882304 371816768
52 296506112 296440576
55 258863936 258798400
21 390703424 390637888
55 221221760 221156224
54 221080256 221014720
2 277685056 277619520
16 409524544 409459008
57 371882368 371816832
52 296506176 296440640
55 258864000 258798464
21 390703488 390637952
55 221221824 221156288
54 221080320 221014784
2 277685120 277619584
16 409524608 409459072
57 371882432 371816896
52 296506240 296440704
55 258864064 258798528
21 390703552 390638016
55 221221888 221156352
54 221080384 221014848
2 277685184 277619648
16 409524672 409459136
57 371882496 371816960
52 296506304 296440768
55 258864128 258798592
21 390703616 390638080
55 221221952 221156416
54 221080448 221014912
2 277685248 277619712
16 409524736 409459200
57 371882560 371817024
52 296506368 296440832
55 258864192 258798656
21 390703680 390638144
55 221222016 221156480
54 221080512 221014976
2 277685312 277619776
16 409524800 409459264
57 371882624 371817088
52 296506432 296440896
55 258864256 258798720
21 390703744 390638208
55 221222080 221156544
54 221080576 221015040
2 277685376 277619840
16 409524864 409459328
57 371882688 371817152
52 296506496 296440960
55 258864320 258798784
21 390703808 390638272
55 221222144 221156608
54 221080640 221015104
2 277685440 277619904
16 409524928 409459392
57 371882752 371817216
52 296506560 296441024
55 258864384 258798848
21 390703872 390638336
55 221222208 221156672
54 221080704 221015168
2 277685504 277619968
16 409524992 409459456
57 371882816 371817280
52 296506624 296441088
55 258864448 258798912
21 390703936 390638400
55 221222272 221156736
54 221080768 221015232
2 277685568 277620032
16 409525056 409459520
57 371882880 371817344
52 296506688 296441152
55 258864512 258798976
21 390704000 390638464
55 221222336 221156800
54 221080832 221015296
2 277685632 277620096
16 409525120 409459584
57 371882944 371817408
52 296506752 296441216
55 258864576 258799040
21 390704064 390638528
55 221222400 221156864
54 221080896 221015360
2 277685696 277620160
16 409525184 409459648
57 371883008 371817472
52 296506816 296441280
55 258864640 258799104
21 390704128 390638592
55 221222464 221156928
54 221080960 221015424
2 277685760 277620224
16 409525248 409459712
57 371883072 371817536
52 296506880 296441344
55 258864704 258799168
21 390704192 390638656
55 221222528 221156992
54 221081024 221015488
2 277685824 277620288
16 409525312 409459776
53 369472704 390640832
8 221222592 221157056
1 258864768 258799232
10 371883136 371817600
10 390704256 390638720
1 296506944 296441408
28 221081088 221015552
2 277685888 277620352
16 409525376 409459840
57 371883200 371817664
52 296507008 296441472
55 258864832 258799296
21 390704320 390638784
55 221222656 221157120
54 221081152 221015616
2 277685952 277620416
16 409525440 409459904
57 371883264 371817728
52 296507072 296441536
55 258864896 258799360
21 390704384 390638848
55 221222720 221157184
54 221081216 221015680
2 277686016 277620480
16 409525504 409459968
57 371883328 371817792
52 296507136 296441600
55 258864960 258799424
21 390704448 390638912
55 221222784 221157248
54 221081280 221015744
2 277686080 277620544
16 409525568 409460032
57 371883392 371817856
52 296507200 296441664
55 258865024 258799488
21 390704512 390638976
55 221222848 221157312
54 221081344 221015808
2 277686144 277620608
16 409525632 409460096
57 371883456 371817920
52 296507264 296441728
55 258865088 258799552
21 390704576 390639040
55 221222912 221157376
54 221081408 221015872
2 277686208 277620672
16 409525696 409460160
57 371883520 371817984
52 296507328 296441792
55 258865152 258799616
21 390704640 390639104
55 221222976 371824704
54 221081472 221015936
2 277686272 277620736
16 409525760 409460224
57 371883584 371818048
52 296507392 296441856
55 258865216 258799680
21 390704704 390639168
55 221223040 371824768
54 221081536 221016000
2 277686336 277620800
16 409525824 409460288
57 371883648 371818112
52 296507456 296441920
55 258865280 258799744
21 390704768 390639232
55 221223104 371824832
54 221081600 221016064
2 277686400 277620864
16 409525888 409460352
57 371883712 371818176
52 296507520 296441984
55 258865344 258799808
21 390704832 390639296
55 221223168 371824896
54 221081664 221016128
2 277686464 277620928
16 409525952 409460416
57 371883776 371818240
52 296507584 296442048
55 258865408 258799872
21 390704896 390639360
55 221223232 371824960
54 221081728 221016192
2 277686528 277620992
16 409526016 409460480
57 371883840 371818304
52 296507648 296442112
55 258865472 258799936
21 390704960 390639424
55 221223296 371825024
54 221081792 221016256
2 277686592 277621056
16 409526080 409460544
57 371883904 371818368
52 296507712 296442176
55 258865536 258800000
21 390705024 390639488
55 221223360 371825088
54 221081856 221016320
2 277686656 277621120
16 409526144 409460608
57 371883968 371818432
52 296507776 296442240
55 258865600 258800064
21 390705088 390639552
55 221223424 371825152
54 221081920 221016384
2 277686720 277621184
16 409526208 409460672
57 371884032 371818496
52 296507840 296442304
55 258865664 258800128
21 390705152 390639616
55 221223488 371825216
54 221081984 221016448
2 277686784 277621248
16 409526272 409460736
57 371884096 371818560
52 296507904 296442368
55 258865728 258800192
21 390705216 390639680
55 221223552 371825280
54 221082048 221016512
2 277686848 277621312
16 409526336 409460800
57 371884160 371818624
52 296507968 296442432
55 258865792 258800256
21 390705280 390639744
73 221223616 371825344
12 371884224 371818688
1 221082112 221016576
2 277686912 277621376
7 296508032 296442496
8 409526400 409460864
6 258865856 258800320
21 390705344 390639808
55 221223680 371825408
54 221082176 221016640
2 277686976 277621440
16 409526464 409460928
57 371884288 371818752
52 296508096 296442560
55 258865920 258800384
21 390705408 390639872
55 221223744 371825472
54 221082240 221016704
2 277687040 277621504
16 409526528 409460992
57 371884352 371818816
52 296508160 296442624
55 258865984 258800448
21 390705472 390639936
55 221223808 371825536
54 221082304 221016768
2 277687104 277621568
16 409526592 409461056
57 371884416 371818880
52 296508224 296442688
55 258866048 258800512
21 390705536 390640000
55 221223872 371825600
54 221082368 221016832
2 277687168 277621632
16 409526656 409461120
57 371884480 371818944
52 296508288 296442752
55 258866112 258800576
21 390705600 390640064
55 221223936 371825664
54 221082432 221016896
2 277687232 277621696
16 409526720 409461184
57 371884544 371819008
52 296508352 296442816
55 258866176 258800640
21 390705664 390640128
55 221224000 371825728
54 221082496 221016960
2 277687296 277621760
16 409526784 409461248
57 371884608 371819072
52 296508416 296442880
55 258866240 258800704
21 390705728 390640192
55 221224064 371825792
54 221082560 221017024
2 277687360 277621824
16 409526848 409461312
57 371884672 371819136
52 296508480 296442944
55 258866304 258800768
21 390705792 390640256
55 221224128 371825856
54 221082624 221017088
2 277687424 277621888
16 409526912 409461376
57 371884736 371819200
52 296508544 296443008
55 258866368 258800832
21 390705856 277623488
55 221224192 371825920
54 221082688 221017152
2 277687488 277621952
16 409526976 409461440
57 371884800 371819264
52 296508608 296443072
55 258866432 258800896
21 390705920 277623552
55 221224256 371825984
54 221082752 221017216
2 277687552 277622016
16 409527040 409461504
57 371884864 371819328
52 296508672 296443136
55 258866496 258800960
21 390705984 277623616
55 221224320 371826048
54 221082816 221017280
2 277687616 277622080
16 409527104 409461568
57 371884928 371819392
52 296508736 296443200
55 258866560 258801024
21 390706048 277623680
55 221224384 371826112
54 221082880 221017344
2 277687680 277622144
16 409527168 409461632
57 371884992 371819456
52 296508800 296443264
55 258866624 258801088
21 390706112 277623744
55 221224448 371826176
54 221082944 221017408
2 277687744 277622208
16 409527232 409461696
57 371885056 371819520
52 296508864 296443328
55 258866688 258801152
21 390706176 277623808
55 221224512 371826240
54 221083008 221017472
2 277687808 277622272
16 409527296 409461760
57 371885120 371819584
52 296508928 296443392
55 258866752 258801216
21 390706240 277623872
55 221224576 371826304
54 221083072 221017536
2 277687872 277622336
16 409527360 409461824
57 371885184 371819648
52 296508992 296443456
55 258866816 258801280
21 390706304 277623936
55 221224640 371826368
54 221083136 221017600
2 277687936 277622400
16 409527424 409461888
57 371885248 371819712
52 296509056 296443520
31 221224704 371826432
1 258866880 258801344
12 221083200 221017664
2 277688000 277622464
5 390706368 277624000
10 409527488 409461952
17 371885312 371819776
52 296509120 296443584
55 258866944 258801408
21 390706432 390640896
55 221224768 371826496
54 221083264 221017728
2 277688064 277622528
16 409527552 409462016
57 371885376 371819840
52 296509184 296443648
55 258867008 258801472
21 390706496 390640960
55 221224832 371826560
54 221083328 221017792
2 277688128 277622592
16 409527616 409462080
57 371885440 371819904
52 296509248 296443712
55 258867072 258801536
21 390706560 390641024
55 221224896 371826624
54 221083392 221017856
2 277688192 277622656
16 409527680 409462144
57 371885504 371819968
52 296509312 296443776
55 258867136 258801600
21 390706624 390641088
55 221224960 371826688
54 221083456 221017920
2 277688256 277622720
16 409527744 409462208
57 371885568 371820032
52 296509376 296443840
55 258867200 258801664
21 390706688 390641152
55 221225024 371826752
54 221083520 221017984
2 277688320 277622784
16 409527808 409462272
57 371885632 371820096
52 296509440 296443904
55 258867264 258801728
21 390706752 390641216
55 221225088 371826816
54 221083584 221018048
2 277688384 277622848
16 409527872 409462336
57 371885696 371820160
52 296509504 296443968
55 258867328 258801792
21 390706816 390641280
55 221225152 221159616
54 221083648 221018112
2 277688448 277622912
16 409527936 409462400
57 371885760 371820224
52 296509568 296444032
55 258867392 258801856
21 390706880 390641344
55 221225216 221159680
54 221083712 221018176
2 277688512 277622976
16 409528000 409462464
57 371885824 371820288
52 296509632 296444096
55 258867456 258801920
21 390706944 390641408
55 221225280 221159744
54 221083776 221018240
2 277688576 277623040
16 409528064 409462528
57 371885888 371820352
52 296509696 296444160
55 258867520 258801984
21 390707008 390641472
55 221225344 221159808
54 221083840 221018304
2 277688640 277623104
16 409528128 409462592
57 371885952 371820416
52 296509760 296444224
55 258867584 258802048
21 390707072 390641536
55 221225408 221159872
54 221083904 221018368
2 277688704 277623168
16 409528192 409462656
57 371886016 371820480
52 296509824 296444288
55 258867648 258802112
21 390707136 390641600
55 221225472 221159936
54 221083968 221018432
2 277688768 277623232
16 409528256 409462720
57 371886080 371820544
52 296509888 296444352
55 258867712 258802176
21 390707200 390641664
55 221225536 221160000
54 221084032 221018496
2 277688832 277623296
16 409528320 409462784
57 371886144 371820608
52 296509952 296444416
55 258867776 258802240
21 390707264 390641728
55 221225600 221160064
54 221084096 221018560
2 277688896 277623360
16 409528384 409462848
57 371886208 371820672
52 296510016 296444480
55 258867840 258802304
21 390707328 390641792
55 221225664 221160128
54 221084160 221018624
2 277688960 277623424
16 409528448 409462912
57 371886272 371820736
52 296510080 296444544
55 258867904 258802368
21 390707392 390641856
55 221225728 221160192
54 221084224 221018688
2 277689024 369472192
16 409528512 409462976
24 258867968 258802432
10 371886336 371820800
10 390707456 390641920
1 296510144 296444608
13 221225792 221160256
54 221084288 221018752
2 277689088 221164288
16 409528576 409463040
57 371886400 371820864
52 296510208 296444672
55 258868032 258802496
21 390707520 390641984
55 221225856 221160320
54 221084352 221018816
2 277689152 221164352
16 409528640 409463104
57 371886464 371820928
52 296510272 296444736
55 258868096 258802560
21 390707584 390642048
55 221225920 221160384
54 221084416 221018880
2 277689216 221164416
16 409528704 409463168
57 371886528 371820992
52 296510336 296444800
55 258868160 258802624
21 390707648 390642112
55 221225984 221160448
54 221084480 221018944
2 277689280 221164480
16 409528768 409463232
57 371886592 371821056
52 296510400 296444864
55 258868224 258802688
21 390707712 390642176
55 221226048 221160512
54 221084544 221019008
2 277689344 221164544
16 409528832 409463296
57 371886656 371821120
52 296510464 296444928
55 258868288 258802752
21 390707776 390642240
55 221226112 221160576
54 221084608 221019072
2 277689408 221164608
16 409528896 409463360
57 371886720 371821184
52 296510528 296444992
55 258868352 258802816
21 390707840 390642304
55 221226176 221160640
54 221084672 221019136
2 277689472 221164672
16 409528960 409463424
57 371886784 371821248
52 296510592 296445056
55 258868416 258802880
21 390707904 390642368
55 221226240 221160704
54 221084736 221019200
2 277689536 221164736
16 409529024 409463488
57 371886848 371821312
52 296510656 296445120
55 258868480 258802944
21 390707968 390642432
55 221226304 221160768
54 221084800 221019264
2 277689600 277624064
16 409529088 409463552
57 371886912 371821376
52 296510720 296445184
55 258868544 258803008
21 390708032 390642496
55 221226368 221160832
54 221084864 221019328
2 277689664 277624128
16 409529152 409463616
57 371886976 371821440
52 296510784 296445248
55 258868608 258803072
21 390708096 390642560
55 221226432 221160896
54 221084928 221019392
2 277689728 277624192
16 409529216 409463680
57 371887040 371821504
52 296510848 296445312
55 258868672 258803136
21 390708160 390642624
55 221226496 221160960
54 221084992 221019456
2 277689792 277624256
16 409529280 409463744
57 371887104 371821568
52 296510912 296445376
55 258868736 258803200
21 390708224 390642688
55 221226560 221161024
54 221085056 221019520
2 277689856 277624320
16 409529344 409463808
57 371887168 371821632
52 296510976 296445440
55 258868800 258803264
21 390708288 390642752
55 221226624 221161088
54 221085120 221019584
2 277689920 277624384
16 409529408 409463872
57 371887232 371821696
52 296511040 296445504
55 258868864 258803328
21 390708352 390642816
55 221226688 221161152
54 221085184 221019648
2 277689984 277624448
16 409529472 409463936
57 371887296 371821760
52 296511104 296445568
55 258868928 258803392
21 390708416 390642880
55 221226752 221161216
54 221085248 221019712
2 277690048 277624512
16 409529536 409464000
57 371887360 371821824
52 296511168 296445632
55 258868992 258803456
21 390708480 390642944
33 221226816 221161280
12 371887424 371821888
1 221085312 221019776
2 277690112 277624576
7 296511232 296445696
8 409529600 409464064
46 258869056 258803520
21 390708544 390643008
55 221226880 221161344
54 221085376 221019840
2 277690176 277624640
16 409529664 409464128
57 371887488 371821952
52 296511296 296445760
55 258869120 258803584
21 390708608 390643072
55 221226944 221161408
54 221085440 221019904
2 277690240 277624704
16 409529728 409464192
57 371887552 371822016
52 296511360 296445824
55 258869184 258803648
21 390708672 390643136
55 221227008 221161472
54 221085504 221019968
2 277690304 277624768
16 409529792 409464256
57 371887616 371822080
52 296511424 296445888
55 258869248 258803712
21 390708736 390643200
55 221227072 221161536
54 221085568 221020032
2 277690368 277624832
16 409529856 409464320
57 371887680 371822144
52 296511488 296445952
55 258869312 258803776
21 390708800 390643264
55 221227136 221161600
54 221085632 221020096
2 277690432 277624896
16 409529920 409464384
57 371887744 371822208
52 296511552 296446016
55 258869376 258803840
21 390708864 390643328
55 221227200 221161664
54 221085696 221020160
2 277690496 277624960
16 409529984 409464448
57 371887808 371822272
52 296511616 296446080
55 258869440 258803904
21 390708928 390643392
55 221227264 221161728
54 221085760 221020224
2 277690560 277625024
16 409530048 409464512
57 371887872 371822336
52 296511680 296446144
55 258869504 258803968
21 390708992 390643456
55 221227328 221161792
54 221085824 221020288
2 277690624 277625088
16 409530112 409464576
57 371887936 371822400
52 296511744 296446208
55 258869568 258804032
21 390709056 390643520
55 221227392 221161856
54 221085888 221020352
2 277690688 277625152
16 409530176 409464640
57 371888000 371822464
52 296511808 296446272
55 258869632 258804096
21 390709120 390643584
55 221227456 221161920
54 221085952 221020416
2 277690752 277625216
16 409530240 409464704
57 371888064 371822528
52 296511872 296446336
55 258869696 258804160
21 390709184 390643648
55 221227520 221161984
54 221086016 221020480
2 277690816 277625280
16 409530304 409464768
57 371888128 371822592
52 296511936 296446400
55 258869760 258804224
21 390709248 390643712
55 221227584 221162048
54 221086080 221020544
2 277690880 277625344
16 409530368 409464832
57 371888192 371822656
52 296512000 296446464
55 258869824 258804288
21 390709312 390643776
55 221227648 221162112
54 221086144 221020608
2 277690944 277625408
16 409530432 409464896
57 371888256 371822720
52 296512064 296446528
55 258869888 258804352
21 390709376 390643840
55 221227712 221162176
54 221086208 221020672
2 277691008 277625472
16 409530496 409464960
57 371888320 371822784
52 296512128 296446592
55 258869952 258804416
21 390709440 390643904
55 221227776 221162240
54 221086272 221020736
2 277691072 277625536
16 409530560 409465024
57 371888384 371822848
52 296512192 296446656
55 258870016 258804480
21 390709504 390643968
55 221227840 221162304
54 221086336 221020800
2 277691136 277625600
16 409530624 409465088
57 371888448 371822912
44 221227904 221162368
1 258870080 258804544
12 221086400 221020864
2 277691200 277625664
5 390709568 390644032
1 296512256 296446720
8 409530688 409465152
57 371888512 371822976
52 296512320 296446784
55 258870144 258804608
21 390709632 390644096
55 221227968 221162432
54 221086464 221020928
2 277691264 277625728
16 409530752 409465216
57 371888576 371823040
52 296512384 296446848
55 258870208 258804672
21 390709696 390644160
55 221228032 221162496
54 221086528 221020992
2 277691328 277625792
16 409530816 409465280
57 371888640 371823104
52 296512448 296446912
55 258870272 258804736
21 390709760 390644224
55 221228096 221162560
54 221086592 221021056
2 277691392 277625856
16 409530880 409465344
57 371888704 371823168
52 296512512 296446976
55 258870336 258804800
21 390709824 390644288
55 221228160 221162624
54 221086656 221021120
2 277691456 277625920
16 409530944 409465408
57 371888768 371823232
52 296512576 296447040
55 258870400 258804864
21 390709888 390644352
55 221228224 221162688
54 221086720 221021184
2 277691520 277625984
16 409531008 409465472
57 371888832 371823296
52 296512640 296447104
55 258870464 258804928
21 390709952 390644416
55 221228288 221162752
54 221086784 221021248
2 277691584 277626048
16 409531072 409465536
57 371888896 371823360
52 296512704 296447168
55 258870528 258804992
21 390710016 390644480
55 221228352 221162816
54 221086848 221021312
2 277691648 277626112
16 409531136 409465600
57 371888960 371823424
52 296512768 296447232
55 258870592 258805056
21 390710080 390644544
55 221228416 221162880
54 221086912 221021376
2 277691712 277626176
16 409531200 409465664
57 371889024 371823488
52 296512832 296447296
55 258870656 258805120
21 390710144 390644608
55 221228480 221162944
54 221086976 221021440
2 277691776 277626240
16 409531264 409465728
57 371889088 371823552
52 296512896 296447360
55 258870720 258805184
21 390710208 390644672
55 221228544 221163008
54 221087040 221021504
2 277691840 277626304
16 409531328 409465792
57 371889152 371823616
52 296512960 296447424
55 258870784 258805248
21 390710272 390644736
55 221228608 221163072
54 221087104 221021568
2 277691904 277626368
16 409531392 409465856
57 371889216 371823680
52 296513024 296447488
55 258870848 258805312
21 390710336 390644800
55 221228672 221163136
54 221087168 221021632
2 277691968 277626432
16 409531456 409465920
57 371889280 371823744
52 296513088 296447552
55 258870912 258805376
21 390710400 390644864
55 221228736 221163200
54 221087232 221021696
2 277692032 277626496
16 409531520 409465984
57 371889344 371823808
52 296513152 296447616
55 258870976 258805440
21 390710464 390644928
55 221228800 221163264
54 221087296 221021760
2 277692096 277626560
16 409531584 409466048
57 371889408 371823872
52 296513216 296447680
55 258871040 258805504
21 390710528 390644992
55 221228864 221163328
54 221087360 221021824
2 277692160 277626624
16 409531648 409466112
57 371889472 371823936
52 296513280 296447744
55 258871104 258805568
21 390710592 390645056
55 221228928 221163392
59 258871168 258805632
10 371889536 371824000
1 221087424 221021888
2 277692224 277626688
5 390710656 390645120
1 296513344 296447808
8 409531712 409466176
44 221228992 221163456
54 221087488 221021952
2 277692288 277626752
16 409531776 409466240
57 371889600 371824064
52 296513408 296447872
55 258871232 258805696
21 390710720 390645184
55 221229056 221163520
54 221087552 221022016
2 277692352 277626816
16 409531840 409466304
57 371889664 371824128
52 296513472 296447936
55 258871296 258805760
21 390710784 390645248
55 221229120 221163584
54 221087616 221022080
2 277692416 277626880
16 409531904 409466368
57 371889728 371824192
52 296513536 296448000
55 258871360 258805824
21 390710848 390645312
55 221229184 221163648
54 221087680 221022144
2 277692480 277626944
16 409531968 409466432
57 371889792 371824256
52 296513600 296448064
55 258871424 258805888
21 390710912 390645376
55 221229248 221163712
54 221087744 221022208
2 277692544 277627008
16 409532032 409466496
57 371889856 371824320
52 296513664 296448128
55 258871488 258805952
21 390710976 390645440
55 221229312 221163776
54 221087808 221022272
2 277692608 277627072
16 409532096 409466560
57 371889920 371824384
52 296513728 296448192
55 258871552 258806016
21 390711040 390645504
55 221229376 221163840
54 221087872 221022336
2 277692672 277627136
16 409532160 409466624
57 371889984 371824448
52 296513792 296448256
55 258871616 258806080
21 390711104 390645568
55 221229440 221163904
54 221087936 221022400
2 277692736 277627200
16 409532224 409466688
57 371890048 371824512
52 296513856 296448320
55 258871680 258806144
21 390711168 390645632
55 221229504 221163968
54 221088000 221022464
2 277692800 277627264
16 409532288 409466752
57 371890112 371824576
52 296513920 296448384
55 258871744 258806208
21 390711232 390645696
55 221229568 221164032
54 221088064 221022528
2 277692864 277627328
16 409532352 409466816
57 371890176 371824640
52 296513984 296448448
55 258871808 258806272
21 390711296 390645760
55 221229632 221164096
54 221088128 221022592
2 277692928 277627392
16 409532416 409466880
57 371890240 258807872
52 296514048 296448512
55 258871872 258806336
21 390711360 390645824
55 221229696 221164160
54 221088192 221022656
2 277692992 277627456
16 409532480 409466944
57 371890304 258807936
52 296514112 296448576
55 258871936 258806400
21 390711424 390645888
55 221229760 221164224
54 221088256 221022720
2 277693056 277627520
16 409532544 409467008
57 371890368 258808000
52 296514176 296448640
55 258872000 258806464
21 390711488 390645952
55 221229824 369472256
54 221088320 221022784
2 277693120 277627584
16 409532608 409467072
57 371890432 258808064
52 296514240 296448704
55 258872064 258806528
21 390711552 390646016
55 221229888 371831616
54 221088384 221022848
2 277693184 277627648
16 409532672 409467136
57 371890496 258808128
52 296514304 296448768
55 258872128 258806592
21 390711616 390646080
55 221229952 371831680
54 221088448 221022912
2 277693248 277627712
16 409532736 409467200
57 371890560 258808192
52 296514368 296448832
71 221230016 371831744
1 258872192 258806656
10 371890624 258808256
1 221088512 221022976
2 277693312 277627776
5 390711680 390646144
10 409532800 409467264
30 296514432 296448896
55 258872256 258806720
21 390711744 390646208
55 221230080 371831808
54 221088576 221023040
2 277693376 277627840
16 409532864 409467328
57 371890688 258808320
52 296514496 296448960
55 258872320 258806784
21 390711808 390646272
55 221230144 371831872
54 221088640 221023104
2 277693440 277627904
16 409532928 409467392
57 371890752 258808384
52 296514560 296449024
55 258872384 258806848
21 390711872 390646336
55 221230208 371831936
54 221088704 221023168
2 277693504 277627968
16 409532992 409467456
57 371890816 258808448
52 296514624 296449088
55 258872448 258806912
21 390711936 390646400
55 221230272 371832000
54 221088768 221023232
2 277693568 277628032
16 409533056 409467520
57 371890880 258808512
52 296514688 296449152
55 258872512 258806976
21 390712000 390646464
55 221230336 221164800
54 221088832 221023296
2 277693632 277628096
16 409533120 409467584
57 371890944 258808576
52 296514752 296449216
55 258872576 258807040
21 390712064 390646528
55 221230400 221164864
54 221088896 221023360
2 277693696 277628160
16 409533184 409467648
57 371891008 258808640
52 296514816 296449280
55 258872640 258807104
21 390712128 390646592
55 221230464 221164928
54 221088960 221023424
2 277693760 277628224
16 409533248 409467712
57 371891072 258808704
52 296514880 296449344
55 258872704 258807168
21 390712192 390646656
55 221230528 221164992
54 221089024 221023488
2 277693824 277628288
16 409533312 409467776
57 371891136 258808768
52 296514944 296449408
55 258872768 258807232
21 390712256 390646720
55 221230592 221165056
54 221089088 221023552
2 277693888 277628352
16 409533376 409467840
57 371891200 258808832
52 296515008 296449472
55 258872832 258807296
21 390712320 390646784
55 221230656 221165120
54 221089152 221023616
2 277693952 277628416
16 409533440 409467904
57 371891264 258808896
52 296515072 296449536
55 258872896 258807360
21 390712384 390646848
55 221230720 221165184
54 221089216 221023680
2 277694016 277628480
16 409533504 409467968
57 371891328 258808960
52 296515136 296449600
55 258872960 258807424
21 390712448 390646912
55 221230784 221165248
54 221089280 221023744
2 277694080 277628544
16 409533568 409468032
57 371891392 258809024
52 296515200 296449664
55 258873024 258807488
21 390712512 390646976
55 221230848 221165312
54 221089344 221023808
2 277694144 277628608
16 409533632 409468096
57 371891456 258809088
52 296515264 296449728
55 258873088 258807552
21 390712576 390647040
55 221230912 221165376
54 221089408 221023872
2 277694208 277628672
16 409533696 409468160
57 371891520 258809152
52 296515328 296449792
55 258873152 258807616
21 390712640 390647104
55 221230976 221165440
54 221089472 221023936
2 277694272 277628736
16 409533760 409468224
57 371891584 258809216
52 296515392 296449856
55 258873216 258807680
21 390712704 390647168
55 221231040 221165504
54 221089536 221024000
2 277694336 277628800
16 409533824 409468288
53 369472768 371832064
8 221231104 221165568
1 258873280 258807744
10 371891648 258809280
10 390712768 390647232
1 296515456 296449920
28 221089600 221024064
2 277694400 277628864
16 409533888 409468352
57 371891712 258809344
52 296515520 296449984
55 258873344 258807808
21 390712832 390647296
55 221231168 221165632
54 221089664 221024128
2 277694464 277628928
16 409533952 409468416
57 371891776 258809408
52 296515584 296450048
55 258873408 221026368
21 390712896 390647360
55 221231232 221165696
54 221089728 221024192
2 277694528 277628992
16 409534016 409468480
57 371891840 258809472
52 296515648 296450112
55 258873472 221026432
21 390712960 390647424
55 221231296 221165760
54 221089792 221024256
2 277694592 277629056
16 409534080 409468544
57 371891904 258809536
52 296515712 296450176
55 258873536 221026496
21 390713024 390647488
55 221231360 221165824
54 221089856 221024320
2 277694656 277629120
16 409534144 409468608
57 371891968 258809600
52 296515776 296450240
55 258873600 221026560
21 390713088 390647552
55 221231424 221165888
54 221089920 221024384
2 277694720 277629184
16 409534208 409468672
57 371892032 258809664
52 296515840 296450304
55 258873664 221026624
21 390713152 390647616
55 221231488 221165952
54 221089984 221024448
2 277694784 277629248
16 409534272 409468736
57 371892096 258809728
52 296515904 296450368
55 258873728 221026688
21 390713216 390647680
55 221231552 221166016
54 221090048 221024512
2 277694848 277629312
16 409534336 409468800
57 371892160 258809792
52 296515968 296450432
55 258873792 221026752
21 390713280 390647744
55 221231616 221166080
54 221090112 221024576
2 277694912 277629376
16 409534400 409468864
57 371892224 258809856
52 296516032 296450496
55 258873856 221026816
21 390713344 390647808
55 221231680 221166144
54 221090176 221024640
2 277694976 277629440
16 409534464 409468928
57 371892288 258809920
52 296516096 296450560
55 258873920 221026880
21 390713408 390647872
55 221231744 221166208
54 221090240 221024704
2 277695040 277629504
16 409534528 409468992
57 371892352 258809984
52 296516160 296450624
55 258873984 221026944
21 390713472 390647936
55 221231808 221166272
54 221090304 221024768
2 277695104 277629568
16 409534592 409469056
57 371892416 371826880
52 296516224 296450688
55 258874048 221027008
21 390713536 390648000
55 221231872 221166336
54 221090368 221024832
2 277695168 277629632
16 409534656 409469120
57 371892480 371826944
52 296516288 296450752
55 258874112 221027072
21 390713600 390648064
55 221231936 221166400
54 221090432 221024896
2 277695232 277629696
16 409534720 409469184
57 371892544 371827008
52 296516352 296450816
55 258874176 221027136
21 390713664 390648128
55 221232000 221166464
54 221090496 221024960
2 277695296 277629760
16 409534784 409469248
57 371892608 371827072
52 296516416 296450880
55 258874240 221027200
21 390713728 390648192
55 221232064 221166528
54 221090560 221025024
2 277695360 277629824
16 409534848 409469312
57 371892672 371827136
52 296516480 296450944
55 258874304 221027264
21 390713792 390648256
73 221232128 221166592
12 371892736 371827200
1 221090624 221025088
2 277695424 277629888
7 296516544 296451008
8 409534912 409469376
6 258874368 221027328
21 390713856 390648320
55 221232192 221166656
54 221090688 221025152
2 277695488 277629952
16 409534976 409469440
57 371892800 371827264
52 296516608 296451072
55 258874432 221027392
21 390713920 390648384
55 221232256 221166720
54 221090752 221025216
2 277695552 277630016
16 409535040 409469504
57 371892864 371827328
52 296516672 296451136
55 258874496 221027456
21 390713984 390648448
55 221232320 221166784
54 221090816 221025280
2 277695616 277630080
16 409535104 409469568
57 371892928 371827392
52 296516736 296451200
55 258874560 221027520
21 390714048 390648512
55 221232384 221166848
54 221090880 221025344
2 277695680 277630144
16 409535168 409469632
57 371892992 371827456
52 296516800 296451264
55 258874624 221027584
21 390714112 390648576
55 221232448 221166912
54 221090944 221025408
2 277695744 277630208
16 409535232 409469696
57 371893056 371827520
52 296516864 296451328
55 258874688 221027648
21 390714176 390648640
55 221232512 221166976
54 221091008 221025472
2 277695808 277630272
16 409535296 409469760
57 371893120 371827584
52 296516928 296451392
55 258874752 221027712
21 390714240 390648704
55 221232576 221167040
54 221091072 221025536
2 277695872 277630336
16 409535360 409469824
57 371893184 371827648
52 296516992 296451456
55 258874816 221027776
21 390714304 390648768
55 221232640 221167104
54 221091136 221025600
2 277695936 277630400
16 409535424 409469888
57 371893248 371827712
52 296517056 296451520
55 258874880 221027840
21 390714368 390648832
55 221232704 221167168
54 221091200 221025664
2 277696000 277630464
16 409535488 409469952
57 371893312 371827776
52 296517120 296451584
55 258874944 221027904
21 390714432 390648896
55 221232768 221167232
54 221091264 221025728
2 277696064 277630528
16 409535552 409470016
57 371893376 371827840
52 296517184 296451648
55 258875008 221027968
21 390714496 390648960
55 221232832 221167296
54 221091328 221025792
2 277696128 277630592
16 409535616 409470080
57 371893440 371827904
52 296517248 296451712
55 258875072 221028032
21 390714560 390649024
55 221232896 221167360
54 221091392 221025856
2 277696192 277630656
16 409535680 409470144
57 371893504 371827968
52 296517312 296451776
55 258875136 221028096
21 390714624 390649088
55 221232960 221167424
54 221091456 221025920
2 277696256 277630720
16 409535744 409470208
57 371893568 371828032
52 296517376 296451840
55 258875200 221028160
21 390714688 390649152
55 221233024 221167488
54 221091520 221025984
2 277696320 277630784
16 409535808 409470272
57 371893632 371828096
52 296517440 296451904
55 258875264 221028224
21 390714752 390649216
55 221233088 221167552
54 221091584 221026048
2 277696384 277630848
16 409535872 409470336
57 371893696 371828160
52 296517504 296451968
55 258875328 221028288
21 390714816 390649280
55 221233152 221167616
54 221091648 221026112
2 277696448 277630912
16 409535936 409470400
57 371893760 371828224
52 296517568 296452032
31 221233216 221167680
1 258875392 221028352
12 221091712 221026176
2 277696512 277630976
5 390714880 390649344
10 409536000 409470464
17 371893824 371828288
52 296517632 296452096
55 258875456 221028416
21 390714944 390649408
55 221233280 221167744
54 221091776 221026240
2 277696576 277631040
16 409536064 409470528
57 371893888 371828352
52 296517696 296452160
55 258875520 221028480
21 390715008 390649472
55 221233344 221167808
54 221091840 221026304
2 277696640 277631104
16 409536128 409470592
57 371893952 371828416
52 296517760 296452224
55 258875584 258810048
21 390715072 390649536
55 221233408 221167872
54 221091904 409475136
2 277696704 277631168
16 409536192 409470656
57 371894016 371828480
52 296517824 296452288
55 258875648 258810112
21 390715136 390649600
55 221233472 221167936
54 221091968 409475200
2 277696768 277631232
16 409536256 409470720
57 371894080 371828544
52 296517888 296452352
55 258875712 258810176
21 390715200 390649664
55 221233536 221168000
54 221092032 409475264
2 277696832 277631296
16 409536320 409470784
57 371894144 371828608
52 296517952 296452416
55 258875776 258810240
21 390715264 390649728
55 221233600 221168064
54 221092096 409475328
2 277696896 277631360
16 409536384 409470848
57 371894208 371828672
52 296518016 296452480
55 258875840 258810304
21 390715328 390649792
55 221233664 221168128
54 221092160 409475392
2 277696960 277631424
16 409536448 409470912
57 371894272 371828736
52 296518080 296452544
55 258875904 258810368
21 390715392 390649856
55 221233728 221168192
54 221092224 409475456
2 277697024 277631488
16 409536512 409470976
57 371894336 371828800
52 296518144 296452608
55 258875968 258810432
21 390715456 390649920
55 221233792 221168256
54 221092288 409475520
2 277697088 277631552
16 409536576 409471040
57 371894400 371828864
52 296518208 296452672
55 258876032 258810496
21 390715520 390649984
55 221233856 221168320
54 221092352 409475584
2 277697152 277631616
16 409536640 409471104
57 371894464 371828928
52 296518272 296452736
55 258876096 258810560
21 390715584 390650048
55 221233920 221168384
54 221092416 409475648
2 277697216 277631680
16 409536704 409471168
57 371894528 371828992
52 296518336 296452800
55 258876160 258810624
21 390715648 390650112
55 221233984 221168448
54 221092480 409475712
2 277697280 277631744
16 409536768 409471232
57 371894592 371829056
52 296518400 296452864
55 258876224 258810688
21 390715712 390650176
55 221234048 221168512
54 221092544 409475776
2 277697344 277631808
16 409536832 409471296
57 371894656 371829120
52 296518464 296452928
55 258876288 258810752
21 390715776 390650240
55 221234112 221168576
54 221092608 409475840
2 277697408 277631872
16 409536896 409471360
57 371894720 371829184
52 296518528 296452992
55 258876352 258810816
21 390715840 390650304
55 221234176 221168640
54 221092672 409475904
2 277697472 277631936
16 409536960 409471424
57 371894784 371829248
52 296518592 296453056
55 258876416 258810880
21 390715904 390650368
55 221234240 221168704
54 221092736 409475968
2 277697536 277632000
16 409537024 409471488
24 258876480 258810944
10 371894848 371829312
10 390715968 390650432
1 296518656 296453120
13 221234304 221168768
54 221092800 409476032
2 277697600 277632064
16 409537088 409471552
57 371894912 371829376
52 296518720 296453184
55 258876544 258811008
21 390716032 390650496
55 221234368 221168832
54 221092864 409476096
2 277697664 277632128
16 409537152 409471616
57 371894976 371829440
52 296518784 296453248
55 258876608 258811072
21 390716096 390650560
55 221234432 221168896
54 221092928 409476160
2 277697728 277632192
16 409537216 409471680
57 371895040 371829504
52 296518848 296453312
55 258876672 258811136
21 390716160 390650624
55 221234496 221168960
54 221092992 409476224
2 277697792 277632256
16 409537280 409471744
57 371895104 371829568
52 296518912 296453376
55 258876736 258811200
21 390716224 390650688
55 221234560 221169024
54 221093056 409476288
2 277697856 277632320
16 409537344 409471808
57 371895168 371829632
52 296518976 296453440
55 258876800 258811264
21 390716288 390650752
55 221234624 221169088
54 221093120 409476352
2 277697920 277632384
16 409537408 409471872
57 371895232 371829696
52 296519040 296453504
55 258876864 258811328
21 390716352 390650816
55 221234688 221169152
54 221093184 409476416
2 277697984 277632448
16 409537472 409471936
57 371895296 371829760
52 296519104 296453568
55 258876928 258811392
21 390716416 390650880
55 221234752 221169216
54 221093248 409476480
2 277698048 277632512
16 409537536 409472000
57 371895360 371829824
52 296519168 296453632
55 258876992 258811456
21 390716480 390650944
55 221234816 221169280
54 221093312 409476544
2 277698112 277632576
16 409537600 409472064
57 371895424 371829888
52 296519232 296453696
55 258877056 258811520
21 390716544 390651008
55 221234880 221169344
54 221093376 409476608
2 277698176 277632640
16 409537664 409472128
57 371895488 371829952
52 296519296 296453760
55 258877120 258811584
21 390716608 390651072
55 221234944 221169408
54 221093440 409476672
2 277698240 277632704
16 409537728 409472192
57 371895552 371830016
52 296519360 296453824
55 258877184 258811648
21 390716672 390651136
55 221235008 221169472
54 221093504 409476736
2 277698304 277632768
16 409537792 409472256
57 371895616 371830080
52 296519424 296453888
55 258877248 258811712
21 390716736 390651200
55 221235072 221169536
54 221093568 409476800
2 277698368 277632832
16 409537856 409472320
57 371895680 371830144
52 296519488 296453952
55 258877312 258811776
21 390716800 390651264
55 221235136 221169600
54 221093632 409476864
2 277698432 277632896
16 409537920 409472384
57 371895744 371830208
52 296519552 296454016
55 258877376 258811840
21 390716864 390651328
55 221235200 221169664
54 221093696 409476928
2 277698496 277632960
16 409537984 409472448
57 371895808 371830272
52 296519616 296454080
55 258877440 258811904
21 390716928 390651392
55 221235264 221169728
54 221093760 409476992
2 277698560 277633024
16 409538048 409472512
57 371895872 371830336
52 296519680 296454144
55 258877504 258811968
21 390716992 390651456
33 221235328 221169792
12 371895936 371830400
1 221093824 409477056
2 277698624 277633088
7 296519744 296454208
8 409538112 409472576
46 258877568 258812032
21 390717056 390651520
55 221235392 221169856
54 221093888 409477120
2 277698688 277633152
16 409538176 409472640
57 371896000 371830464
52 296519808 296454272
55 258877632 258812096
21 390717120 390651584
55 221235456 221169920
54 221093952 409477184
2 277698752 277633216
16 409538240 409472704
57 371896064 371830528
52 296519872 296454336
55 258877696 258812160
21 390717184 390651648
55 221235520 221169984
54 221094016 409477248
2 277698816 277633280
16 409538304 409472768
57 371896128 371830592
52 296519936 296454400
55 258877760 258812224
21 390717248 390651712
55 221235584 221170048
54 221094080 221028544
2 277698880 277633344
16 409538368 409472832
57 371896192 371830656
52 296520000 296454464
55 258877824 258812288
21 390717312 390651776
55 221235648 221170112
54 221094144 221028608
2 277698944 277633408
16 409538432 409472896
57 371896256 371830720
52 296520064 296454528
55 258877888 258812352
21 390717376 390651840
55 221235712 221170176
54 221094208 221028672
2 277699008 277633472
16 409538496 409472960
57 371896320 371830784
52 296520128 296454592
55 258877952 258812416
21 390717440 390651904
55 221235776 221170240
54 221094272 221028736
2 277699072 277633536
16 409538560 409473024
57 371896384 371830848
52 296520192 296454656
55 258878016 258812480
21 390717504 390651968
55 221235840 221170304
54 221094336 221028800
2 277699136 277633600
16 409538624 409473088
57 371896448 371830912
52 296520256 296454720
55 258878080 258812544
21 390717568 390652032
55 221235904 221170368
54 221094400 221028864
2 277699200 277633664
16 409538688 409473152
57 371896512 371830976
52 296520320 296454784
55 258878144 258812608
21 390717632 390652096
55 221235968 221170432
54 221094464 221028928
2 277699264 277633728
16 409538752 409473216
57 371896576 371831040
52 296520384 296454848
55 258878208 258812672
21 390717696 390652160
55 221236032 221170496
54 221094528 221028992
2 277699328 277633792
16 409538816 409473280
57 371896640 371831104
52 296520448 296454912
55 258878272 258812736
21 390717760 390652224
55 221236096 221170560
54 221094592 221029056
2 277699392 277633856
16 409538880 409473344
57 371896704 371831168
52 296520512 296454976
55 258878336 258812800
21 390717824 390652288
55 221236160 221170624
54 221094656 221029120
2 277699456 277633920
16 409538944 409473408
57 371896768 371831232
52 296520576 296455040
55 258878400 258812864
21 390717888 390652352
55 221236224 221170688
54 221094720 221029184
2 277699520 277633984
16 409539008 409473472
57 371896832 371831296
52 296520640 296455104
55 258878464 258812928
21 390717952 390652416
55 221236288 221170752
54 221094784 221029248
2 277699584 277634048
16 409539072 409473536
57 371896896 371831360
52 296520704 296455168
55 258878528 258812992
21 390718016 390652480
55 221236352 221170816
54 221094848 221029312
2 277699648 277634112
16 409539136 409473600
57 371896960 371831424
44 221236416 221170880
1 258878592 258813056
12 221094912 221029376
2 277699712 277634176
5 390718080 390652544
1 296520768 296455232
8 409539200 409473664
57 371897024 371831488
52 296520832 296455296
55 258878656 258813120
21 390718144 390652608
55 221236480 221170944
54 221094976 221029440
2 277699776 277634240
16 409539264 409473728
57 371897088 371831552
52 296520896 296455360
55 258878720 258813184
21 390718208 390652672
55 221236544 221171008
54 221095040 221029504
2 277699840 277634304
16 409539328 409473792
57 371897152 258814784
52 296520960 296455424
55 258878784 258813248
21 390718272 390652736
55 221236608 221171072
54 221095104 221029568
2 277699904 277634368
16 409539392 409473856
57 371897216 258814848
52 296521024 296455488
55 258878848 258813312
21 390718336 390652800
55 221236672 221171136
54 221095168 221029632
2 277699968 277634432
16 409539456 409473920
57 371897280 258814912
52 296521088 296455552
55 258878912 258813376
21 390718400 390652864
55 221236736 221171200
54 221095232 221029696
2 277700032 277634496
16 409539520 409473984
57 371897344 258814976
52 296521152 296455616
55 258878976 258813440
21 390718464 390652928
55 221236800 221171264
54 221095296 221029760
2 277700096 277634560
16 409539584 409474048
57 371897408 258815040
52 296521216 296455680
55 258879040 258813504
21 390718528 390652992
55 221236864 221171328
54 221095360 221029824
2 277700160 277634624
16 409539648 409474112
57 371897472 258815104
52 296521280 296455744
55 258879104 258813568
21 390718592 390653056
55 221236928 221171392
54 221095424 221029888
2 277700224 277634688
16 409539712 409474176
57 371897536 258815168
52 296521344 296455808
55 258879168 258813632
21 390718656 390653120
55 221236992 221171456
54 221095488 221029952
2 277700288 277634752
16 409539776 409474240
57 371897600 258815232
52 296521408 296455872
55 258879232 258813696
21 390718720 390653184
55 221237056 221171520
54 221095552 221030016
2 277700352 277634816
16 409539840 409474304
57 371897664 371832128
52 296521472 296455936
55 258879296 258813760
21 390718784 390653248
55 221237120 221171584
54 221095616 221030080
2 277700416 277634880
16 409539904 409474368
57 371897728 371832192
52 296521536 296456000
55 258879360 258813824
21 390718848 390653312
55 221237184 221171648
54 221095680 221030144
2 277700480 277634944
16 409539968 409474432
57 371897792 371832256
52 296521600 296456064
55 258879424 258813888
21 390718912 390653376
55 221237248 221171712
54 221095744 221030208
2 277700544 277635008
16 409540032 409474496
57 371897856 371832320
52 296521664 296456128
55 258879488 258813952
21 390718976 390653440
55 221237312 221171776
54 221095808 221030272
2 277700608 277635072
16 409540096 409474560
57 371897920 371832384
52 296521728 296456192
55 258879552 258814016
21 390719040 390653504
55 221237376 221171840
54 221095872 221030336
2 277700672 277635136
16 409540160 409474624
57 371897984 371832448
52 296521792 296456256
55 258879616 258814080
21 390719104 390653568
55 221237440 221171904
59 258879680 258814144
10 371898048 371832512
1 221095936 221030400
2 277700736 277635200
5 390719168 390653632
1 296521856 296456320
8 409540224 409474688
44 221237504 221171968
54 221096000 221030464
2 277700800 277635264
16 409540288 409474752
57 371898112 371832576
52 296521920 296456384
55 258879744 258814208
21 390719232 390653696
55 221237568 221172032
54 221096064 221030528
2 277700864 277635328
16 409540352 409474816
57 371898176 371832640
52 296521984 296456448
55 258879808 258814272
21 390719296 390653760
55 221237632 221172096
54 221096128 221030592
2 277700928 277635392
16 409540416 409474880
57 371898240 371832704
52 296522048 296456512
55 258879872 258814336
21 390719360 390653824
55 221237696 221172160
54 221096192 221030656
2 277700992 277635456
16 409540480 409474944
57 371898304 371832768
52 296522112 296456576
55 258879936 258814400
21 390719424 390653888
55 221237760 221172224
54 221096256 221030720
2 277701056 277635520
16 409540544 409475008
57 371898368 371832832
52 296522176 296456640
55 258880000 258814464
21 390719488 390653952
55 221237824 221172288
54 221096320 221030784
2 277701120 277635584
16 409540608 409475072
57 371898432 371832896
52 296522240 296456704
55 258880064 258814528
21 390719552 390654016
55 221237888 221172352
54 221096384 221030848
2 277701184 277635648
16 409540672 296458304
57 371898496 371832960
52 296522304 296456768
55 258880128 258814592
21 390719616 390654080
55 221237952 221172416
54 221096448 221030912
2 277701248 277635712
16 409540736 296458368
57 371898560 371833024
52 296522368 296456832
55 258880192 258814656
21 390719680 390654144
55 221238016 221172480
54 221096512 221030976
2 277701312 277635776
16 409540800 296458432
57 371898624 371833088
52 296522432 296456896
55 258880256 258814720
21 390719744 390654208
55 221238080 221172544
54 221096576 221031040
2 277701376 277635840
16 409540864 296458496
57 371898688 371833152
52 296522496 296456960
55 258880320 221033280
21 390719808 390654272
55 221238144 221172608
54 221096640 221031104
2 277701440 277635904
16 409540928 296458560
57 371898752 371833216
52 296522560 296457024
55 258880384 221033344
21 390719872 390654336
55 221238208 221172672
54 221096704 221031168
2 277701504 277635968
16 409540992 296458624
57 371898816 371833280
52 296522624 296457088
55 258880448 221033408
21 390719936 390654400
55 221238272 221172736
54 221096768 221031232
2 277701568 277636032
16 409541056 296458688
57 371898880 371833344
52 296522688 296457152
55 258880512 221033472
21 390720000 390654464
55 221238336 221172800
54 221096832 221031296
2 277701632 277636096
16 409541120 296458752
57 371898944 371833408
52 296522752 296457216
55 258880576 221033536
21 390720064 390654528
55 221238400 221172864
54 221096896 221031360
2 277701696 277636160
16 409541184 296458816
57 371899008 371833472
52 296522816 296457280
55 258880640 221033600
21 390720128 390654592
55 221238464 221172928
54 221096960 221031424
2 277701760 277636224
16 409541248 296458880
57 371899072 371833536
52 296522880 296457344
71 221238528 221172992
1 258880704 221033664
10 371899136 371833600
1 221097024 221031488
2 277701824 277636288
5 390720192 390654656
10 409541312 296458944
30 296522944 296457408
55 258880768 221033728
21 390720256 390654720
55 221238592 221173056
54 221097088 221031552
2 277701888 277636352
16 409541376 296459008
57 371899200 371833664
52 296523008 296457472
55 258880832 258815296
21 390720320 390654784
55 221238656 221173120
54 221097152 221031616
2 277701952 277636416
16 409541440 296459072
57 371899264 371833728
52 296523072 296457536
55 258880896 258815360
21 390720384 390654848
55 221238720 221173184
54 221097216 221031680
2 277702016 277636480
16 409541504 296459136
57 371899328 371833792
52 296523136 296457600
55 258880960 258815424
21 390720448 390654912
55 221238784 221173248
54 221097280 221031744
2 277702080 277636544
16 409541568 296459200
57 371899392 371833856
52 296523200 296457664
55 258881024 258815488
21 390720512 390654976
55 221238848 221173312
54 221097344 221031808
2 277702144 277636608
16 409541632 296459264
57 371899456 371833920
52 296523264 296457728
55 258881088 258815552
21 390720576 390655040
55 221238912 221173376
54 221097408 221031872
2 277702208 277636672
16 409541696 296459328
57 371899520 371833984
52 296523328 296457792
55 258881152 258815616
21 390720640 390655104
55 221238976 221173440
54 221097472 221031936
2 277702272 277636736
16 409541760 296459392
57 371899584 371834048
52 296523392 296457856
55 258881216 258815680
21 390720704 390655168
55 221239040 221173504
54 221097536 221032000
2 277702336 277636800
16 409541824 296459456
57 371899648 371834112
52 296523456 296457920
55 258881280 258815744
21 390720768 390655232
55 221239104 221173568
54 221097600 221032064
2 277702400 277636864
16 409541888 296459520
57 371899712 371834176
52 296523520 296457984
55 258881344 258815808
21 390720832 390655296
55 221239168 221173632
54 221097664 221032128
2 277702464 277636928
16 409541952 296459584
57 371899776 371834240
52 296523584 296458048
55 258881408 258815872
21 390720896 390655360
55 221239232 221173696
54 221097728 221032192
2 277702528 277636992
16 409542016 296459648
57 371899840 371834304
52 296523648 296458112
55 258881472 258815936
21 390720960 390655424
55 221239296 221173760
54 221097792 221032256
2 277702592 277637056
16 409542080 296459712
57 371899904 371834368
52 296523712 296458176
55 258881536 258816000
21 390721024 390655488
55 221239360 221173824
54 221097856 221032320
2 277702656 277637120
16 409542144 296459776
57 371899968 371834432
52 296523776 296458240
55 258881600 258816064
21 390721088 390655552
55 221239424 221173888
54 221097920 221032384
2 277702720 277637184
16 409542208 296459840
57 371900032 371834496
52 296523840 390666304
55 258881664 258816128
21 390721152 390655616
55 221239488 221173952
54 221097984 221032448
2 277702784 277637248
16 409542272 296459904
57 371900096 371834560
52 296523904 390666368
55 258881728 258816192
21 390721216 390655680
55 221239552 221174016
54 221098048 221032512
2 277702848 277637312
16 409542336 296459968
53 369472832 221033792
8 221239616 221174080
1 258881792 258816256
10 371900160 371834624
10 390721280 390655744
1 296523968 390666432
28 221098112 221032576
2 277702912 277637376
16 409542400 296460032
57 371900224 371834688
52 296524032 390666496
55 258881856 258816320
21 390721344 390655808
55 221239680 221174144
54 221098176 221032640
2 277702976 277637440
16 409542464 296460096
57 371900288 371834752
52 296524096 390666560
55 258881920 258816384
21 390721408 390655872
55 221239744 221174208
54 221098240 221032704
2 277703040 277637504
16 409542528 296460160
57 371900352 371834816
52 296524160 390666624
55 258881984 258816448
21 390721472 390655936
55 221239808 221174272
54 221098304 221032768
2 277703104 277637568
16 409542592 296460224
57 371900416 371834880
52 296524224 390666688
55 258882048 258816512
21 390721536 390656000
55 221239872 221174336
54 221098368 221032832
2 277703168 277637632
16 409542656 296460288
57 371900480 371834944
52 296524288 390666752
55 258882112 258816576
21 390721600 390656064
55 221239936 221174400
54 221098432 221032896
2 277703232 277637696
16 409542720 296460352
57 371900544 371835008
52 296524352 390666816
55 258882176 258816640
21 390721664 390656128
55 221240000 221174464
54 221098496 221032960
2 277703296 277637760
16 409542784 296460416
57 371900608 371835072
52 296524416 390666880
55 258882240 258816704
21 390721728 390656192
55 221240064 221174528
54 221098560 221033024
2 277703360 277637824
16 409542848 409477312
57 371900672 371835136
52 296524480 390666944
55 258882304 258816768
21 390721792 390656256
55 221240128 221174592
54 221098624 221033088
2 277703424 277637888
16 409542912 409477376
57 371900736 371835200
52 296524544 390667008
55 258882368 258816832
21 390721856 390656320
55 221240192 221174656
54 221098688 221033152
2 277703488 277637952
16 409542976 409477440
57 371900800 371835264
52 296524608 390667072
55 258882432 258816896
21 390721920 390656384
55 221240256 221174720
54 221098752 221033216
2 277703552 277638016
16 409543040 409477504
57 371900864 371835328
52 296524672 390667136
55 258882496 258816960
21 390721984 390656448
55 221240320 221174784
54 221098816 369472320
2 277703616 277638080
16 409543104 409477568
57 371900928 371835392
52 296524736 390667200
55 258882560 258817024
21 390722048 390656512
55 221240384 221174848
54 221098880 409482112
2 277703680 277638144
16 409543168 409477632
57 371900992 371835456
52 296524800 390667264
55 258882624 258817088
21 390722112 390656576
55 221240448 221174912
54 221098944 409482176
2 277703744 277638208
16 409543232 409477696
57 371901056 371835520
52 296524864 390667328
55 258882688 258817152
21 390722176 390656640
55 221240512 221174976
54 221099008 409482240
2 277703808 277638272
16 409543296 409477760
57 371901120 371835584
52 296524928 390667392
55 258882752 258817216
21 390722240 390656704
55 221240576 221175040
54 221099072 409482304
2 277703872 277638336
16 409543360 409477824
57 371901184 371835648
52 296524992 390667456
55 258882816 258817280
21 390722304 390656768
73 221240640 221175104
12 371901248 371835712
1 221099136 409482368
2 277703936 277638400
7 296525056 390667520
8 409543424 409477888
6 258882880 258817344
21 390722368 390656832
55 221240704 221175168
54 221099200 409482432
2 277704000 277638464
16 409543488 409477952
57 371901312 371835776
52 296525120 390667584
55 258882944 258817408
21 390722432 390656896
55 221240768 221175232
54 221099264 409482496
2 277704064 277638528
16 409543552 409478016
57 371901376 371835840
52 296525184 390667648
55 258883008 258817472
21 390722496 390656960
55 221240832 221175296
54 221099328 409482560
2 277704128 277638592
16 409543616 409478080
57 371901440 371835904
52 296525248 390667712
55 258883072 258817536
21 390722560 390657024
55 221240896 221175360
54 221099392 221033856
2 277704192 277638656
16 409543680 409478144
57 371901504 371835968
52 296525312 390667776
55 258883136 258817600
21 390722624 390657088
55 221240960 221175424
54 221099456 221033920
2 277704256 277638720
16 409543744 409478208
57 371901568 371836032
52 296525376 390667840
55 258883200 258817664
21 390722688 390657152
55 221241024 221175488
54 221099520 221033984
2 277704320 277638784
16 409543808 409478272
57 371901632 371836096
52 296525440 390667904
55 258883264 258817728
21 390722752 390657216
55 221241088 221175552
54 221099584 221034048
2 277704384 277638848
16 409543872 409478336
57 371901696 371836160
52 296525504 390667968
55 258883328 258817792
21 390722816 390657280
55 221241152 221175616
54 221099648 221034112
2 277704448 277638912
16 409543936 409478400
57 371901760 371836224
52 296525568 390668032
55 258883392 258817856
21 390722880 390657344
55 221241216 221175680
54 221099712 221034176
2 277704512 277638976
16 409544000 409478464
57 371901824 371836288
52 296525632 390668096
55 258883456 258817920
21 390722944 390657408
55 221241280 221175744
54 221099776 221034240
2 277704576 277639040
16 409544064 409478528
57 371901888 371836352
52 296525696 390668160
55 258883520 258817984
21 390723008 390657472
55 221241344 221175808
54 221099840 221034304
2 277704640 277639104
16 409544128 409478592
57 371901952 371836416
52 296525760 390668224
55 258883584 258818048
21 390723072 390657536
55 221241408 221175872
54 221099904 221034368
2 277704704 277639168
16 409544192 409478656
57 371902016 371836480
52 296525824 390668288
55 258883648 258818112
21 390723136 390657600
55 221241472 221175936
54 221099968 221034432
2 277704768 277639232
16 409544256 409478720
57 371902080 371836544
52 296525888 390668352
55 258883712 258818176
21 390723200 390657664
55 221241536 221176000
54 221100032 221034496
2 277704832 277639296
16 409544320 409478784
57 371902144 371836608
52 296525952 390668416
55 258883776 258818240
21 390723264 390657728
55 221241600 221176064
54 221100096 221034560
2 277704896 277639360
16 409544384 409478848
57 371902208 371836672
52 296526016 296460480
55 258883840 258818304
21 390723328 390657792
55 221241664 221176128
54 221100160 221034624
2 277704960 277639424
16 409544448 409478912
57 371902272 371836736
52 296526080 296460544
31 221241728 221176192
1 258883904 258818368
12 221100224 221034688
2 277705024 277639488
5 390723392 390657856
10 409544512 409478976
17 371902336 371836800
52 296526144 296460608
55 258883968 258818432
21 390723456 390657920
55 221241792 221176256
54 221100288 221034752
2 277705088 277639552
16 409544576 409479040
57 371902400 371836864
52 296526208 296460672
55 258884032 258818496
21 390723520 390657984
55 221241856 221176320
54 221100352 221034816
2 277705152 277639616
16 409544640 409479104
57 371902464 371836928
52 296526272 296460736
55 258884096 258818560
21 390723584 390658048
55 221241920 221176384
54 221100416 221034880
2 277705216 277639680
16 409544704 409479168
57 371902528 371836992
52 296526336 296460800
55 258884160 258818624
21 390723648 390658112
55 221241984 221176448
54 221100480 221034944
2 277705280 277639744
16 409544768 409479232
57 371902592 371837056
52 296526400 296460864
55 258884224 258818688
21 390723712 390658176
55 221242048 221176512
54 221100544 221035008
2 277705344 277639808
16 409544832 409479296
57 371902656 371837120
52 296526464 296460928
55 258884288 258818752
21 390723776 390658240
55 221242112 221176576
54 221100608 221035072
2 277705408 277639872
16 409544896 409479360
57 371902720 371837184
52 296526528 296460992
55 258884352 258818816
21 390723840 390658304
55 221242176 221176640
54 221100672 221035136
2 277705472 277639936
16 409544960 409479424
57 371902784 371837248
52 296526592 296461056
55 258884416 258818880
21 390723904 390658368
55 221242240 221176704
54 221100736 221035200
2 277705536 277640000
16 409545024 409479488
57 371902848 371837312
52 296526656 296461120
55 258884480 258818944
21 390723968 390658432
55 221242304 221176768
54 221100800 221035264
2 277705600 277640064
16 409545088 409479552
57 371902912 371837376
52 296526720 296461184
55 258884544 258819008
21 390724032 390658496
55 221242368 221176832
54 221100864 221035328
2 277705664 277640128
16 409545152 409479616
57 371902976 371837440
52 296526784 296461248
55 258884608 258819072
21 390724096 390658560
55 221242432 221176896
54 221100928 221035392
2 277705728 277640192
16 409545216 409479680
57 371903040 371837504
52 296526848 296461312
55 258884672 258819136
21 390724160 390658624
55 221242496 221176960
54 221100992 221035456
2 277705792 277640256
16 409545280 409479744
57 371903104 371837568
52 296526912 296461376
55 258884736 258819200
21 390724224 390658688
55 221242560 221177024
54 221101056 221035520
2 277705856 277640320
16 409545344 409479808
57 371903168 371837632
52 296526976 296461440
55 258884800 258819264
21 390724288 390658752
55 221242624 221177088
54 221101120 221035584
2 277705920 277640384
16 409545408 409479872
57 371903232 371837696
52 296527040 296461504
55 258884864 258819328
21 390724352 390658816
55 221242688 221177152
54 221101184 221035648
2 277705984 277640448
16 409545472 409479936
57 371903296 371837760
52 296527104 296461568
55 258884928 258819392
21 390724416 390658880
55 221242752 221177216
54 221101248 221035712
2 277706048 277640512
16 409545536 409480000
24 258884992 258819456
10 371903360 371837824
10 390724480 390658944
1 296527168 296461632
13 221242816 221177280
54 221101312 221035776
2 277706112 277640576
16 409545600 409480064
57 371903424 371837888
52 296527232 296461696
55 258885056 258819520
21 390724544 390659008
55 221242880 221177344
54 221101376 221035840
2 277706176 277640640
16 409545664 409480128
57 371903488 371837952
52 296527296 296461760
55 258885120 258819584
21 390724608 390659072
55 221242944 221177408
54 221101440 221035904
2 277706240 277640704
16 409545728 409480192
57 371903552 371838016
52 296527360 296461824
55 258885184 258819648
21 390724672 390659136
55 221243008 221177472
54 221101504 221035968
2 277706304 277640768
16 409545792 409480256
57 371903616 371838080
52 296527424 296461888
55 258885248 258819712
21 390724736 390659200
55 221243072 221177536
54 221101568 221036032
2 277706368 277640832
16 409545856 409480320
57 371903680 371838144
52 296527488 296461952
55 258885312 258819776
21 390724800 390659264
55 221243136 221177600
54 221101632 221036096
2 277706432 277640896
16 409545920 409480384
57 371903744 371838208
52 296527552 296462016
55 258885376 258819840
21 390724864 390659328
55 221243200 221177664
54 221101696 221036160
2 277706496 277640960
16 409545984 409480448
57 371903808 371838272
52 296527616 296462080
55 258885440 258819904
21 390724928 390659392
55 221243264 221177728
54 221101760 221036224
2 277706560 277641024
16 409546048 409480512
57 371903872 371838336
52 296527680 296462144
55 258885504 258819968
21 390724992 390659456
55 221243328 221177792
54 221101824 221036288
2 277706624 277641088
16 409546112 409480576
57 371903936 371838400
52 296527744 296462208
55 258885568 258820032
21 390725056 390659520
55 221243392 221177856
54 221101888 221036352
2 277706688 277641152
16 409546176 409480640
57 371904000 371838464
52 296527808 296462272
55 258885632 258820096
21 390725120 390659584
55 221243456 221177920
54 221101952 221036416
2 277706752 277641216
16 409546240 409480704
57 371904064 371838528
52 296527872 296462336
55 258885696 258820160
21 390725184 390659648
55 221243520 221177984
54 221102016 221036480
2 277706816 277641280
16 409546304 409480768
57 371904128 371838592
52 296527936 296462400
55 258885760 258820224
21 390725248 390659712
55 221243584 221178048
54 221102080 221036544
2 277706880 277641344
16 409546368 409480832
57 371904192 371838656
52 296528000 296462464
55 258885824 258820288
21 390725312 390659776
55 221243648 221178112
54 221102144 221036608
2 277706944 277641408
16 409546432 409480896
57 371904256 371838720
52 296528064 296462528
55 258885888 258820352
21 390725376 390659840
55 221243712 221178176
54 221102208 221036672
2 277707008 277641472
16 409546496 409480960
57 371904320 371838784
52 296528128 296462592
55 258885952 258820416
21 390725440 390659904
55 221243776 221178240
54 221102272 221036736
2 277707072 277641536
16 409546560 409481024
57 371904384 371838848
52 296528192 296462656
55 258886016 258820480
21 390725504 390659968
21 140737488348416 371844352
2 140737488348480 371844416
31 369471808 409481536
8 221249152 277642880
1 258891328 371842624
6 221248128 277641856
3 371909760 371844224
1 221107648 371840448
2 277712448 390663744
5 390730816 390665280
1 296533568 409484864
8 409551936 221037632
6 258891392 371842688
21 390730880 390665344
55 221249216 277642944
54 221107712 371840512
2 277712512 390663808
16 409552000 221037696
57 371909824 371844288
52 296533632 409484928
22 221248192 277641920
32 258891456 371842752
21 390730944 390665408
55 221249280 277643008
54 221107776 371840576
2 277712576 390663872
16 409552064 221037760
57 371909888 258827520
52 296533696 409484992
22 221248256 277641984
32 258891520 371842816
21 390731008 390665472
55 221249344 277643072
54 221107840 371840640
2 277712640 390663936
16 409552128 221037824
57 371909952 258827584
52 296533760 409485056
22 221248320 277642048
32 258891584 371842880
21 390731072 390665536
55 221249408 277643136
54 221107904 371840704
2 277712704 390664000
16 409552192 221037888
57 371910016 371844480
52 296533824 409485120
22 221248384 277642112
32 258891648 371842944
21 390731136 390665600
55 221249472 390660032
54 221107968 371840768
2 277712768 390664064
16 409552256 221037952
57 371910080 371844544
52 296533888 409485184
22 221248448 277642176
32 258891712 371843008
21 390731200 390665664
55 221249536 390660096
54 221108032 371840832
2 277712832 390664128
16 409552320 221038016
57 371910144 371844608
52 296533952 409485248
22 221248512 277642240
32 258891776 371843072
21 390731264 390665728
55 221249600 390660160
54 221108096 371840896
2 277712896 390664192
16 409552384 221038080
57 371910208 371844672
52 296534016 409485312
22 221248576 277642304
32 258891840 371843136
21 390731328 390665792
55 221249664 390660224
54 221108160 371840960
2 277712960 390664256
16 409552448 221038144
57 371910272 371844736
52 296534080 409485376
22 221248640 277642368
32 258891904 371843200
21 390731392 390665856
55 221249728 390660288
54 221108224 371841024
2 277713024 390664320
16 409552512 221038208
57 371910336 371844800
52 296534144 409485440
22 221248704 277642432
32 258891968 371843264
21 390731456 390665920
55 221249792 390660352
54 221108288 371841088
2 277713088 390664384
16 409552576 221038272
57 371910400 371844864
52 296534208 409485504
22 221248768 277642496
32 258892032 371843328
21 390731520 390665984
55 221249856 390660416
54 221108352 371841152
2 277713152 390664448
16 409552640 221038336
57 371910464 371844928
52 296534272 221036800
22 221248832 277642560
32 258892096 371843392
21 390731584 390666048
55 221249920 390660480
54 221108416 371841216
2 277713216 390664512
16 409552704 221038400
57 371910528 371844992
52 296534336 221036864
22 221248896 277642624
32 258892160 371843456
21 390731648 390666112
55 221249984 390660544
54 221108480 371841280
2 277713280 390664576
16 409552768 221038464
57 371910592 371845056
52 296534400 221036928
22 221248960 277642688
32 258892224 371843520
21 390731712 390666176
55 221250048 390660608
54 221108544 371841344
2 277713344 390664640
16 409552832 221038528
57 371910656 371845120
52 296534464 221036992
22 221249024 277642752
32 258892288 371843584
21 390731776 390666240
55 221250112 390660672
54 221108608 371841408
2 277713408 390664704
16 409552896 221038592
57 371910720 371845184
52 296534528 221037056
22 221249088 277642816
32 258892352 371843648
21 390731840 277649472
55 221250176 390660736
54 221108672 371841472
2 277713472 390664768
16 409552960 221038656
57 371910784 371845248
52 296534592 221037120
31 221250240 390660800
1 258892416 371843712
12 221108736 371841536
2 277713536 390664832
5 390731904 277649536
10 409553024 221038720
17 371910848 371845312
52 296534656 221037184
55 258892480 371843776
21 390731968 277649600
55 221250304 390660864
54 221108800 371841600
2 277713600 390664896
16 409553088 221038784
57 371910912 371845376
52 296534720 221037248
55 258892544 371843840
21 390732032 277649664
55 221250368 390660928
54 221108864 371841664
2 277713664 390664960
16 409553152 221038848
57 371910976 371845440
52 296534784 221037312
55 258892608 371843904
21 390732096 277649728
55 221250432 390660992
54 221108928 371841728
2 277713728 390665024
16 409553216 221038912
57 371911040 371845504
52 296534848 221037376
55 258892672 371843968
21 390732160 277649792
55 221250496 390661056
54 221108992 371841792
2 277713792 390665088
16 409553280 221038976
57 371911104 221178304
52 296534912 221037440
55 258892736 371844032
21 390732224 277649856
55 221250560 390661120
54 221109056 371841856
2 277713856 390665152
16 409553344 258820544
57 371911168 221178368
52 296534976 221037504
55 258892800 371844096
21 390732288 277649920
55 221250624 390661184
54 221109120 371841920
2 277713920 390665216
16 409553408 258820608
57 371911232 221178432
52 296535040 221037568
55 258892864 371844160
21 390732352 277649984
55 221250688 390661248
54 221109184 371841984
2 277713984 277648448
16 409553472 258820672
57 371911296 221178496
52 296535104 409486400
55 258892928 258827392
21 390732416 277650048
55 221250752 390661312
54 221109248 371842048
2 277714048 277648512
16 409553536 258820736
57 371911360 221178560
52 296535168 409486464
55 258892992 258827456
21 390732480 277650112
55 221250816 390661376
54 221109312 371842112
2 277714112 277648576
16 409553600 258820800
57 371911424 221178624
52 296535232 409486528
55 258893056 221046016
21 390732544 277650176
55 221250880 390661440
54 221109376 371842176
2 277714176 277648640
16 409553664 258820864
57 371911488 221178688
52 296535296 409486592
55 258893120 221046080
21 390732608 277650240
55 221250944 390661504
54 221109440 371842240
2 277714240 277648704
16 409553728 258820928
57 371911552 221178752
52 296535360 409486656
55 258893184 258827648
21 390732672 277650304
55 221251008 390661568
54 221109504 371842304
2 277714304 277648768
16 409553792 258820992
57 371911616 221178816
52 296535424 409486720
55 258893248 258827712
21 390732736 277650368
55 221251072 390661632
54 221109568 371842368
2 277714368 277648832
16 409553856 258821056
57 371911680 221178880
52 296535488 409486784
55 258893312 258827776
21 390732800 277650432
55 221251136 390661696
54 221109632 371842432
2 277714432 277648896
16 409553920 258821120
57 371911744 221178944
52 296535552 409486848
55 258893376 258827840
21 390732864 277650496
55 221251200 390661760
54 221109696 371842496
2 277714496 277648960
16 409553984 258821184
57 371911808 221179008
52 296535616 409486912
55 258893440 258827904
21 390732928 277650560
55 221251264 390661824
54 221109760 371842560
2 277714560 277649024
16 409554048 258821248
24 258893504 258827968
10 371911872 221179072
10 390732992 277650624
1 296535680 409486976
13 221251328 390661888
54 221109824 258825792
2 277714624 277649088
16 409554112 258821312
57 371911936 221179136
52 296535744 409487040
55 258893568 258828032
21 390733056 277650688
55 221251392 390661952
54 221109888 258825856
2 277714688 277649152
16 409554176 258821376
57 371912000 221179200
52 296535808 409487104
55 258893632 258828096
21 390733120 277650752
55 221251456 390662016
54 221109952 258825920
2 277714752 277649216
16 409554240 258821440
57 371912064 221179264
52 296535872 409487168
55 258893696 258828160
21 390733184 277650816
55 221251520 390662080
54 221110016 258825984
2 277714816 277649280
16 409554304 258821504
57 371912128 221179328
52 296535936 409487232
55 258893760 258828224
21 390733248 277650880
55 221251584 390662144
54 221110080 258826048
2 277714880 277649344
16 409554368 258821568
57 371912192 221179392
52 296536000 409487296
55 258893824 258828288
21 390733312 277650944
55 221251648 390662208
54 221110144 258826112
2 277714944 277649408
16 409554432 258821632
57 371912256 221179456
52 296536064 409487360
55 258893888 258828352
21 390733376 277651008
55 221251712 390662272
54 221110208 258826176
2 277715008 221190208
16 409554496 258821696
57 371912320 221179520
52 296536128 409487424
55 258893952 258828416
21 390733440 277651072
55 221251776 390662336
54 221110272 258826240
2 277715072 221190272
16 409554560 258821760
57 371912384 221179584
52 296536192 409487488
55 258894016 258828480
21 390733504 277651136
55 221251840 390662400
54 221110336 258826304
2 277715136 221190336
16 409554624 258821824
57 371912448 221179648
52 296536256 409487552
55 258894080 258828544
21 390733568 277651200
55 221251904 390662464
54 221110400 258826368
2 277715200 221190400
16 409554688 258821888
57 371912512 221179712
52 296536320 409487616
55 258894144 258828608
21 390733632 277651264
55 221251968 390662528
54 221110464 258826432
2 277715264 221190464
16 409554752 258821952
57 371912576 221179776
52 296536384 409487680
55 258894208 258828672
21 390733696 277651328
55 221252032 390662592
54 221110528 258826496
2 277715328 221190528
16 409554816 258822016
57 371912640 221179840
52 296536448 409487744
55 258894272 371845568
21 390733760 277651392
55 221252096 390662656
54 221110592 258826560
2 277715392 221190592
16 409554880 371838912
57 371912704 221179904
52 296536512 221039040
55 258894336 371845632
21 390733824 277651456
55 221252160 390662720
54 221110656 258826624
2 277715456 221190656
16 409554944 371838976
57 371912768 221179968
52 296536576 221039104
55 258894400 371845696
21 390733888 277651520
55 221252224 390662784
54 221110720 258826688
2 277715520 221190720
16 409555008 371839040
57 371912832 221180032
52 296536640 221039168
55 258894464 371845760
21 390733952 277651584
55 221252288 390662848
54 221110784 258826752
2 277715584 221190784
16 409555072 371839104
57 371912896 221180096
52 296536704 221039232
55 258894528 371845824
21 390734016 390668480
33 221252352 390662912
12 371912960 221180160
1 221110848 258826816
2 277715648 221190848
7 296536768 221039296
8 409555136 371839168
46 258894592 371845888
21 390734080 390668544
55 221252416 390662976
54 221110912 258826880
2 277715712 221190912
16 409555200 371839232
57 371913024 221180224
52 296536832 221039360
55 258894656 371845952
21 390734144 390668608
55 221252480 390663040
54 221110976 258826944
2 277715776 221190976
16 409555264 371839296
57 371913088 221180288
52 296536896 221039424
55 258894720 371846016
21 390734208 390668672
55 221252544 390663104
54 221111040 258827008
2 277715840 221191040
16 409555328 371839360
57 371913152 221180352
52 296536960 221039488
55 258894784 371846080
21 390734272 390668736
55 221252608 390663168
54 221111104 258827072
2 277715904 221191104
16 409555392 371839424
57 371913216 221180416
52 296537024 221039552
55 258894848 371846144
21 390734336 390668800
55 221252672 390663232
54 221111168 258827136
2 277715968 221191168
16 409555456 371839488
57 371913280 221180480
52 296537088 221039616
55 258894912 371846208
21 390734400 390668864
55 221252736 390663296
54 221111232 258827200
2 277716032 221191232
16 409555520 371839552
57 371913344 221180544
52 296537152 221039680
55 258894976 371846272
21 390734464 390668928
55 221252800 390663360
54 221111296 258827264
2 277716096 221191296
16 409555584 371839616
57 371913408 221180608
52 296537216 221039744
55 258895040 371846336
21 390734528 390668992
55 221252864 390663424
54 221111360 258827328
2 277716160 221191360
16 409555648 371839680
57 371913472 221180672
52 296537280 221039808
55 258895104 371846400
21 390734592 390669056
55 221252928 390663488
54 221111424 221045888
2 277716224 221191424
16 409555712 371839744
57 371913536 221180736
52 296537344 221039872
55 258895168 371846464
21 390734656 390669120
55 221252992 390663552
54 221111488 221045952
2 277716288 221191488
16 409555776 371839808
57 371913600 221180800
52 296537408 221039936
55 258895232 371846528
21 390734720 390669184
55 221253056 390663616
54 221111552 409494784
2 277716352 221191552
16 409555840 371839872
57 371913664 221180864
52 296537472 221040000
55 258895296 371846592
21 390734784 390669248
55 221253120 390663680
54 221111616 409494848
2 277716416 221191616
16 409555904 371839936
57 371913728 221180928
52 296537536 221040064
55 258895360 371846656
21 390734848 390669312
55 221253184 277646912
54 221111680 221046144
2 277716480 221191680
16 409555968 371840000
57 371913792 221180992
52 296537600 221040128
55 258895424 371846720
21 390734912 390669376
55 221253248 277646976
54 221111744 221046208
2 277716544 221191744
16 409556032 371840064
57 371913856 221181056
52 296537664 221040192
55 258895488 371846784
21 390734976 390669440
55 221253312 277647040
54 221111808 221046272
2 277716608 221191808
16 409556096 371840128
57 371913920 221181120
52 296537728 221040256
55 258895552 371846848
21 390735040 390669504
55 221253376 277647104
54 221111872 221046336
2 277716672 221191872
16 409556160 371840192
57 371913984 221181184
35 369471872 409481600
8 221253440 277647168
1 258895616 371846912
12 221111936 221046400
2 277716736 221191936
5 390735104 390669568
1 296537792 221040320
8 409556224 371840256
57 371914048 221181248
52 296537856 221040384
55 258895680 371846976
21 390735168 390669632
55 221253504 277647232
54 221112000 221046464
2 277716800 221192000
16 409556288 371840320
57 371914112 221181312
52 296537920 221040448
55 258895744 371847040
21 390735232 390669696
55 221253568 277647296
54 221112064 221046528
2 277716864 221192064
16 409556352 371840384
57 371914176 221181376
52 296537984 221040512
55 258895808 371847104
21 390735296 390669760
55 221253632 277647360
54 221112128 221046592
2 277716928 221192128
16 409556416 258823616
57 371914240 221181440
52 296538048 258822080
55 258895872 371847168
21 390735360 390669824
55 221253696 277647424
54 221112192 221046656
2 277716992 221192192
16 409556480 258823680
57 371914304 221181504
52 296538112 258822144
55 258895936 371847232
21 390735424 390669888
55 221253760 277647488
54 221112256 221046720
2 277717056 221192256
16 409556544 258823744
57 371914368 221181568
52 296538176 258822208
55 258896000 371847296
21 390735488 390669952
55 221253824 277647552
54 221112320 221046784
2 277717120 221192320
16 409556608 258823808
57 371914432 221181632
52 296538240 258822272
55 258896064 371847360
21 390735552 390670016
55 221253888 277647616
54 221112384 221046848
2 277717184 277651648
16 409556672 258823872
57 371914496 221181696
52 296538304 258822336
55 258896128 371847424
21 390735616 390670080
55 221253952 277647680
54 221112448 221046912
2 277717248 277651712
16 409556736 258823936
57 371914560 221181760
52 296538368 258822400
55 258896192 371847488
21 390735680 390670144
55 221254016 277647744
54 221112512 221046976
2 277717312 277651776
16 409556800 258824000
57 371914624 221181824
52 296538432 258822464
55 258896256 371847552
21 390735744 390670208
55 221254080 277647808
54 221112576 221047040
2 277717376 277651840
16 409556864 258824064
57 371914688 221181888
52 296538496 258822528
55 258896320 371847616
21 390735808 390670272
55 221254144 277647872
54 221112640 221047104
2 277717440 277651904
16 409556928 258824128
57 371914752 221181952
52 296538560 258822592
55 258896384 371847680
21 390735872 390670336
55 221254208 277647936
54 221112704 221047168
2 277717504 277651968
16 409556992 258824192
57 371914816 221182016
52 296538624 258822656
55 258896448 371847744
21 390735936 390670400
55 221254272 277648000
54 221112768 258828736
2 277717568 277652032
16 409557056 258824256
57 371914880 221182080
52 296538688 258822720
55 258896512 371847808
21 390736000 390670464
55 221254336 277648064
54 221112832 258828800
2 277717632 277652096
16 409557120 258824320
57 371914944 221182144
52 296538752 258822784
55 258896576 371847872
21 390736064 390670528
55 221254400 277648128
54 221112896 258828864
2 277717696 277652160
16 409557184 258824384
57 371915008 221182208
52 296538816 258822848
55 258896640 371847936
21 390736128 390670592
55 221254464 277648192
59 258896704 371848000
10 371915072 221182272
1 221112960 258828928
2 277717760 277652224
5 390736192 390670656
1 296538880 258822912
8 409557248 258824448
44 221254528 277648256
54 221113024 258828992
2 277717824 277652288
16 409557312 258824512
57 371915136 277641600
52 296538944 258822976
55 258896768 371848064
21 390736256 296462720
55 221254592 277648320
54 221113088 258829056
2 277717888 277652352
16 409557376 258824576
57 371915200 277641664
52 296539008 258823040
55 258896832 371848128
21 390736320 296462784
55 221254656 277648384
54 221113152 258829120
2 277717952 277652416
16 409557440 258824640
57 371915264 277641728
52 296539072 258823104
55 258896896 371848192
21 390736384 296462848
55 221254720 221189184
54 221113216 258829184
2 277718016 277652480
16 409557504 258824704
57 371915328 277641792
52 296539136 258823168
55 258896960 371848256
21 390736448 296462912
55 221254784 221189248
54 221113280 258829248
2 277718080 277652544
16 409557568 258824768
57 371915392 221182592
52 296539200 258823232
55 258897024 371848320
21 390736512 296462976
55 221254848 221189312
54 221113344 258829312
2 277718144 277652608
16 409557632 258824832
57 371915456 221182656
52 296539264 258823296
55 258897088 371848384
21 390736576 296463040
55 221254912 221189376
54 221113408 258829376
2 277718208 277652672
16 409557696 258824896
57 371915520 221182720
52 296539328 258823360
55 258897152 371848448
21 390736640 296463104
55 221254976 221189440
54 221113472 258829440
2 277718272 277652736
16 409557760 258824960
57 371915584 221182784
52 296539392 258823424
55 258897216 371848512
21 390736704 296463168
55 221255040 221189504
54 221113536 258829504
2 277718336 277652800
16 409557824 258825024
57 371915648 221182848
52 296539456 258823488
55 258897280 371848576
21 390736768 296463232
55 221255104 221189568
54 221113600 258829568
2 277718400 277652864
16 409557888 258825088
57 371915712 221182912
52 296539520 258823552
55 258897344 371848640
21 390736832 296463296
55 221255168 221189632
54 221113664 258829632
2 277718464 277652928
16 409557952 258825152
57 371915776 221182976
52 296539584 221042112
55 258897408 371848704
21 390736896 296463360
55 221255232 221189696
54 221113728 258829696
2 277718528 277652992
16 409558016 258825216
57 371915840 221183040
52 296539648 221042176
55 258897472 371848768
21 390736960 296463424
55 221255296 221189760
54 221113792 258829760
2 277718592 277653056
16 409558080 258825280
57 371915904 221183104
52 296539712 221042240
55 258897536 371848832
21 390737024 296463488
55 221255360 221189824
54 221113856 258829824
2 277718656 277653120
16 409558144 258825344
57 371915968 221183168
52 296539776 221042304
55 258897600 371848896
21 390737088 296463552
55 221255424 221189888
54 221113920 258829888
2 277718720 277653184
16 409558208 258825408
57 371916032 221183232
52 296539840 221042368
55 258897664 371848960
21 390737152 296463616
55 221255488 221189952
54 221113984 258829952
2 277718784 277653248
16 409558272 258825472
57 371916096 221183296
52 296539904 221042432
71 221255552 221190016
1 258897728 371849024
10 371916160 221183360
1 221114048 258830016
2 277718848 277653312
5 390737216 296463680
10 409558336 258825536
30 296539968 221042496
55 258897792 371849088
21 390737280 296463744
55 221255616 221190080
54 221114112 258830080
2 277718912 277653376
16 409558400 258825600
57 371916224 221183424
52 296540032 221042560
55 258897856 371849152
21 390737344 296463808
55 221255680 221190144
54 221114176 258830144
2 277718976 277653440
16 409558464 258825664
57 371916288 221183488
52 296540096 221042624
55 258897920 371849216
21 390737408 296463872
55 221255744 371857472
54 221114240 258830208
2 277719040 277653504
16 409558528 258825728
57 371916352 221183552
52 296540160 221042688
55 258897984 371849280
21 390737472 296463936
55 221255808 371857536
54 221114304 258830272
2 277719104 277653568
16 409558592 221044288
57 371916416 221183616
52 296540224 221042752
55 258898048 371849344
21 390737536 296464000
55 221255872 371857600
54 221114368 258830336
2 277719168 277653632
16 409558656 221044352
57 371916480 221183680
52 296540288 221042816
55 258898112 371849408
21 390737600 296464064
55 221255936 371857664
54 221114432 258830400
2 277719232 277653696
16 409558720 221044416
57 371916544 221183744
52 296540352 221042880
55 258898176 371849472
21 390737664 296464128
55 221256000 371857728
54 221114496 258830464
2 277719296 277653760
16 409558784 221044480
57 371916608 221183808
52 296540416 221042944
55 258898240 371849536
21 390737728 296464192
55 221256064 371857792
54 221114560 258830528
2 277719360 277653824
16 409558848 221044544
57 371916672 221183872
52 296540480 221043008
55 258898304 221182336
21 390737792 409481088
55 221256128 371857856
54 221114624 258830592
2 277719424 390670720
16 409558912 221044608
57 371916736 277643200
52 296540544 221043072
55 258898368 221182400
21 390737856 409481152
55 221256192 371857920
54 221114688 258830656
2 277719488 390670784
16 409558976 221044672
57 371916800 277643264
52 296540608 221043136
55 258898432 221182464
21 390737920 409481216
55 221256256 371857984
54 221114752 258830720
2 277719552 390670848
16 409559040 221044736
57 371916864 277643328
52 296540672 221043200
55 258898496 221182528
21 390737984 409481280
55 221256320 371858048
54 221114816 258830784
2 277719616 390670912
16 409559104 221044800
57 371916928 277643392
52 296540736 221043264
55 258898560 371849856
21 390738048 409481344
55 221256384 371858112
54 221114880 258830848
2 277719680 390670976
16 409559168 221044864
57 371916992 277643456
52 296540800 221043328
55 258898624 371849920
21 390738112 409481408
55 221256448 371858176
54 221114944 258830912
2 277719744 390671040
16 409559232 221044928
57 371917056 277643520
52 296540864 221043392
55 258898688 371849984
21 390738176 409481472
55 221256512 371858240
54 221115008 258830976
2 277719808 390671104
16 409559296 221044992
57 371917120 277643584
52 296540928 221043456
55 258898752 371850048
21 390738240 296464704
55 221256576 371858304
54 221115072 258831040
2 277719872 390671168
16 409559360 221045056
62 221256640 371858368
1 258898816 371850112
10 371917184 277643648
10 390738304 296464768
1 296540992 221043520
28 221115136 258831104
2 277719936 390671232
16 409559424 221045120
57 371917248 277643712
52 296541056 221043584
55 258898880 371850176
21 390738368 409481664
55 221256704 371858432
54 221115200 258831168
2 277720000 390671296
16 409559488 221045184
57 371917312 277643776
52 296541120 221043648
55 258898944 371850240
21 390738432 409481728
55 221256768 371858496
54 221115264 258831232
2 277720064 390671360
16 409559552 221045248
57 371917376 277643840
52 296541184 221043712
55 258899008 371850304
21 390738496 409481792
55 221256832 371858560
54 221115328 258831296
2 277720128 390671424
16 409559616 221045312
57 371917440 277643904
52 296541248 221043776
55 258899072 371850368
21 390738560 409481856
55 221256896 371858624
54 221115392 258831360
2 277720192 390671488
16 409559680 221045376
57 371917504 277643968
52 296541312 221043840
55 258899136 371850432
21 390738624 409481920
55 221256960 371858688
54 221115456 258831424
2 277720256 390671552
16 409559744 221045440
57 371917568 277644032
52 296541376 221043904
55 258899200 371850496
21 390738688 409481984
55 221257024 371858752
54 221115520 258831488
2 277720320 390671616
16 409559808 221045504
57 371917632 277644096
52 296541440 221043968
55 258899264 371850560
21 390738752 409482048
55 221257088 371858816
54 221115584 258831552
2 277720384 390671680
16 409559872 221045568
57 371917696 277644160
52 296541504 221044032
55 258899328 371850624
21 390738816 296465280
55 221257152 371858880
54 221115648 258831616
2 277720448 390671744
16 409559936 221045632
57 371917760 277644224
52 296541568 221044096
55 258899392 371850688
21 390738880 296465344
55 221257216 371858944
54 221115712 258831680
2 277720512 390671808
16 409560000 221045696
57 371917824 277644288
52 296541632 221044160
55 258899456 371850752
21 390738944 296465408
55 221257280 371859008
54 221115776 258831744
2 277720576 390671872
16 409560064 221045760
57 371917888 277644352
52 296541696 221044224
55 258899520 371850816
21 390739008 296465472
55 221257344 371859072
54 221115840 258831808
2 277720640 390671936
16 409560128 221045824
57 371917952 277644416
52 296541760 409493056
55 258899584 371850880
21 390739072 296465536
55 221257408 371859136
54 221115904 258831872
2 277720704 390672000
16 409560192 409494656
57 371918016 277644480
52 296541824 409493120
55 258899648 371850944
21 390739136 296465600
55 221257472 371859200
54 221115968 258831936
2 277720768 390672064
16 409560256 409494720
57 371918080 277644544
52 296541888 409493184
55 258899712 371851008
21 390739200 296465664
55 221257536 371859264
54 221116032 258832000
2 277720832 390672128
16 409560320 296477952
57 371918144 277644608
52 296541952 409493248
55 258899776 371851072
21 390739264 296465728
55 221257600 371859328
54 221116096 258832064
2 277720896 390672192
16 409560384 296478016
57 371918208 277644672
52 296542016 409493312
55 258899840 371851136
21 390739328 409482624
73 221257664 371859392
12 371918272 277644736
1 221116160 258832128
2 277720960 296464256
7 296542080 409493376
8 409560448 409494912
6 258899904 221183936
21 390739392 409482688
55 221257728 371859456
54 221116224 258832192
2 277721024 296464320
16 409560512 409494976
57 371918336 277644800
52 296542144 409493440
55 258899968 221184000
21 390739456 409482752
55 221257792 371859520
54 221116288 258832256
2 277721088 296464384
16 409560576 409495040
57 371918400 277644864
52 296542208 409493504
55 258900032 221184064
21 390739520 409482816
55 221257856 371859584
54 221116352 258832320
2 277721152 296464448
16 409560640 409495104
57 371918464 277644928
52 296542272 409493568
55 258900096 221184128
21 390739584 409482880
55 221257920 221192384
54 221116416 258832384
2 277721216 296464512
16 409560704 409495168
57 371918528 277644992
52 296542336 409493632
55 258900160 221184192
21 390739648 409482944
55 221257984 221192448
54 221116480 258832448
2 277721280 296464576
16 409560768 409495232
57 371918592 277645056
52 296542400 409493696
55 258900224 221184256
21 390739712 409483008
55 221258048 221192512
54 221116544 258832512
2 277721344 296464640
16 409560832 409495296
57 371918656 277645120
52 296542464 409493760
55 258900288 221184320
21 390739776 409483072
55 221258112 221192576
54 221116608 258832576
2 277721408 390672704
16 409560896 409495360
57 371918720 277645184
52 296542528 409493824
55 258900352 221184384
21 390739840 409483136
55 221258176 221192640
54 221116672 258832640
2 277721472 390672768
16 409560960 409495424
57 371918784 277645248
52 296542592 409493888
55 258900416 221184448
21 390739904 409483200
55 221258240 221192704
54 221116736 258832704
2 277721536 296464832
16 409561024 409495488
57 371918848 277645312
52 296542656 409493952
55 258900480 221184512
21 390739968 409483264
55 221258304 221192768
54 221116800 371849600
2 277721600 296464896
16 409561088 409495552
57 371918912 277645376
52 296542720 409494016
55 258900544 221184576
21 390740032 409483328
55 221258368 221192832
54 221116864 371849664
2 277721664 296464960
16 409561152 409495616
57 371918976 277645440
52 296542784 409494080
55 258900608 221184640
21 390740096 409483392
55 221258432 221192896
54 221116928 371849728
2 277721728 296465024
16 409561216 409495680
57 371919040 277645504
52 296542848 409494144
55 258900672 221184704
21 390740160 409483456
55 221258496 221192960
54 221116992 371849792
2 277721792 296465088
16 409561280 409495744
57 371919104 277645568
52 296542912 409494208
55 258900736 221184768
21 390740224 409483520
55 221258560 221193024
54 221117056 258833024
2 277721856 296465152
16 409561344 409495808
57 371919168 277645632
52 296542976 409494272
55 258900800 221184832
21 390740288 409483584
55 221258624 221193088
54 221117120 258833088
2 277721920 296465216
16 409561408 409495872
57 371919232 277645696
52 296543040 409494336
55 258900864 221184896
21 390740352 409483648
55 221258688 221193152
54 221117184 258833152
2 277721984 369472384
16 409561472 409495936
57 371919296 277645760
52 296543104 409494400
31 221258752 221193216
1 258900928 221184960
12 221117248 258833216
2 277722048 390673344
5 390740416 409483712
10 409561536 221047232
17 371919360 277645824
52 296543168 409494464
55 258900992 221185024
21 390740480 409483776
55 221258816 221193280
54 221117312 258833280
2 277722112 390673408
16 409561600 221047296
57 371919424 277645888
52 296543232 409494528
55 258901056 221185088
21 390740544 409483840
55 221258880 221193344
54 221117376 258833344
2 277722176 390673472
16 409561664 221047360
57 371919488 277645952
52 296543296 409494592
55 258901120 221185152
21 390740608 409483904
55 221258944 221193408
54 221117440 258833408
2 277722240 390673536
16 409561728 221047424
57 371919552 277646016
52 296543360 296477824
55 258901184 221185216
21 390740672 409483968
55 221259008 221193472
54 221117504 258833472
2 277722304 390673600
16 409561792 221047488
57 371919616 277646080
52 296543424 296477888
55 258901248 221185280
21 390740736 409484032
55 221259072 221193536
54 221117568 258833536
2 277722368 390673664
16 409561856 221047552
57 371919680 277646144
52 296543488 390685952
55 258901312 221185344
21 390740800 409484096
55 221259136 221193600
54 221117632 258833600
2 277722432 390673728
16 409561920 221047616
57 371919744 277646208
52 296543552 390686016
55 258901376 221185408
21 390740864 409484160
55 221259200 221193664
54 221117696 258833664
2 277722496 296465792
16 409561984 221047680
57 371919808 277646272
52 296543616 296478080
55 258901440 221185472
21 390740928 409484224
55 221259264 221193728
54 221117760 258833728
2 277722560 296465856
16 409562048 221047744
57 371919872 277646336
52 296543680 296478144
55 258901504 221185536
21 390740992 409484288
55 221259328 221193792
54 221117824 258833792
2 277722624 296465920
16 409562112 221047808
57 371919936 277646400
52 296543744 296478208
55 258901568 221185600
21 390741056 409484352
55 221259392 221193856
54 221117888 258833856
2 277722688 296465984
16 409562176 221047872
57 371920000 277646464
52 296543808 296478272
55 258901632 221185664
21 390741120 409484416
55 221259456 221193920
54 221117952 258833920
2 277722752 296466048
16 409562240 221047936
57 371920064 277646528
52 296543872 296478336
55 258901696 221185728
21 390741184 409484480
55 221259520 221193984
54 221118016 258833984
2 277722816 296466112
16 409562304 221048000
57 371920128 277646592
52 296543936 296478400
55 258901760 221185792
21 390741248 409484544
55 221259584 221194048
54 221118080 258834048
2 277722880 296466176
16 409562368 221048064
57 371920192 277646656
52 296544000 296478464
55 258901824 221185856
21 390741312 409484608
55 221259648 221194112
54 221118144 258834112
2 277722944 296466240
16 409562432 221048128
57 371920256 277646720
52 296544064 296478528
55 258901888 221185920
21 390741376 409484672
55 221259712 221194176
54 221118208 258834176
2 277723008 296466304
16 409562496 221048192
57 371920320 277646784
52 296544128 296478592
55 258901952 221185984
21 390741440 409484736
55 221259776 221194240
54 221118272 258834240
2 277723072 296466368
16 409562560 221048256
24 258902016 221186048
10 371920384 277646848
10 390741504 409484800
1 296544192 296478656
13 221259840 221194304
54 221118336 258834304
2 277723136 296466432
16 409562624 221048320
57 371920448 221187648
52 296544256 296478720
55 258902080 221186112
21 390741568 296468032
55 221259904 221194368
54 221118400 371851200
2 277723200 296466496
16 409562688 221048384
57 371920512 221187712
52 296544320 296478784
55 258902144 221186176
21 390741632 296468096
55 221259968 221194432
54 221118464 371851264
2 277723264 296466560
16 409562752 221048448
57 371920576 221187776
52 296544384 296478848
55 258902208 221186240
21 390741696 296468160
55 221260032 221194496
54 221118528 371851328
2 277723328 296466624
16 409562816 221048512
57 371920640 221187840
52 296544448 296478912
55 258902272 221186304
21 390741760 296468224
55 221260096 221194560
54 221118592 371851392
2 277723392 296466688
16 409562880 221048576
57 371920704 221187904
52 296544512 296478976
55 258902336 221186368
21 390741824 296468288
55 221260160 277653888
54 221118656 371851456
2 277723456 296466752
16 409562944 221048640
57 371920768 221187968
52 296544576 296479040
55 258902400 221186432
21 390741888 296468352
55 221260224 277653952
54 221118720 371851520
2 277723520 296466816
16 409563008 221048704
57 371920832 221188032
52 296544640 296479104
55 258902464 221186496
21 390741952 296468416
55 221260288 277654016
54 221118784 371851584
2 277723584 296466880
16 409563072 221048768
57 371920896 221188096
52 296544704 409496000
55 258902528 221186560
21 390742016 296468480
55 221260352 277654080
54 221118848 371851648
2 277723648 296466944
16 409563136 221048832
57 371920960 221188160
52 296544768 409496064
55 258902592 221186624
21 390742080 296468544
55 221260416 277654144
54 221118912 371851712
2 277723712 296467008
16 409563200 221048896
57 371921024 221188224
52 296544832 409496128
55 258902656 221186688
21 390742144 296468608
55 221260480 277654208
54 221118976 371851776
2 277723776 296467072
16 409563264 221048960
57 371921088 221188288
52 296544896 409496192
55 258902720 221186752
21 390742208 296468672
55 221260544 277654272
54 221119040 371851840
2 277723840 296467136
16 409563328 221049024
57 371921152 221188352
52 296544960 409496256
55 258902784 221186816
21 390742272 409485568
55 221260608 277654336
54 221119104 371851904
2 277723904 296467200
16 409563392 221049088
57 371921216 221188416
52 296545024 409496320
55 258902848 221186880
21 390742336 409485632
55 221260672 277654400
54 221119168 371851968
2 277723968 296467264
16 409563456 221049152
57 371921280 221188480
52 296545088 409496384
55 258902912 221186944
21 390742400 409485696
55 221260736 277654464
54 221119232 371852032
2 277724032 296467328
16 409563520 221049216
57 371921344 221188544
52 296545152 409496448
55 258902976 221187008
21 390742464 409485760
55 221260800 277654528
54 221119296 371852096
2 277724096 296467392
16 409563584 221049280
57 371921408 221188608
52 296545216 409496512
55 258903040 221187072
21 390742528 409485824
33 221260864 277654592
12 371921472 221188672
1 221119360 371852160
2 277724160 296467456
7 296545280 409496576
8 409563648 221049344
46 258903104 221187136
21 390742592 409485888
55 221260928 277654656
54 221119424 371852224
2 277724224 296467520
16 409563712 221049408
57 371921536 221188736
52 296545344 409496640
55 258903168 221187200
21 390742656 409485952
55 221260992 277654720
54 221119488 371852288
2 277724288 296467584
16 409563776 221049472
57 371921600 221188800
52 296545408 409496704
55 258903232 221187264
21 390742720 409486016
55 221261056 277654784
54 221119552 371852352
2 277724352 296467648
16 409563840 221049536
57 371921664 221188864
52 296545472 409496768
55 258903296 221187328
21 390742784 409486080
55 221261120 277654848
54 221119616 371852416
2 277724416 296467712
16 409563904 221049600
57 371921728 221188928
52 296545536 409496832
55 258903360 221187392
21 390742848 409486144
55 221261184 277654912
54 221119680 371852480
2 277724480 296467776
16 409563968 221049664
57 371921792 221188992
52 296545600 409496896
55 258903424 221187456
21 390742912 409486208
55 221261248 277654976
54 221119744 371852544
2 277724544 296467840
16 409564032 221049728
57 371921856 221189056
52 296545664 409496960
55 258903488 221187520
21 390742976 409486272
55 221261312 277655040
54 221119808 371852608
2 277724608 296467904
16 409564096 221049792
57 371921920 221189120
52 296545728 409497024
55 258903552 221187584
21 390743040 409486336
55 221261376 277655104
54 221119872 371852672
2 277724672 296467968
16 409564160 221049856
57 371921984 371856448
52 296545792 409497088
55 258903616 371854912
21 390743104 296469568
55 221261440 277655168
54 221119936 371852736
2 277724736 390676032
16 409564224 221049920
57 371922048 371856512
52 296545856 409497152
55 258903680 371854976
21 390743168 296469632
55 221261504 277655232
54 221120000 371852800
2 277724800 390676096
16 409564288 221049984
57 371922112 371856576
52 296545920 409497216
55 258903744 371855040
21 390743232 296469696
55 221261568 277655296
54 221120064 371852864
2 277724864 390676160
16 409564352 221050048
57 371922176 371856640
52 296545984 409497280
55 258903808 371855104
21 390743296 296469760
55 221261632 277655360
54 221120128 371852928
2 277724928 390676224
16 409564416 221050112
57 371922240 371856704
52 296546048 409497344
55 258903872 371855168
21 390743360 296469824
55 221261696 390672256
54 221120192 371852992
2 277724992 390676288
16 409564480 221050176
57 371922304 371856768
52 296546112 409497408
55 258903936 371855232
21 390743424 296469888
55 221261760 390672320
54 221120256 371853056
2 277725056 390676352
16 409564544 221050240
57 371922368 371856832
52 296546176 409497472
55 258904000 371855296
21 390743488 296469952
55 221261824 390672384
54 221120320 371853120
2 277725120 390676416
16 409564608 221050304
57 371922432 371856896
52 296546240 409497536
55 258904064 371855360
21 390743552 296470016
55 221261888 390672448
54 221120384 371853184
2 277725184 390676480
16 409564672 221050368
57 371922496 371856960
35 369471936 390672832
8 221261952 390672512
1 258904128 371855424
12 221120448 371853248
2 277725248 390676544
5 390743616 296470080
1 296546304 409497600
8 409564736 221050432
57 371922560 371857024
52 296546368 409497664
55 258904192 371855488
21 390743680 296470144
55 221262016 390672576
54 221120512 371853312
2 277725312 390676608
16 409564800 221050496
57 371922624 371857088
52 296546432 409497728
55 258904256 371855552
21 390743744 296470208
55 221262080 390672640
54 221120576 371853376
2 277725376 390676672
16 409564864 221050560
57 371922688 371857152
52 296546496 409497792
55 258904320 371855616
21 390743808 296470272
55 221262144 277655872
54 221120640 371853440
2 277725440 296468736
16 409564928 221050624
57 371922752 371857216
52 296546560 409497856
55 258904384 371855680
21 390743872 296470336
55 221262208 277655936
54 221120704 371853504
2 277725504 296468800
16 409564992 221050688
57 371922816 371857280
52 296546624 409497920
55 258904448 371855744
21 390743936 296470400
55 221262272 277656000
54 221120768 371853568
2 277725568 296468864
16 409565056 221050752
57 371922880 371857344
52 296546688 409497984
55 258904512 371855808
21 390744000 296470464
55 221262336 390672896
54 221120832 371853632
2 277725632 296468928
16 409565120 221050816
57 371922944 371857408
52 296546752 409498048
55 258904576 371855872
21 390744064 296470528
55 221262400 390672960
54 221120896 371853696
2 277725696 296468992
16 409565184 221050880
57 371923008 258840640
52 296546816 409498112
55 258904640 371855936
21 390744128 296470592
55 221262464 390673024
54 221120960 371853760
2 277725760 296469056
16 409565248 221050944
57 371923072 258840704
52 296546880 409498176
55 258904704 371856000
21 390744192 296470656
55 221262528 390673088
54 221121024 371853824
2 277725824 296469120
16 409565312 221051008
57 371923136 258840768
52 296546944 409498240
55 258904768 371856064
21 390744256 296470720
55 221262592 390673152
54 221121088 371853888
2 277725888 296469184
16 409565376 221051072
57 371923200 258840832
52 296547008 409498304
55 258904832 371856128
21 390744320 296470784
55 221262656 390673216
54 221121152 371853952
2 277725952 296469248
16 409565440 221051136
57 371923264 258840896
52 296547072 409498368
55 258904896 371856192
21 390744384 296470848
55 221262720 390673280
54 221121216 371854016
2 277726016 296469312
16 409565504 221051200
57 371923328 258840960
52 296547136 409498432
55 258904960 371856256
21 390744448 296470912
55 221262784 277656512
54 221121280 371854080
2 277726080 296469376
16 409565568 258832768
57 371923392 258841024
52 296547200 409498496
55 258905024 371856320
21 390744512 409487808
55 221262848 277656576
54 221121344 371854144
2 277726144 296469440
16 409565632 258832832
57 371923456 258841088
52 296547264 409498560
55 258905088 371856384
21 390744576 409487872
55 221262912 277656640
54 221121408 371854208
2 277726208 296469504
16 409565696 258832896
57 371923520 258841152
52 296547328 409498624
55 258905152 258839616
21 390744640 409487936
55 221262976 277656704
59 258905216 258839680
10 371923584 258841216
1 221121472 371854272
2 277726272 390677568
5 390744704 409488000
1 296547392 409498688
8 409565760 258832960
44 221263040 277656768
54 221121536 371854336
2 277726336 390677632
16 409565824 221051520
57 371923648 258841280
52 296547456 409498752
55 258905280 258839744
21 390744768 409488064
55 221263104 277656832
54 221121600 371854400
2 277726400 390677696
16 409565888 221051584
57 371923712 258841344
52 296547520 409498816
55 258905344 258839808
21 390744832 409488128
55 221263168 277656896
54 221121664 371854464
2 277726464 390677760
16 409565952 221051648
57 371923776 258841408
52 296547584 409498880
55 258905408 258839872
21 390744896 409488192
55 221263232 390673792
54 221121728 371854528
2 277726528 390677824
16 409566016 221051712
57 371923840 258841472
52 296547648 409498944
55 258905472 258839936
21 390744960 409488256
55 221263296 390673856
54 221121792 371854592
2 277726592 390677888
16 409566080 221051776
57 371923904 258841536
52 296547712 409499008
55 258905536 258840000
21 390745024 409488320
55 221263360 390673920
54 221121856 371854656
2 277726656 390677952
16 409566144 221051840
57 371923968 258841600
52 296547776 409499072
55 258905600 258840064
21 390745088 409488384
55 221263424 390673984
54 221121920 371854720
2 277726720 390678016
16 409566208 221051904
57 371924032 258841664
52 296547840 409499136
55 258905664 258840128
21 390745152 409488448
55 221263488 390674048
54 221121984 371854784
2 277726784 390678080
16 409566272 221051968
57 371924096 258841728
52 296547904 409499200
55 258905728 258840192
21 390745216 409488512
55 221263552 390674112
54 221122048 371854848
2 277726848 390678144
16 409566336 221052032
57 371924160 258841792
52 296547968 409499264
55 258905792 258840256
21 390745280 409488576
55 221263616 390674176
54 221122112 258838080
2 277726912 390678208
16 409566400 221052096
57 371924224 258841856
52 296548032 409499328
55 258905856 258840320
21 390745344 409488640
55 221263680 390674240
54 221122176 258838144
2 277726976 390678272
16 409566464 221052160
57 371924288 258841920
52 296548096 409499392
55 258905920 258840384
21 390745408 409488704
55 221263744 390674304
54 221122240 258838208
2 277727040 390678336
16 409566528 221052224
57 371924352 258841984
52 296548160 409499456
55 258905984 258840448
21 390745472 409488768
55 221263808 390674368
54 221122304 258838272
2 277727104 390678400
16 409566592 221052288
57 371924416 258842048
52 296548224 409499520
55 258906048 258840512
21 390745536 409488832
55 221263872 390674432
54 221122368 258838336
2 277727168 390678464
16 409566656 221052352
57 371924480 258842112
52 296548288 409499584
55 258906112 258840576
21 390745600 409488896
55 221263936 390674496
54 221122432 258838400
2 277727232 390678528
16 409566720 221052416
57 371924544 258842176
52 296548352 409499648
55 258906176 221059136
21 390745664 409488960
55 221264000 390674560
54 221122496 258838464
2 277727296 390678592
16 409566784 221052480
57 371924608 258842240
52 296548416 409499712
71 221264064 390674624
1 258906240 221059200
10 371924672 258842304
1 221122560 258838528
2 277727360 390678656
5 390745728 409489024
10 409566848 221052544
30 296548480 409499776
55 258906304 221059264
21 390745792 409489088
55 221264128 390674688
54 221122624 258838592
2 277727424 390678720
16 409566912 221052608
57 371924736 258842368
52 296548544 409499840
55 258906368 221059328
21 390745856 409489152
55 221264192 390674752
54 221122688 258838656
2 277727488 390678784
16 409566976 221052672
57 371924800 258842432
52 296548608 409499904
55 258906432 221059392
21 390745920 409489216
55 221264256 390674816
54 221122752 258838720
2 277727552 390678848
16 409567040 221052736
57 371924864 258842496
52 296548672 409499968
55 258906496 221059456
21 390745984 409489280
55 221264320 390674880
54 221122816 258838784
2 277727616 390678912
16 409567104 221052800
57 371924928 258842560
52 296548736 221051264
55 258906560 221059520
21 390746048 221040576
55 221264384 390674944
54 221122880 258838848
2 277727680 296470976
16 409567168 258834368
57 371924992 258842624
52 296548800 221051328
55 258906624 221059584
21 390746112 221040640
55 221264448 390675008
54 221122944 258838912
2 277727744 296471040
16 409567232 258834432
57 371925056 258842688
52 296548864 221051392
55 258906688 221059648
21 390746176 221040704
55 221264512 390675072
54 221123008 258838976
2 277727808 296471104
16 409567296 258834496
57 371925120 258842752
52 296548928 221051456
55 258906752 221059712
21 390746240 221040768
55 221264576 390675136
54 221123072 258839040
2 277727872 296471168
16 409567360 258834560
57 371925184 371859648
52 296548992 409500288
55 258906816 221059776
21 390746304 221040832
55 221264640 390675200
54 221123136 258839104
2 277727936 296471232
16 409567424 258834624
57 371925248 371859712
52 296549056 409500352
55 258906880 221059840
21 390746368 221040896
55 221264704 390675264
54 221123200 258839168
2 277728000 296471296
16 409567488 258834688
57 371925312 371859776
52 296549120 409500416
55 258906944 221059904
21 390746432 221040960
55 221264768 390675328
54 221123264 258839232
2 277728064 296471360
16 409567552 258834752
57 371925376 371859840
52 296549184 409500480
55 258907008 221059968
21 390746496 221041024
55 221264832 390675392
54 221123328 258839296
2 277728128 296471424
16 409567616 258834816
57 371925440 371859904
52 296549248 409500544
55 258907072 221060032
21 390746560 221041088
55 221264896 390675456
54 221123392 258839360
2 277728192 296471488
16 409567680 258834880
57 371925504 371859968
52 296549312 409500608
55 258907136 221060096
21 390746624 221041152
55 221264960 390675520
54 221123456 258839424
2 277728256 296471552
16 409567744 258834944
57 371925568 371860032
52 296549376 409500672
55 258907200 221060160
21 390746688 221041216
55 221265024 390675584
54 221123520 258839488
2 277728320 296471616
16 409567808 258835008
57 371925632 371860096
52 296549440 409500736
55 258907264 221060224
21 390746752 221041280
55 221265088 390675648
54 221123584 258839552
2 277728384 296471680
16 409567872 258835072
62 221265152 390675712
1 258907328 221060288
10 371925696 371860160
10 390746816 221041344
1 296549504 409500800
28 221123648 221058112
2 277728448 296471744
16 409567936 258835136
57 371925760 371860224
52 296549568 409500864
55 258907392 221060352
21 390746880 221041408
55 221265216 390675776
54 221123712 221058176
2 277728512 296471808
16 409568000 258835200
57 371925824 371860288
52 296549632 409500928
55 258907456 221060416
21 390746944 221041472
55 221265280 390675840
54 221123776 221058240
2 277728576 296471872
16 409568064 258835264
57 371925888 371860352
52 296549696 409500992
55 258907520 221060480
21 390747008 221041536
55 221265344 390675904
54 221123840 221058304
2 277728640 296471936
16 409568128 258835328
57 371925952 371860416
52 296549760 409501056
55 258907584 221060544
21 390747072 221041600
55 221265408 390675968
54 221123904 221058368
2 277728704 296472000
16 409568192 258835392
57 371926016 371860480
52 296549824 409501120
55 258907648 221060608
21 390747136 221041664
55 221265472 277659200
54 221123968 221058432
2 277728768 296472064
16 409568256 258835456
57 371926080 371860544
52 296549888 409501184
55 258907712 221060672
21 390747200 221041728
55 221265536 277659264
54 221124032 221058496
2 277728832 296472128
16 409568320 258835520
57 371926144 371860608
52 296549952 409501248
55 258907776 221060736
21 390747264 221041792
55 221265600 277659328
54 221124096 221058560
2 277728896 296472192
16 409568384 258835584
57 371926208 371860672
52 296550016 409501312
55 258907840 221060800
21 390747328 221041856
55 221265664 277659392
54 221124160 221058624
2 277728960 296472256
16 409568448 258835648
57 371926272 371860736
52 296550080 409501376
55 258907904 221060864
21 390747392 221041920
55 221265728 277659456
54 221124224 221058688
2 277729024 296472320
16 409568512 258835712
57 371926336 371860800
52 296550144 409501440
55 258907968 221060928
21 390747456 221041984
55 221265792 277659520
54 221124288 221058752
2 277729088 296472384
16 409568576 258835776
57 371926400 371860864
52 296550208 409501504
55 258908032 221060992
21 390747520 221042048
55 221265856 277659584
54 221124352 221058816
2 277729152 296472448
16 409568640 258835840
57 371926464 371860928
52 296550272 409501568
55 258908096 221061056
21 390747584 409490880
55 221265920 277659648
54 221124416 221058880
2 277729216 409489344
16 409568704 258835904
57 371926528 371860992
52 296550336 221052864
55 258908160 221061120
21 390747648 409490944
55 221265984 277659712
54 221124480 221058944
2 277729280 409489408
16 409568768 258835968
57 371926592 371861056
52 296550400 221052928
55 258908224 221061184
21 390747712 409491008
55 221266048 277659776
54 221124544 221059008
2 277729344 409489472
16 409568832 258836032
57 371926656 371861120
52 296550464 221052992
55 258908288 221061248
21 390747776 409491072
55 221266112 277659840
54 221124608 221059072
2 277729408 409489536
16 409568896 258836096
57 371926720 371861184
52 296550528 221053056
55 258908352 258842816
21 390747840 409491136
73 221266176 390676736
12 371926784 371861248
1 221124672 409507904
2 277729472 409489600
7 296550592 221053120
8 409568960 258836160
6 258908416 258842880
21 390747904 409491200
55 221266240 390676800
54 221124736 409507968
2 277729536 409489664
16 409569024 258836224
57 371926848 371861312
52 296550656 221053184
55 258908480 258842944
21 390747968 409491264
55 221266304 390676864
54 221124800 409508032
2 277729600 409489728
16 409569088 258836288
57 371926912 371861376
52 296550720 221053248
55 258908544 258843008
21 390748032 409491328
55 221266368 390676928
54 221124864 409508096
2 277729664 409489792
16 409569152 258836352
57 371926976 371861440
52 296550784 221053312
55 258908608 258843072
21 390748096 409491392
55 221266432 390676992
54 221124928 409508160
2 277729728 409489856
16 409569216 258836416
57 371927040 371861504
52 296550848 221053376
55 258908672 258843136
21 390748160 409491456
55 221266496 390677056
54 221124992 409508224
2 277729792 409489920
16 409569280 258836480
57 371927104 371861568
52 296550912 221053440
55 258908736 258843200
21 390748224 409491520
55 221266560 390677120
54 221125056 409508288
2 277729856 409489984
16 409569344 258836544
57 371927168 371861632
52 296550976 221053504
55 258908800 258843264
21 390748288 409491584
55 221266624 390677184
54 221125120 409508352
2 277729920 409490048
16 409569408 258836608
57 371927232 371861696
52 296551040 221053568
55 258908864 258843328
21 390748352 409491648
55 221266688 390677248
54 221125184 409508416
2 277729984 409490112
16 409569472 258836672
57 371927296 371861760
52 296551104 221053632
55 258908928 258843392
21 390748416 409491712
55 221266752 390677312
54 221125248 409508480
2 277730048 409490176
16 409569536 258836736
57 371927360 371861824
52 296551168 221053696
55 258908992 258843456
21 390748480 409491776
55 221266816 390677376
54 221125312 409508544
2 277730112 409490240
16 409569600 258836800
57 371927424 221194624
52 296551232 221053760
55 258909056 258843520
21 390748544 409491840
55 221266880 390677440
54 221125376 409508608
2 277730176 409490304
16 409569664 258836864
57 371927488 221194688
52 296551296 221053824
55 258909120 258843584
21 390748608 409491904
55 221266944 390677504
54 221125440 409508672
2 277730240 409490368
16 409569728 258836928
57 371927552 221194752
52 296551360 221053888
55 258909184 258843648
21 390748672 409491968
55 221267008 277660736
54 221125504 409508736
2 277730304 409490432
16 409569792 258836992
57 371927616 221194816
52 296551424 221053952
55 258909248 258843712
21 390748736 409492032
55 221267072 277660800
54 221125568 409508800
2 277730368 409490496
16 409569856 258837056
57 371927680 221194880
52 296551488 221054016
55 258909312 258843776
21 390748800 409492096
55 221267136 277660864
54 221125632 409508864
2 277730432 409490560
16 409569920 258837120
57 371927744 221194944
52 296551552 221054080
55 258909376 258843840
21 390748864 409492160
55 221267200 277660928
54 221125696 409508928
2 277730496 409490624
16 409569984 258837184
57 371927808 221195008
52 296551616 221054144
31 221267264 277660992
1 258909440 258843904
12 221125760 409508992
2 277730560 409490688
5 390748928 409492224
10 409570048 258837248
17 371927872 221195072
52 296551680 221054208
55 258909504 258843968
21 390748992 409492288
55 221267328 277661056
54 221125824 409509056
2 277730624 409490752
16 409570112 258837312
57 371927936 221195136
52 296551744 221054272
55 258909568 258844032
21 390749056 409492352
55 221267392 277661120
54 221125888 409509120
2 277730688 409490816
16 409570176 258837376
57 371928000 221195200
52 296551808 221054336
55 258909632 258844096
21 390749120 409492416
55 221267456 277661184
54 221125952 409509184
2 277730752 296474048
16 409570240 258837440
57 371928064 221195264
52 296551872 221054400
55 258909696 258844160
21 390749184 409492480
55 221267520 277661248
54 221126016 409509248
2 277730816 296474112
16 409570304 258837504
57 371928128 221195328
52 296551936 221054464
55 258909760 258844224
21 390749248 409492544
55 221267584 277661312
54 221126080 409509312
2 277730880 296474176
16 409570368 258837568
57 371928192 221195392
52 296552000 221054528
55 258909824 258844288
21 390749312 409492608
55 221267648 277661376
54 221126144 409509376
2 277730944 296474240
16 409570432 258837632
57 371928256 221195456
52 296552064 221054592
55 258909888 258844352
21 390749376 409492672
55 221267712 277661440
54 221126208 409509440
2 277731008 296474304
16 409570496 258837696
57 371928320 221195520
52 296552128 221054656
55 258909952 258844416
21 390749440 409492736
55 221267776 277661504
54 221126272 409509504
2 277731072 296474368
16 409570560 258837760
57 371928384 221195584
52 296552192 221054720
55 258910016 258844480
21 390749504 409492800
55 221267840 277661568
54 221126336 409509568
2 277731136 296474432
16 409570624 258837824
57 371928448 221195648
52 296552256 221054784
55 258910080 258844544
21 390749568 409492864
55 221267904 277661632
54 221126400 409509632
2 277731200 296474496
16 409570688 258837888
57 371928512 221195712
52 296552320 221054848
55 258910144 258844608
21 390749632 409492928
55 221267968 277661696
54 221126464 409509696
2 277731264 296474560
16 409570752 258837952
57 371928576 221195776
52 296552384 221054912
55 258910208 258844672
21 390749696 409492992
55 221268032 277661760
54 221126528 409509760
2 277731328 296474624
16 409570816 258838016
57 371928640 221195840
52 296552448 221054976
55 258910272 258844736
21 390749760 296476224
55 221268096 277661824
54 221126592 409509824
2 277731392 296474688
16 409570880 221056576
57 371928704 221195904
52 296552512 221055040
55 258910336 258844800
21 390749824 296476288
55 221268160 277661888
54 221126656 409509888
2 277731456 296474752
16 409570944 221056640
57 371928768 221195968
52 296552576 221055104
55 258910400 258844864
21 390749888 296476352
55 221268224 277661952
54 221126720 409509952
2 277731520 296474816
16 409571008 221056704
57 371928832 221196032
52 296552640 221055168
55 258910464 258844928
21 390749952 296476416
55 221268288 277662016
54 221126784 409510016
2 277731584 296474880
16 409571072 221056768
24 258910528 258844992
10 371928896 221196096
10 390750016 296476480
1 296552704 221055232
13 221268352 277662080
54 221126848 221061312
2 277731648 296474944
16 409571136 221056832
57 371928960 277655424
52 296552768 221055296
55 258910592 371861888
21 390750080 296476544
55 221268416 390678976
54 221126912 221061376
2 277731712 296475008
16 409571200 221056896
57 371929024 277655488
52 296552832 221055360
55 258910656 371861952
21 390750144 296476608
55 221268480 390679040
54 221126976 221061440
2 277731776 296475072
16 409571264 221056960
57 371929088 277655552
52 296552896 221055424
55 258910720 371862016
21 390750208 296476672
55 221268544 390679104
54 221127040 221061504
2 277731840 296475136
16 409571328 221057024
57 371929152 277655616
52 296552960 221055488
55 258910784 371862080
21 390750272 296476736
55 221268608 390679168
54 221127104 221061568
2 277731904 296475200
16 409571392 221057088
57 371929216 277655680
52 296553024 221055552
55 258910848 371862144
21 390750336 296476800
55 221268672 390679232
54 221127168 221061632
2 277731968 296475264
16 409571456 221057152
57 371929280 277655744
52 296553088 221055616
55 258910912 371862208
21 390750400 296476864
55 221268736 390679296
54 221127232 221061696
2 277732032 296475328
16 409571520 221057216
57 371929344 277655808
52 296553152 221055680
55 258910976 371862272
21 390750464 296476928
55 221268800 390679360
54 221127296 221061760
2 277732096 296475392
16 409571584 221057280
57 371929408 221196608
52 296553216 221055744
55 258911040 371862336
21 390750528 296476992
55 221268864 390679424
54 221127360 221061824
2 277732160 296475456
16 409571648 221057344
57 371929472 221196672
52 296553280 221055808
55 258911104 371862400
21 390750592 296477056
55 221268928 390679488
54 221127424 221061888
2 277732224 296475520
16 409571712 221057408
57 371929536 221196736
52 296553344 221055872
55 258911168 371862464
21 390750656 296477120
55 221268992 390679552
54 221127488 221061952
2 277732288 296475584
16 409571776 221057472
57 371929600 277656064
52 296553408 221055936
55 258911232 371862528
21 390750720 296477184
55 221269056 390679616
54 221127552 221062016
2 277732352 296475648
16 409571840 221057536
57 371929664 277656128
52 296553472 221056000
55 258911296 371862592
21 390750784 296477248
55 221269120 390679680
54 221127616 221062080
2 277732416 296475712
16 409571904 221057600
57 371929728 277656192
52 296553536 221056064
55 258911360 371862656
21 390750848 296477312
55 221269184 390679744
54 221127680 221062144
2 277732480 296475776
16 409571968 221057664
57 371929792 277656256
52 296553600 221056128
55 258911424 371862720
21 390750912 296477376
55 221269248 390679808
54 221127744 221062208
2 277732544 296475840
16 409572032 221057728
57 371929856 277656320
52 296553664 221056192
55 258911488 371862784
21 390750976 296477440
55 221269312 390679872
54 221127808 221062272
2 277732608 296475904
16 409572096 221057792
57 371929920 277656384
52 296553728 221056256
55 258911552 371862848
21 390751040 296477504
33 221269376 390679936
12 371929984 277656448
1 221127872 221062336
2 277732672 296475968
7 296553792 221056320
8 409572160 221057856
46 258911616 371862912
21 390751104 296477568
55 221269440 390680000
54 221127936 221062400
2 277732736 296476032
16 409572224 221057920
57 371930048 369472448
52 296553856 221056384
55 258911680 371862976
21 390751168 296477632
55 221269504 390680064
54 221128000 221062464
2 277732800 296476096
16 409572288 221057984
57 371930112 221197312
52 296553920 221056448
55 258911744 371863040
21 390751232 296477696
55 221269568 390680128
54 221128064 221062528
2 277732864 296476160
16 409572352 221058048
57 371930176 221197376
52 296553984 221056512
55 258911808 371863104
21 390751296 296477760
55 221269632 390680192
54 221128128 221062592
2 277732928 390684224
16 409572416 409506880
57 371930240 221197440
52 296554048 409505344
55 258911872 371863168
21 390751360 390685824
55 221269696 390680256
54 221128192 221062656
2 277732992 390684288
16 409572480 409506944
57 371930304 221197504
52 296554112 409505408
55 258911936 371863232
21 390751424 390685888
55 221269760 390680320
54 221128256 221062720
2 277733056 390684352
16 409572544 409507008
57 371930368 221197568
52 296554176 409505472
55 258912000 371863296
21 390751488 277669120
55 221269824 390680384
54 221128320 221062784
2 277733120 390684416
16 409572608 409507072
57 371930432 221197632
52 296554240 409505536
55 258912064 371863360
21 390751552 277669184
55 221269888 390680448
54 221128384 221062848
2 277733184 390684480
16 409572672 409507136
57 371930496 277656960
52 296554304 409505600
55 258912128 221196160
21 390751616 390686080
55 221269952 296472512
54 221128448 221062912
2 277733248 390684544
16 409572736 409507200
57 371930560 277657024
52 296554368 409505664
55 258912192 221196224
21 390751680 390686144
55 221270016 296472576
54 221128512 221062976
2 277733312 390684608
16 409572800 409507264
57 371930624 277657088
52 296554432 409505728
55 258912256 221196288
21 390751744 390686208
55 221270080 296472640
54 221128576 221063040
2 277733376 390684672
16 409572864 409507328
57 371930688 277657152
52 296554496 409505792
55 258912320 221196352
21 390751808 390686272
55 221270144 296472704
54 221128640 221063104
2 277733440 390684736
16 409572928 409507392
57 371930752 277657216
52 296554560 409505856
55 258912384 221196416
21 390751872 390686336
55 221270208 296472768
54 221128704 221063168
2 277733504 390684800
16 409572992 409507456
57 371930816 277657280
52 296554624 409505920
55 258912448 221196480
21 390751936 390686400
55 221270272 296472832
54 221128768 221063232
2 277733568 390684864
16 409573056 409507520
57 371930880 277657344
52 296554688 409505984
55 258912512 221196544
21 390752000 390686464
55 221270336 296472896
54 221128832 221063296
2 277733632 390684928
16 409573120 409507584
57 371930944 277657408
52 296554752 409506048
55 258912576 371863872
21 390752064 390686528
55 221270400 296472960
54 221128896 221063360
2 277733696 390684992
16 409573184 409507648
57 371931008 277657472
35 369472000 221196800
8 221270464 296473024
1 258912640 371863936
12 221128960 221063424
2 277733760 390685056
5 390752128 390686592
1 296554816 409506112
8 409573248 409507712
57 371931072 277657536
52 296554880 409506176
55 258912704 371864000
21 390752192 390686656
55 221270528 296473088
54 221129024 221063488
2 277733824 390685120
16 409573312 409507776
57 371931136 277657600
52 296554944 409506240
55 258912768 371864064
21 390752256 390686720
55 221270592 296473152
54 221129088 258845056
2 277733888 390685184
16 409573376 409507840
57 371931200 277657664
52 296555008 409506304
55 258912832 221196864
21 390752320 390686784
55 221270656 296473216
54 221129152 258845120
2 277733952 390685248
16 409573440 296491072
57 371931264 277657728
52 296555072 409506368
55 258912896 221196928
21 390752384 390686848
55 221270720 296473280
54 221129216 258845184
2 277734016 390685312
16 409573504 296491136
57 371931328 277657792
52 296555136 409506432
55 258912960 221196992
21 390752448 390686912
55 221270784 296473344
54 221129280 258845248
2 277734080 390685376
16 409573568 296491200
57 371931392 277657856
52 296555200 409506496
55 258913024 221197056
21 390752512 390686976
55 221270848 296473408
54 221129344 258845312
2 277734144 390685440
16 409573632 296491264
57 371931456 277657920
52 296555264 409506560
55 258913088 221197120
21 390752576 390687040
55 221270912 296473472
54 221129408 258845376
2 277734208 390685504
16 409573696 296491328
57 371931520 277657984
52 296555328 409506624
55 258913152 221197184
21 390752640 390687104
55 221270976 296473536
54 221129472 258845440
2 277734272 390685568
16 409573760 296491392
57 371931584 277658048
52 296555392 409506688
55 258913216 221197248
21 390752704 296479168
55 221271040 296473600
54 221129536 258845504
2 277734336 390685632
16 409573824 296491456
57 371931648 277658112
52 296555456 409506752
55 258913280 371864576
21 390752768 296479232
55 221271104 296473664
54 221129600 258845568
2 277734400 390685696
16 409573888 296491520
57 371931712 277658176
52 296555520 409506816
55 258913344 371864640
21 390752832 296479296
55 221271168 296473728
54 221129664 258845632
2 277734464 390685760
16 409573952 296491584
57 371931776 277658240
52 296555584 296490048
55 258913408 371864704
21 390752896 296479360
55 221271232 296473792
54 221129728 258845696
2 277734528 277668992
16 409574016 296491648
57 371931840 277658304
52 296555648 296490112
55 258913472 371864768
21 390752960 296479424
55 221271296 296473856
54 221129792 258845760
2 277734592 277669056
16 409574080 296491712
57 371931904 277658368
52 296555712 296490176
55 258913536 371864832
21 390753024 296479488
55 221271360 296473920
54 221129856 258845824
2 277734656 221209856
16 409574144 296491776
57 371931968 277658432
52 296555776 296490240
55 258913600 371864896
21 390753088 296479552
55 221271424 296473984
54 221129920 258845888
2 277734720 221209920
16 409574208 296491840
57 371932032 277658496
52 296555840 296490304
55 258913664 221197696
21 390753152 296479616
55 221271488 390682048
59 258913728 221197760
10 371932096 277658560
1 221129984 258845952
2 277734784 277669248
5 390753216 296479680
1 296555904 296490368
8 409574272 296491904
44 221271552 390682112
54 221130048 258846016
2 277734848 277669312
16 409574336 296491968
57 371932160 277658624
52 296555968 296490432
55 258913792 221197824
21 390753280 296479744
55 221271616 390682176
54 221130112 258846080
2 277734912 277669376
16 409574400 296492032
57 371932224 277658688
52 296556032 296490496
55 258913856 221197888
21 390753344 296479808
55 221271680 390682240
54 221130176 258846144
2 277734976 277669440
16 409574464 296492096
57 371932288 277658752
52 296556096 296490560
55 258913920 221197952
21 390753408 296479872
55 221271744 390682304
54 221130240 258846208
2 277735040 277669504
16 409574528 296492160
57 371932352 277658816
52 296556160 296490624
55 258913984 221198016
21 390753472 296479936
55 221271808 390682368
54 221130304 258846272
2 277735104 277669568
16 409574592 296492224
57 371932416 277658880
52 296556224 296490688
55 258914048 221198080
21 390753536 296480000
55 221271872 390682432
54 221130368 258846336
2 277735168 277669632
16 409574656 296492288
57 371932480 277658944
52 296556288 296490752
55 258914112 221198144
21 390753600 296480064
55 221271936 390682496
54 221130432 258846400
2 277735232 277669696
16 409574720 296492352
57 371932544 277659008
52 296556352 296490816
55 258914176 221198208
21 390753664 296480128
55 221272000 390682560
54 221130496 258846464
2 277735296 277669760
16 409574784 296492416
57 371932608 277659072
52 296556416 296490880
55 258914240 221198272
21 390753728 296480192
55 221272064 390682624
54 221130560 258846528
2 277735360 277669824
16 409574848 296492480
57 371932672 277659136
52 296556480 296490944
55 258914304 221198336
21 390753792 296480256
55 221272128 390682688
54 221130624 371863424
2 277735424 277669888
16 409574912 296492544
57 371932736 221199936
52 296556544 296491008
55 258914368 221198400
21 390753856 296480320
55 221272192 390682752
54 221130688 371863488
2 277735488 277669952
16 409574976 296492608
57 371932800 221200000
52 296556608 390699072
55 258914432 221198464
21 390753920 296480384
55 221272256 390682816
54 221130752 371863552
2 277735552 277670016
16 409575040 296492672
57 371932864 221200064
52 296556672 390699136
55 258914496 221198528
21 390753984 296480448
55 221272320 390682880
54 221130816 371863616
2 277735616 277670080
16 409575104 296492736
57 371932928 221200128
52 296556736 390699200
55 258914560 221198592
21 390754048 296480512
55 221272384 390682944
54 221130880 371863680
2 277735680 277670144
16 409575168 296492800
57 371932992 221200192
52 296556800 390699264
55 258914624 221198656
21 390754112 296480576
55 221272448 390683008
54 221130944 371863744
2 277735744 277670208
16 409575232 296492864
57 371933056 221200256
52 296556864 390699328
55 258914688 221198720
21 390754176 296480640
55 221272512 390683072
54 221131008 371863808
2 277735808 277670272
16 409575296 296492928
57 371933120 221200320
52 296556928 390699392
71 221272576 390683136
1 258914752 221198784
10 371933184 221200384
1 221131072 258847040
2 277735872 390687168
5 390754240 296480704
10 409575360 296492992
30 296556992 390699456
55 258914816 221198848
21 390754304 296480768
55 221272640 390683200
54 221131136 258847104
2 277735936 390687232
16 409575424 296493056
57 371933248 221200448
52 296557056 390699520
55 258914880 221198912
21 390754368 296480832
55 221272704 390683264
54 221131200 258847168
2 277736000 390687296
16 409575488 296493120
57 371933312 221200512
52 296557120 390699584
55 258914944 221198976
21 390754432 296480896
55 221272768 390683328
54 221131264 258847232
2 277736064 390687360
16 409575552 296493184
57 371933376 221200576
52 296557184 390699648
55 258915008 221199040
21 390754496 296480960
55 221272832 390683392
54 221131328 371864128
2 277736128 390687424
16 409575616 409510080
57 371933440 277659904
52 296557248 390699712
55 258915072 221199104
21 390754560 296481024
55 221272896 390683456
54 221131392 371864192
2 277736192 390687488
16 409575680 409510144
57 371933504 277659968
52 296557312 390699776
55 258915136 221199168
21 390754624 296481088
55 221272960 390683520
54 221131456 371864256
2 277736256 390687552
16 409575744 409510208
57 371933568 277660032
52 296557376 390699840
55 258915200 221199232
21 390754688 296481152
55 221273024 390683584
54 221131520 371864320
2 277736320 390687616
16 409575808 409510272
57 371933632 277660096
52 296557440 390699904
55 258915264 221199296
21 390754752 296481216
55 221273088 390683648
54 221131584 371864384
2 277736384 390687680
16 409575872 409510336
57 371933696 277660160
52 296557504 390699968
55 258915328 221199360
21 390754816 296481280
55 221273152 390683712
54 221131648 371864448
2 277736448 390687744
16 409575936 409510400
57 371933760 277660224
52 296557568 390700032
55 258915392 221199424
21 390754880 296481344
55 221273216 390683776
54 221131712 371864512
2 277736512 390687808
16 409576000 409510464
57 371933824 277660288
52 296557632 390700096
55 258915456 221199488
21 390754944 296481408
55 221273280 390683840
54 221131776 369472512
2 277736576 390687872
16 409576064 409510528
57 371933888 277660352
52 296557696 390700160
55 258915520 221199552
21 390755008 296481472
55 221273344 390683904
54 221131840 258847808
2 277736640 390687936
16 409576128 409510592
57 371933952 277660416
52 296557760 390700224
55 258915584 221199616
21 390755072 296481536
55 221273408 390683968
54 221131904 258847872
2 277736704 390688000
16 409576192 409510656
57 371934016 277660480
52 296557824 390700288
55 258915648 221199680
21 390755136 296481600
55 221273472 390684032
54 221131968 258847936
2 277736768 390688064
16 409576256 409510720
57 371934080 277660544
52 296557888 390700352
55 258915712 221199744
21 390755200 296481664
55 221273536 390684096
54 221132032 258848000
2 277736832 390688128
16 409576320 409510784
57 371934144 277660608
52 296557952 390700416
55 258915776 221199808
21 390755264 296481728
55 221273600 390684160
54 221132096 258848064
2 277736896 390688192
16 409576384 409510848
62 221273664 277667392
1 258915840 221199872
10 371934208 277660672
10 390755328 296481792
1 296558016 390700480
28 221132160 371864960
2 277736960 390688256
16 409576448 409510912
57 371934272 221201472
52 296558080 390700544
55 258915904 371867200
21 390755392 296481856
55 221273728 277667456
54 221132224 371865024
2 277737024 390688320
16 409576512 409510976
57 371934336 221201536
52 296558144 390700608
55 258915968 371867264
21 390755456 296481920
55 221273792 277667520
54 221132288 371865088
2 277737088 390688384
16 409576576 409511040
57 371934400 221201600
52 296558208 390700672
55 258916032 371867328
21 390755520 296481984
55 221273856 277667584
54 221132352 371865152
2 277737152 390688448
16 409576640 409511104
57 371934464 221201664
52 296558272 390700736
55 258916096 371867392
21 390755584 296482048
55 221273920 277667648
54 221132416 371865216
2 277737216 390688512
16 409576704 409511168
57 371934528 221201728
52 296558336 390700800
55 258916160 371867456
21 390755648 296482112
55 221273984 277667712
54 221132480 371865280
2 277737280 390688576
16 409576768 409511232
57 371934592 221201792
52 296558400 390700864
55 258916224 371867520
21 390755712 296482176
55 221274048 277667776
54 221132544 371865344
2 277737344 390688640
16 409576832 409511296
57 371934656 221201856
52 296558464 390700928
55 258916288 371867584
21 390755776 296482240
55 221274112 277667840
54 221132608 371865408
2 277737408 390688704
16 409576896 409511360
57 371934720 221201920
52 296558528 390700992
55 258916352 371867648
21 390755840 296482304
55 221274176 277667904
54 221132672 371865472
2 277737472 390688768
16 409576960 409511424
57 371934784 221201984
52 296558592 390701056
55 258916416 371867712
21 390755904 296482368
55 221274240 277667968
54 221132736 371865536
2 277737536 390688832
16 409577024 409511488
57 371934848 221202048
52 296558656 390701120
55 258916480 371867776
21 390755968 296482432
55 221274304 277668032
54 221132800 371865600
2 277737600 390688896
16 409577088 409511552
57 371934912 221202112
52 296558720 390701184
55 258916544 371867840
21 390756032 296482496
55 221274368 277668096
54 221132864 371865664
2 277737664 390688960
16 409577152 409511616
57 371934976 221202176
52 296558784 296493248
55 258916608 221200640
21 390756096 296482560
55 221274432 277668160
54 221132928 371865728
2 277737728 390689024
16 409577216 409511680
57 371935040 221202240
52 296558848 296493312
55 258916672 221200704
21 390756160 296482624
55 221274496 277668224
54 221132992 371865792
2 277737792 390689088
16 409577280 409511744
57 371935104 221202304
52 296558912 296493376
55 258916736 221200768
21 390756224 296482688
55 221274560 277668288
54 221133056 371865856
2 277737856 390689152
16 409577344 409511808
57 371935168 221202368
52 296558976 296493440
55 258916800 221200832
21 390756288 296482752
55 221274624 277668352
54 221133120 371865920
2 277737920 390689216
16 409577408 409511872
57 371935232 221202432
52 296559040 296493504
55 258916864 221200896
21 390756352 296482816
73 221274688 277668416
12 371935296 221202496
1 221133184 371865984
2 277737984 390689280
7 296559104 296493568
8 409577472 409511936
6 258916928 221200960
21 390756416 296482880
55 221274752 277668480
54 221133248 371866048
2 277738048 390689344
16 409577536 409512000
57 371935360 221202560
52 296559168 296493632
55 258916992 221201024
21 390756480 296482944
55 221274816 277668544
54 221133312 371866112
2 277738112 390689408
16 409577600 409512064
57 371935424 221202624
52 296559232 296493696
55 258917056 221201088
21 390756544 296483008
55 221274880 277668608
54 221133376 371866176
2 277738176 390689472
16 409577664 409512128
57 371935488 221202688
52 296559296 296493760
55 258917120 221201152
21 390756608 296483072
55 221274944 277668672
54 221133440 371866240
2 277738240 390689536
16 409577728 409512192
57 371935552 221202752
52 296559360 296493824
55 258917184 221201216
21 390756672 296483136
55 221275008 277668736
54 221133504 371866304
2 277738304 390689600
16 409577792 409512256
57 371935616 221202816
52 296559424 296493888
55 258917248 221201280
21 390756736 409500032
55 221275072 277668800
54 221133568 371866368
2 277738368 390689664
16 409577856 221063552
57 371935680 277662144
52 296559488 296493952
55 258917312 221201344
21 390756800 409500096
55 221275136 277668864
54 221133632 371866432
2 277738432 390689728
16 409577920 221063616
57 371935744 277662208
52 296559552 296494016
55 258917376 221201408
21 390756864 409500160
55 221275200 277668928
54 221133696 371866496
2 277738496 390689792
16 409577984 221063680
57 371935808 277662272
52 296559616 296494080
55 258917440 371868736
21 390756928 409500224
55 221275264 221209728
54 221133760 371866560
2 277738560 390689856
16 409578048 221063744
57 371935872 277662336
52 296559680 296494144
55 258917504 371868800
21 390756992 296483456
55 221275328 221209792
54 221133824 371866624
2 277738624 390689920
16 409578112 221063808
57 371935936 277662400
52 296559744 296494208
55 258917568 371868864
21 390757056 296483520
55 221275392 371877120
54 221133888 371866688
2 277738688 390689984
16 409578176 221063872
57 371936000 277662464
52 296559808 296494272
55 258917632 371868928
21 390757120 296483584
55 221275456 371877184
54 221133952 371866752
2 277738752 390690048
16 409578240 221063936
57 371936064 277662528
52 296559872 296494336
55 258917696 371868992
21 390757184 296483648
55 221275520 221209984
54 221134016 371866816
2 277738816 390690112
16 409578304 221064000
57 371936128 277662592
52 296559936 296494400
55 258917760 371869056
21 390757248 296483712
55 221275584 221210048
54 221134080 371866880
2 277738880 390690176
16 409578368 221064064
57 371936192 277662656
52 296560000 296494464
55 258917824 371869120
21 390757312 296483776
55 221275648 221210112
54 221134144 371866944
2 277738944 390690240
16 409578432 221064128
57 371936256 277662720
52 296560064 296494528
55 258917888 371869184
21 390757376 296483840
55 221275712 221210176
54 221134208 371867008
2 277739008 390690304
16 409578496 221064192
57 371936320 277662784
52 296560128 296494592
31 221275776 221210240
1 258917952 371869248
12 221134272 371867072
2 277739072 390690368
5 390757440 296483904
10 409578560 221064256
17 371936384 277662848
52 296560192 296494656
55 258918016 371869312
21 390757504 296483968
55 221275840 221210304
54 221134336 371867136
2 277739136 390690432
16 409578624 221064320
57 371936448 277662912
52 296560256 296494720
55 258918080 371869376
21 390757568 296484032
55 221275904 221210368
54 221134400 258850368
2 277739200 390690496
16 409578688 221064384
57 371936512 277662976
52 296560320 296494784
55 258918144 371869440
21 390757632 296484096
55 221275968 221210432
54 221134464 258850432
2 277739264 390690560
16 409578752 221064448
57 371936576 277663040
52 296560384 296494848
55 258918208 371869504
21 390757696 296484160
55 221276032 221210496
54 221134528 258850496
2 277739328 390690624
16 409578816 221064512
57 371936640 277663104
52 296560448 296494912
55 258918272 371869568
21 390757760 296484224
55 221276096 221210560
54 221134592 258850560
2 277739392 390690688
16 409578880 221064576
57 371936704 277663168
52 296560512 296494976
55 258918336 371869632
21 390757824 296484288
55 221276160 221210624
54 221134656 258850624
2 277739456 390690752
16 409578944 221064640
57 371936768 277663232
52 296560576 296495040
55 258918400 371869696
21 390757888 296484352
55 221276224 221210688
54 221134720 258850688
2 277739520 390690816
16 409579008 221064704
57 371936832 277663296
52 296560640 296495104
55 258918464 371869760
21 390757952 296484416
55 221276288 221210752
54 221134784 258850752
2 277739584 390690880
16 409579072 221064768
57 371936896 277663360
52 296560704 296495168
55 258918528 371869824
21 390758016 296484480
55 221276352 221210816
54 221134848 258850816
2 277739648 390690944
16 409579136 221064832
57 371936960 277663424
52 296560768 296495232
55 258918592 371869888
21 390758080 296484544
55 221276416 221210880
54 221134912 258850880
2 277739712 390691008
16 409579200 221064896
57 371937024 277663488
52 296560832 296495296
55 258918656 371869952
21 390758144 296484608
55 221276480 221210944
54 221134976 258850944
2 277739776 390691072
16 409579264 221064960
57 371937088 277663552
52 296560896 296495360
55 258918720 371870016
21 390758208 296484672
55 221276544 221211008
54 221135040 258851008
2 277739840 390691136
16 409579328 221065024
57 371937152 277663616
52 296560960 296495424
55 258918784 371870080
21 390758272 296484736
55 221276608 277670336
54 221135104 371867904
2 277739904 296483200
16 409579392 258846592
57 371937216 390680512
52 296561024 409512320
55 258918848 221202880
21 390758336 409501632
55 221276672 277670400
54 221135168 371867968
2 277739968 296483264
16 409579456 258846656
57 371937280 390680576
52 296561088 409512384
55 258918912 221202944
21 390758400 409501696
55 221276736 277670464
54 221135232 371868032
2 277740032 296483328
16 409579520 258846720
57 371937344 390680640
52 296561152 409512448
55 258918976 221203008
21 390758464 409501760
55 221276800 277670528
54 221135296 371868096
2 277740096 296483392
16 409579584 258846784
24 258919040 221203072
10 371937408 390680704
10 390758528 409501824
1 296561216 409512512
13 221276864 277670592
54 221135360 371868160
2 277740160 390691456
16 409579648 258846848
57 371937472 390680768
52 296561280 409512576
55 258919104 221203136
21 390758592 409501888
55 221276928 277670656
54 221135424 371868224
2 277740224 390691520
16 409579712 258846912
57 371937536 390680832
52 296561344 409512640
55 258919168 221203200
21 390758656 409501952
55 221276992 277670720
54 221135488 371868288
2 277740288 390691584
16 409579776 258846976
57 371937600 390680896
52 296561408 409512704
55 258919232 221203264
21 390758720 409502016
55 221277056 277670784
54 221135552 371868352
2 277740352 390691648
16 409579840 221065536
57 371937664 390680960
52 296561472 409512768
55 258919296 221203328
21 390758784 409502080
55 221277120 277670848
54 221135616 371868416
2 277740416 390691712
16 409579904 221065600
57 371937728 390681024
52 296561536 409512832
55 258919360 221203392
21 390758848 409502144
55 221277184 277670912
54 221135680 371868480
2 277740480 390691776
16 409579968 221065664
57 371937792 390681088
52 296561600 409512896
55 258919424 221203456
21 390758912 409502208
55 221277248 277670976
54 221135744 371868544
2 277740544 390691840
16 409580032 221065728
57 371937856 390681152
52 296561664 409512960
55 258919488 221203520
21 390758976 409502272
55 221277312 277671040
54 221135808 371868608
2 277740608 390691904
16 409580096 258847296
57 371937920 390681216
52 296561728 409513024
55 258919552 221203584
21 390759040 409502336
55 221277376 277671104
54 221135872 371868672
2 277740672 390691968
16 409580160 258847360
57 371937984 390681280
52 296561792 409513088
55 258919616 221203648
21 390759104 409502400
55 221277440 277671168
54 221135936 258851904
2 277740736 390692032
16 409580224 258847424
57 371938048 390681344
52 296561856 409513152
55 258919680 221203712
21 390759168 409502464
55 221277504 277671232
54 221136000 258851968
2 277740800 390692096
16 409580288 258847488
57 371938112 390681408
52 296561920 409513216
55 258919744 221203776
21 390759232 409502528
55 221277568 277671296
54 221136064 258852032
2 277740864 390692160
16 409580352 258847552
57 371938176 390681472
52 296561984 409513280
55 258919808 221203840
21 390759296 409502592
55 221277632 277671360
54 221136128 258852096
2 277740928 390692224
16 409580416 258847616
57 371938240 390681536
52 296562048 409513344
55 258919872 221203904
21 390759360 409502656
55 221277696 277671424
54 221136192 258852160
2 277740992 390692288
16 409580480 258847680
57 371938304 390681600
52 296562112 409513408
55 258919936 221203968
21 390759424 409502720
55 221277760 277671488
54 221136256 258852224
2 277741056 390692352
16 409580544 258847744
57 371938368 390681664
52 296562176 409513472
55 258920000 221204032
21 390759488 409502784
55 221277824 277671552
54 221136320 258852288
2 277741120 390692416
16 409580608 221066304
57 371938432 390681728
52 296562240 409513536
55 258920064 221204096
21 390759552 409502848
33 221277888 277671616
12 371938496 390681792
1 221136384 258852352
2 277741184 390692480
7 296562304 409513600
8 409580672 221066368
46 258920128 221204160
21 390759616 409502912
55 221277952 277671680
54 221136448 258852416
2 277741248 390692544
16 409580736 221066432
57 371938560 390681856
52 296562368 409513664
55 258920192 221204224
21 390759680 409502976
55 221278016 277671744
54 221136512 258852480
2 277741312 390692608
16 409580800 221066496
57 371938624 390681920
52 296562432 409513728
55 258920256 221204288
21 390759744 409503040
55 221278080 277671808
54 221136576 258852544
2 277741376 390692672
16 409580864 221066560
57 371938688 390681984
52 296562496 409513792
55 258920320 221204352
21 390759808 409503104
55 221278144 277671872
54 221136640 258852608
2 277741440 390692736
16 409580928 258848128
57 371938752 277665216
52 296562560 221065088
55 258920384 277663680
21 390759872 409503168
55 221278208 277671936
54 221136704 258852672
2 277741504 296484800
16 409580992 258848192
57 371938816 277665280
52 296562624 221065152
55 258920448 277663744
21 390759936 409503232
55 221278272 277672000
54 221136768 258852736
2 277741568 296484864
16 409581056 258848256
57 371938880 277665344
52 296562688 221065216
55 258920512 277663808
21 390760000 409503296
55 221278336 277672064
54 221136832 258852800
2 277741632 296484928
16 409581120 258848320
57 371938944 277665408
52 296562752 221065280
55 258920576 277663872
21 390760064 409503360
55 221278400 277672128
54 221136896 258852864
2 277741696 296484992
16 409581184 258848384
57 371939008 277665472
52 296562816 221065344
55 258920640 277663936
21 390760128 409503424
55 221278464 277672192
54 221136960 258852928
2 277741760 296485056
16 409581248 258848448
57 371939072 277665536
52 296562880 221065408
55 258920704 277664000
21 390760192 409503488
55 221278528 277672256
54 221137024 258852992
2 277741824 296485120
16 409581312 258848512
57 371939136 277665600
52 296562944 221065472
55 258920768 277664064
21 390760256 409503552
55 221278592 277672320
54 221137088 258853056
2 277741888 296485184
16 409581376 258848576
57 371939200 277665664
52 296563008 409514304
55 258920832 277664128
21 390760320 409503616
55 221278656 277672384
54 221137152 258853120
2 277741952 296485248
16 409581440 258848640
57 371939264 277665728
52 296563072 409514368
55 258920896 277664192
21 390760384 409503680
55 221278720 277672448
54 221137216 258853184
2 277742016 296485312
16 409581504 258848704
57 371939328 277665792
52 296563136 409514432
55 258920960 277664256
21 390760448 409503744
55 221278784 277672512
54 221137280 258853248
2 277742080 296485376
16 409581568 258848768
57 371939392 277665856
52 296563200 409514496
55 258921024 277664320
21 390760512 409503808
55 221278848 277672576
54 221137344 371870144
2 277742144 296485440
16 409581632 258848832
57 371939456 277665920
52 296563264 221065792
55 258921088 277664384
21 390760576 409503872
55 221278912 277672640
54 221137408 371870208
2 277742208 296485504
16 409581696 258848896
57 371939520 277665984
35 369472064 409514560
8 221278976 277672704
1 258921152 277664448
12 221137472 371870272
2 277742272 296485568
5 390760640 409503936
1 296563328 221065856
8 409581760 258848960
57 371939584 277666048
52 296563392 221065920
55 258921216 277664512
21 390760704 409504000
55 221279040 277672768
54 221137536 371870336
2 277742336 296485632
16 409581824 258849024
57 371939648 277666112
52 296563456 221065984
55 258921280 277664576
21 390760768 409504064
55 221279104 277672832
54 221137600 371870400
2 277742400 296485696
16 409581888 258849088
57 371939712 277666176
52 296563520 221066048
55 258921344 277664640
21 390760832 409504128
55 221279168 277672896
54 221137664 371870464
2 277742464 296485760
16 409581952 258849152
57 371939776 277666240
52 296563584 221066112
55 258921408 277664704
21 390760896 409504192
55 221279232 277672960
54 221137728 371870528
2 277742528 296485824
16 409582016 258849216
57 371939840 277666304
52 296563648 221066176
55 258921472 277664768
21 390760960 409504256
55 221279296 277673024
54 221137792 371870592
2 277742592 296485888
16 409582080 258849280
57 371939904 277666368
52 296563712 221066240
55 258921536 277664832
21 390761024 409504320
55 221279360 277673088
54 221137856 371870656
2 277742656 296485952
16 409582144 258849344
57 371939968 277666432
52 296563776 409515072
55 258921600 277664896
21 390761088 409504384
55 221279424 277673152
54 221137920 371870720
2 277742720 296486016
16 409582208 258849408
57 371940032 277666496
52 296563840 409515136
55 258921664 277664960
21 390761152 409504448
55 221279488 277673216
54 221137984 371870784
2 277742784 296486080
16 409582272 258849472
57 371940096 277666560
52 296563904 409515200
55 258921728 277665024
21 390761216 409504512
55 221279552 277673280
54 221138048 371870848
2 277742848 296486144
16 409582336 258849536
57 371940160 277666624
52 296563968 409515264
55 258921792 277665088
21 390761280 409504576
55 221279616 277673344
54 221138112 371870912
2 277742912 296486208
16 409582400 258849600
57 371940224 277666688
52 296564032 409515328
55 258921856 277665152
21 390761344 409504640
55 221279680 277673408
54 221138176 371870976
2 277742976 296486272
16 409582464 258849664
57 371940288 277666752
52 296564096 221066624
55 258921920 221205952
21 390761408 409504704
55 221279744 277673472
54 221138240 371871040
2 277743040 296486336
16 409582528 258849728
57 371940352 277666816
52 296564160 221066688
55 258921984 221206016
21 390761472 409504768
55 221279808 277673536
54 221138304 371871104
2 277743104 296486400
16 409582592 258849792
57 371940416 277666880
52 296564224 221066752
55 258922048 221206080
21 390761536 409504832
55 221279872 277673600
54 221138368 371871168
2 277743168 296486464
16 409582656 258849856
57 371940480 277666944
52 296564288 221066816
55 258922112 221206144
21 390761600 409504896
55 221279936 277673664
54 221138432 371871232
2 277743232 296486528
16 409582720 258849920
57 371940544 277667008
52 296564352 221066880
55 258922176 221206208
21 390761664 409504960
55 221280000 277673728
59 258922240 221206272
10 371940608 277667072
1 221138496 371871296
2 277743296 296486592
5 390761728 409505024
1 296564416 221066944
8 409582784 258849984
44 221280064 277673792
54 221138560 371871360
2 277743360 296486656
16 409582848 258850048
57 371940672 277667136
52 296564480 221067008
55 258922304 221206336
21 390761792 409505088
55 221280128 277673856
54 221138624 371871424
2 277743424 296486720
16 409582912 258850112
57 371940736 277667200
52 296564544 221067072
55 258922368 221206400
21 390761856 409505152
55 221280192 277673920
54 221138688 371871488
2 277743488 296486784
16 409582976 258850176
57 371940800 277667264
52 296564608 221067136
55 258922432 221206464
21 390761920 409505216
55 221280256 277673984
54 221138752 371871552
2 277743552 296486848
16 409583040 258850240
57 371940864 277667328
52 296564672 221067200
55 258922496 221206528
21 390761984 409505280
55 221280320 277674048
54 221138816 371871616
2 277743616 296486912
16 409583104 258850304
57 371940928 221208128
52 296564736 221067264
55 258922560 221206592
21 390762048 296488512
55 221280384 277674112
54 221138880 221204416
2 277743680 296486976
16 409583168 221068864
57 371940992 221208192
52 296564800 221067328
55 258922624 221206656
21 390762112 296488576
55 221280448 277674176
54 221138944 221204480
2 277743744 296487040
16 409583232 221068928
57 371941056 221208256
52 296564864 221067392
55 258922688 221206720
21 390762176 296488640
55 221280512 277674240
54 221139008 221204544
2 277743808 296487104
16 409583296 221068992
57 371941120 221208320
52 296564928 221067456
55 258922752 221206784
21 390762240 296488704
55 221280576 277674304
54 221139072 221204608
2 277743872 296487168
16 409583360 221069056
57 371941184 221208384
52 296564992 221067520
55 258922816 221206848
21 390762304 296488768
55 221280640 390691200
54 221139136 221204672
2 277743936 296487232
16 409583424 221069120
57 371941248 221208448
52 296565056 221067584
55 258922880 221206912
21 390762368 296488832
55 221280704 390691264
54 221139200 221204736
2 277744000 296487296
16 409583488 221069184
57 371941312 221208512
52 296565120 221067648
55 258922944 221206976
21 390762432 296488896
55 221280768 390691328
54 221139264 221204800
2 277744064 296487360
16 409583552 221069248
57 371941376 221208576
52 296565184 221067712
55 258923008 221207040
21 390762496 296488960
55 221280832 390691392
54 221139328 221204864
2 277744128 296487424
16 409583616 221069312
57 371941440 221208640
52 296565248 221067776
55 258923072 221207104
21 390762560 296489024
55 221280896 277674624
54 221139392 221204928
2 277744192 296487488
16 409583680 221069376
57 371941504 221208704
52 296565312 221067840
55 258923136 221207168
21 390762624 296489088
55 221280960 277674688
54 221139456 221204992
2 277744256 296487552
16 409583744 221069440
57 371941568 221208768
52 296565376 221067904
55 258923200 221207232
21 390762688 296489152
55 221281024 277674752
54 221139520 221205056
2 277744320 296487616
16 409583808 221069504
57 371941632 221208832
52 296565440 221067968
71 221281088 277674816
1 258923264 221207296
10 371941696 221208896
1 221139584 221205120
2 277744384 296487680
5 390762752 296489216
10 409583872 258851072
30 296565504 221068032
55 258923328 221207360
21 390762816 296489280
55 221281152 277674880
54 221139648 221205184
2 277744448 296487744
16 409583936 258851136
57 371941760 221208960
52 296565568 221068096
55 258923392 221207424
21 390762880 296489344
55 221281216 277674944
54 221139712 221205248
2 277744512 296487808
16 409584000 258851200
57 371941824 221209024
52 296565632 221068160
55 258923456 221207488
21 390762944 296489408
55 221281280 277675008
54 221139776 221205312
2 277744576 296487872
16 409584064 258851264
57 371941888 221209088
52 296565696 221068224
55 258923520 221207552
21 390763008 296489472
55 221281344 277675072
54 221139840 221205376
2 277744640 296487936
16 409584128 258851328
57 371941952 221209152
52 296565760 221068288
55 258923584 221207616
21 390763072 296489536
55 221281408 277675136
54 221139904 221205440
2 277744704 296488000
16 409584192 258851392
57 371942016 221209216
52 296565824 221068352
55 258923648 221207680
21 390763136 296489600
55 221281472 277675200
54 221139968 221205504
2 277744768 296488064
16 409584256 258851456
57 371942080 221209280
52 296565888 221068416
55 258923712 221207744
21 390763200 296489664
55 221281536 277675264
54 221140032 221205568
2 277744832 296488128
16 409584320 258851520
57 371942144 221209344
52 296565952 221068480
55 258923776 221207808
21 390763264 296489728
55 221281600 277675328
54 221140096 221205632
2 277744896 296488192
16 409584384 258851584
57 371942208 221209408
52 296566016 221068544
55 258923840 221207872
21 390763328 296489792
55 221281664 277675392
54 221140160 221205696
2 277744960 296488256
16 409584448 258851648
57 371942272 221209472
52 296566080 221068608
55 258923904 221207936
21 390763392 296489856
55 221281728 277675456
54 221140224 221205760
2 277745024 296488320
16 409584512 258851712
57 371942336 221209536
52 296566144 221068672
55 258923968 221208000
21 390763456 296489920
55 221281792 277675520
54 221140288 221205824
2 277745088 296488384
16 409584576 258851776
57 371942400 221209600
52 296566208 221068736
55 258924032 221208064
21 390763520 296489984
55 221281856 277675584
54 221140352 221205888
2 277745152 296488448
16 409584640 258851840
57 371942464 221209664
52 296566272 221068800
55 258924096 371875392
21 390763584 390698048
55 221281920 277675648
54 221140416 371873216
2 277745216 390696512
16 409584704 221070400
57 371942528 371876992
52 296566336 409517632
55 258924160 371875456
21 390763648 390698112
55 221281984 277675712
54 221140480 371873280
2 277745280 390696576
16 409584768 221070464
57 371942592 371877056
52 296566400 409517696
55 258924224 371875520
21 390763712 390698176
55 221282048 277675776
54 221140544 371873344
2 277745344 390696640
16 409584832 221070528
57 371942656 258860288
52 296566464 409517760
55 258924288 371875584
21 390763776 390698240
55 221282112 277675840
54 221140608 371873408
2 277745408 390696704
16 409584896 221070592
62 221282176 277675904
1 258924352 371875648
10 371942720 258860352
10 390763840 390698304
1 296566528 409517824
28 221140672 371873472
2 277745472 390696768
16 409584960 221070656
57 371942784 371877248
52 296566592 409517888
55 258924416 371875712
21 390763904 390698368
55 221282240 390692800
54 221140736 371873536
2 277745536 390696832
16 409585024 221070720
57 371942848 371877312
52 296566656 409517952
55 258924480 371875776
21 390763968 390698432
55 221282304 390692864
54 221140800 371873600
2 277745600 390696896
16 409585088 221070784
57 371942912 371877376
52 296566720 409518016
55 258924544 371875840
21 390764032 390698496
55 221282368 390692928
54 221140864 371873664
2 277745664 390696960
16 409585152 221070848
57 371942976 371877440
52 296566784 409518080
55 258924608 371875904
21 390764096 390698560
55 221282432 390692992
54 221140928 371873728
2 277745728 390697024
16 409585216 221070912
57 371943040 371877504
52 296566848 409518144
55 258924672 371875968
21 390764160 390698624
55 221282496 390693056
54 221140992 371873792
2 277745792 390697088
16 409585280 221070976
57 371943104 371877568
52 296566912 409518208
55 258924736 371876032
21 390764224 390698688
55 221282560 390693120
54 221141056 371873856
2 277745856 390697152
16 409585344 221071040
57 371943168 371877632
52 296566976 409518272
55 258924800 371876096
21 390764288 390698752
55 221282624 390693184
54 221141120 371873920
2 277745920 390697216
16 409585408 221071104
57 371943232 371877696
52 296567040 221069568
55 258924864 371876160
21 390764352 390698816
55 221282688 390693248
54 221141184 371873984
2 277745984 390697280
16 409585472 221071168
57 371943296 371877760
52 296567104 221069632
55 258924928 371876224
21 390764416 390698880
55 221282752 390693312
54 221141248 371874048
2 277746048 390697344
16 409585536 221071232
57 371943360 371877824
52 296567168 221069696
55 258924992 371876288
21 390764480 390698944
55 221282816 390693376
54 221141312 371874112
2 277746112 390697408
16 409585600 221071296
57 371943424 371877888
52 296567232 221069760
55 258925056 371876352
21 390764544 390699008
55 221282880 390693440
54 221141376 371874176
2 277746176 390697472
16 409585664 221071360
57 371943488 371877952
52 296567296 221069824
55 258925120 371876416
21 390764608 277682240
55 221282944 390693504
54 221141440 371874240
2 277746240 390697536
16 409585728 221071424
57 371943552 371878016
52 296567360 221069888
55 258925184 371876480
21 390764672 277682304
55 221283008 390693568
54 221141504 371874304
2 277746304 390697600
16 409585792 221071488
57 371943616 371878080
52 296567424 221069952
55 258925248 371876544
21 390764736 277682368
55 221283072 390693632
54 221141568 371874368
2 277746368 390697664
16 409585856 221071552
57 371943680 371878144
52 296567488 221070016
55 258925312 371876608
21 390764800 277682432
55 221283136 390693696
54 221141632 371874432
2 277746432 390697728
16 409585920 221071616
57 371943744 371878208
52 296567552 221070080
55 258925376 371876672
21 390764864 277682496
73 221283200 390693760
12 371943808 371878272
1 221141696 371874496
2 277746496 390697792
7 296567616 221070144
8 409585984 221071680
6 258925440 371876736
21 390764928 277682560
55 221283264 390693824
54 221141760 371874560
2 277746560 390697856
16 409586048 221071744
57 371943872 221211072
52 296567680 221070208
55 258925504 371876800
21 390764992 277682624
55 221283328 390693888
54 221141824 371874624
2 277746624 390697920
16 409586112 258853312
57 371943936 221211136
52 296567744 221070272
55 258925568 371876864
21 390765056 277682688
55 221283392 390693952
54 221141888 371874688
2 277746688 390697984
16 409586176 258853376
57 371944000 221211200
52 296567808 221070336
55 258925632 371876928
21 390765120 277682752
55 221283456 390694016
54 221141952 371874752
2 277746752 277681216
16 409586240 258853440
57 371944064 221211264
52 296567872 409519168
55 258925696 258860160
21 390765184 277682816
55 221283520 390694080
54 221142016 371874816
2 277746816 277681280
16 409586304 258853504
57 371944128 221211328
52 296567936 409519232
55 258925760 258860224
21 390765248 277682880
55 221283584 390694144
54 221142080 371874880
2 277746880 277681344
16 409586368 258853568
57 371944192 221211392
52 296568000 409519296
55 258925824 221078784
21 390765312 277682944
55 221283648 390694208
54 221142144 371874944
2 277746944 277681408
16 409586432 258853632
57 371944256 221211456
52 296568064 409519360
55 258925888 221078848
21 390765376 277683008
55 221283712 390694272
54 221142208 371875008
2 277747008 277681472
16 409586496 258853696
57 371944320 221211520
52 296568128 409519424
55 258925952 258860416
21 390765440 277683072
55 221283776 390694336
54 221142272 371875072
2 277747072 277681536
16 409586560 258853760
57 371944384 221211584
52 296568192 409519488
55 258926016 258860480
21 390765504 277683136
55 221283840 390694400
54 221142336 371875136
2 277747136 277681600
16 409586624 258853824
57 371944448 221211648
52 296568256 409519552
55 258926080 258860544
21 390765568 277683200
55 221283904 390694464
54 221142400 371875200
2 277747200 277681664
16 409586688 258853888
57 371944512 221211712
52 296568320 409519616
55 258926144 258860608
21 390765632 277683264
55 221283968 390694528
54 221142464 371875264
2 277747264 277681728
16 409586752 258853952
57 371944576 221211776
52 296568384 409519680
55 258926208 258860672
21 390765696 277683328
55 221284032 390694592
54 221142528 371875328
2 277747328 277681792
16 409586816 258854016
57 371944640 221211840
52 296568448 409519744
55 258926272 258860736
21 390765760 277683392
55 221284096 390694656
54 221142592 258858560
2 277747392 277681856
16 409586880 258854080
57 371944704 221211904
52 296568512 409519808
55 258926336 258860800
21 390765824 277683456
55 221284160 390694720
54 221142656 258858624
2 277747456 277681920
16 409586944 258854144
57 371944768 221211968
52 296568576 409519872
55 258926400 258860864
21 390765888 277683520
55 221284224 390694784
54 221142720 258858688
2 277747520 277681984
16 409587008 258854208
57 371944832 221212032
52 296568640 409519936
31 221284288 390694848
1 258926464 258860928
12 221142784 258858752
2 277747584 277682048
5 390765952 277683584
10 409587072 258854272
17 371944896 221212096
52 296568704 409520000
55 258926528 258860992
21 390766016 277683648
55 221284352 390694912
54 221142848 258858816
2 277747648 277682112
16 409587136 258854336
57 371944960 221212160
52 296568768 409520064
55 258926592 258861056
21 390766080 277683712
55 221284416 390694976
54 221142912 258858880
2 277747712 277682176
16 409587200 258854400
57 371945024 221212224
52 296568832 409520128
55 258926656 258861120
21 390766144 277683776
55 221284480 390695040
54 221142976 258858944
2 277747776 221222976
16 409587264 258854464
57 371945088 221212288
52 296568896 409520192
55 258926720 258861184
21 390766208 277683840
55 221284544 390695104
54 221143040 258859008
2 277747840 221223040
16 409587328 258854528
57 371945152 221212352
52 296568960 409520256
55 258926784 258861248
21 390766272 277683904
55 221284608 390695168
54 221143104 258859072
2 277747904 221223104
16 409587392 258854592
57 371945216 221212416
52 296569024 409520320
55 258926848 258861312
21 390766336 277683968
55 221284672 390695232
54 221143168 258859136
2 277747968 221223168
16 409587456 258854656
57 371945280 221212480
52 296569088 409520384
55 258926912 258861376
21 390766400 277684032
55 221284736 390695296
54 221143232 258859200
2 277748032 221223232
16 409587520 258854720
57 371945344 221212544
52 296569152 409520448
55 258926976 258861440
21 390766464 277684096
55 221284800 390695360
54 221143296 258859264
2 277748096 221223296
16 409587584 258854784
57 371945408 221212608
52 296569216 409520512
55 258927040 371878336
21 390766528 277684160
55 221284864 390695424
54 221143360 258859328
2 277748160 221223360
16 409587648 371871680
57 371945472 221212672
52 296569280 221071808
55 258927104 371878400
21 390766592 277684224
55 221284928 390695488
54 221143424 258859392
2 277748224 221223424
16 409587712 371871744
57 371945536 221212736
52 296569344 221071872
55 258927168 371878464
21 390766656 277684288
55 221284992 390695552
54 221143488 258859456
2 277748288 221223488
16 409587776 371871808
57 371945600 221212800
52 296569408 221071936
55 258927232 371878528
21 390766720 277684352
55 221285056 390695616
54 221143552 258859520
2 277748352 221223552
16 409587840 371871872
57 371945664 221212864
52 296569472 221072000
55 258927296 371878592
21 390766784 390701248
55 221285120 390695680
54 221143616 258859584
2 277748416 221223616
16 409587904 371871936
57 371945728 221212928
52 296569536 221072064
55 258927360 371878656
21 390766848 390701312
55 221285184 390695744
54 221143680 258859648
2 277748480 221223680
16 409587968 371872000
57 371945792 221212992
52 296569600 221072128
55 258927424 371878720
21 390766912 390701376
55 221285248 390695808
54 221143744 258859712
2 277748544 221223744
16 409588032 371872064
57 371945856 221213056
52 296569664 221072192
55 258927488 371878784
21 390766976 390701440
55 221285312 390695872
54 221143808 258859776
2 277748608 221223808
16 409588096 371872128
24 258927552 371878848
10 371945920 221213120
10 390767040 390701504
1 296569728 221072256
13 221285376 390695936
54 221143872 258859840
2 277748672 221223872
16 409588160 371872192
57 371945984 221213184
52 296569792 221072320
55 258927616 371878912
21 390767104 390701568
55 221285440 390696000
54 221143936 258859904
2 277748736 221223936
16 409588224 371872256
57 371946048 221213248
52 296569856 221072384
55 258927680 371878976
21 390767168 390701632
55 221285504 390696064
54 221144000 258859968
2 277748800 221224000
16 409588288 371872320
57 371946112 221213312
52 296569920 221072448
55 258927744 371879040
21 390767232 390701696
55 221285568 390696128
54 221144064 258860032
2 277748864 221224064
16 409588352 371872384
57 371946176 221213376
52 296569984 221072512
55 258927808 371879104
21 390767296 390701760
55 221285632 390696192
54 221144128 258860096
2 277748928 221224128
16 409588416 371872448
57 371946240 221213440
52 296570048 221072576
55 258927872 371879168
21 390767360 390701824
55 221285696 390696256
54 221144192 221078656
2 277748992 221224192
16 409588480 371872512
57 371946304 221213504
52 296570112 221072640
55 258927936 371879232
21 390767424 390701888
55 221285760 390696320
54 221144256 221078720
2 277749056 221224256
16 409588544 371872576
57 371946368 221213568
52 296570176 221072704
55 258928000 371879296
21 390767488 390701952
55 221285824 390696384
54 221144320 409527552
2 277749120 221224320
16 409588608 371872640
57 371946432 221213632
52 296570240 221072768
55 258928064 371879360
21 390767552 390702016
55 221285888 390696448
54 221144384 409527616
2 277749184 221224384
16 409588672 371872704
57 371946496 221213696
52 296570304 221072832
55 258928128 371879424
21 390767616 390702080
55 221285952 277679680
54 221144448 221078912
2 277749248 221224448
16 409588736 371872768
57 371946560 221213760
52 296570368 221072896
55 258928192 371879488
21 390767680 390702144
55 221286016 277679744
54 221144512 221078976
2 277749312 221224512
16 409588800 371872832
57 371946624 221213824
52 296570432 221072960
55 258928256 371879552
21 390767744 390702208
55 221286080 277679808
54 221144576 221079040
2 277749376 221224576
16 409588864 371872896
57 371946688 221213888
52 296570496 221073024
55 258928320 371879616
21 390767808 390702272
55 221286144 277679872
54 221144640 221079104
2 277749440 221224640
16 409588928 371872960
57 371946752 221213952
52 296570560 221073088
55 258928384 371879680
21 390767872 390702336
55 221286208 277679936
54 221144704 221079168
2 277749504 221224704
16 409588992 371873024
57 371946816 221214016
52 296570624 221073152
55 258928448 371879744
21 390767936 390702400
55 221286272 277680000
54 221144768 221079232
2 277749568 221224768
16 409589056 371873088
57 371946880 221214080
52 296570688 221073216
55 258928512 371879808
21 390768000 390702464
55 221286336 277680064
54 221144832 221079296
2 277749632 221224832
16 409589120 371873152
57 371946944 221214144
52 296570752 221073280
55 258928576 371879872
21 390768064 390702528
33 221286400 277680128
12 371947008 221214208
1 221144896 221079360
2 277749696 221224896
7 296570816 258854848
8 409589184 258856384
46 258928640 371879936
21 390768128 390702592
55 221286464 277680192
54 221144960 221079424
2 277749760 221224960
16 409589248 258856448
57 371947072 221214272
52 296570880 258854912
55 258928704 371880000
21 390768192 390702656
55 221286528 277680256
54 221145024 221079488
2 277749824 221225024
16 409589312 258856512
57 371947136 221214336
52 296570944 258854976
55 258928768 371880064
21 390768256 390702720
55 221286592 277680320
54 221145088 221079552
2 277749888 221225088
16 409589376 258856576
57 371947200 221214400
52 296571008 258855040
55 258928832 371880128
21 390768320 390702784
55 221286656 277680384
54 221145152 221079616
2 277749952 277684416
16 409589440 258856640
57 371947264 221214464
52 296571072 258855104
55 258928896 371880192
21 390768384 390702848
55 221286720 277680448
54 221145216 221079680
2 277750016 277684480
16 409589504 258856704
57 371947328 221214528
52 296571136 258855168
55 258928960 371880256
21 390768448 390702912
55 221286784 277680512
54 221145280 221079744
2 277750080 277684544
16 409589568 258856768
57 371947392 221214592
52 296571200 258855232
55 258929024 371880320
21 390768512 390702976
55 221286848 277680576
54 221145344 221079808
2 277750144 277684608
16 409589632 258856832
57 371947456 221214656
52 296571264 258855296
55 258929088 371880384
21 390768576 390703040
55 221286912 277680640
54 221145408 221079872
2 277750208 277684672
16 409589696 258856896
57 371947520 221214720
52 296571328 258855360
55 258929152 371880448
21 390768640 390703104
55 221286976 277680704
54 221145472 221079936
2 277750272 277684736
16 409589760 258856960
57 371947584 221214784
52 296571392 258855424
55 258929216 371880512
21 390768704 390703168
55 221287040 277680768
54 221145536 258861504
2 277750336 277684800
16 409589824 258857024
57 371947648 221214848
52 296571456 258855488
55 258929280 371880576
21 390768768 390703232
55 221287104 277680832
54 221145600 258861568
2 277750400 277684864
16 409589888 258857088
57 371947712 221214912
52 296571520 258855552
55 258929344 371880640
21 390768832 390703296
55 221287168 277680896
54 221145664 258861632
2 277750464 277684928
16 409589952 258857152
57 371947776 221214976
52 296571584 258855616
55 258929408 371880704
21 390768896 390703360
55 221287232 277680960
54 221145728 258861696
2 277750528 277684992
16 409590016 258857216
57 371947840 221215040
52 296571648 258855680
55 258929472 371880768
21 390768960 390703424
55 221287296 277681024
54 221145792 258861760
2 277750592 277685056
16 409590080 258857280
57 371947904 277674368
52 296571712 258855744
55 258929536 371880832
21 390769024 296495488
55 221287360 277681088
54 221145856 258861824
2 277750656 277685120
16 409590144 258857344
57 371947968 277674432
52 296571776 258855808
55 258929600 371880896
21 390769088 296495552
55 221287424 277681152
54 221145920 258861888
2 277750720 277685184
16 409590208 258857408
57 371948032 277674496
35 369472128 409514624
8 221287488 221221952
1 258929664 371880960
12 221145984 258861952
2 277750784 277685248
5 390769152 296495616
1 296571840 258855872
8 409590272 258857472
57 371948096 277674560
52 296571904 258855936
55 258929728 371881024
21 390769216 296495680
55 221287552 221222016
54 221146048 258862016
2 277750848 277685312
16 409590336 258857536
57 371948160 221215360
52 296571968 258856000
55 258929792 371881088
21 390769280 296495744
55 221287616 221222080
54 221146112 258862080
2 277750912 277685376
16 409590400 258857600
57 371948224 221215424
52 296572032 258856064
55 258929856 371881152
21 390769344 296495808
55 221287680 221222144
54 221146176 258862144
2 277750976 277685440
16 409590464 258857664
57 371948288 221215488
52 296572096 258856128
55 258929920 371881216
21 390769408 296495872
55 221287744 221222208
54 221146240 258862208
2 277751040 277685504
16 409590528 258857728
57 371948352 221215552
52 296572160 258856192
55 258929984 371881280
21 390769472 296495936
55 221287808 221222272
54 221146304 258862272
2 277751104 277685568
16 409590592 258857792
57 371948416 221215616
52 296572224 258856256
55 258930048 371881344
21 390769536 296496000
55 221287872 221222336
54 221146368 258862336
2 277751168 277685632
16 409590656 258857856
57 371948480 221215680
52 296572288 258856320
55 258930112 371881408
21 390769600 296496064
55 221287936 221222400
54 221146432 258862400
2 277751232 277685696
16 409590720 258857920
57 371948544 221215744
52 296572352 221074880
55 258930176 371881472
21 390769664 296496128
55 221288000 221222464
54 221146496 258862464
2 277751296 277685760
16 409590784 258857984
57 371948608 221215808
52 296572416 221074944
55 258930240 371881536
21 390769728 296496192
55 221288064 221222528
54 221146560 258862528
2 277751360 277685824
16 409590848 258858048
57 371948672 221215872
52 296572480 221075008
55 258930304 371881600
21 390769792 296496256
55 221288128 221222592
54 221146624 258862592
2 277751424 277685888
16 409590912 258858112
57 371948736 221215936
52 296572544 221075072
55 258930368 371881664
21 390769856 296496320
55 221288192 221222656
54 221146688 258862656
2 277751488 277685952
16 409590976 258858176
57 371948800 221216000
52 296572608 221075136
55 258930432 371881728
21 390769920 296496384
55 221288256 221222720
54 221146752 258862720
2 277751552 277686016
16 409591040 258858240
57 371948864 221216064
52 296572672 221075200
55 258930496 371881792
21 390769984 296496448
55 221288320 221222784
54 221146816 258862784
2 277751616 277686080
16 409591104 258858304
57 371948928 221216128
52 296572736 221075264
55 258930560 371881856
21 390770048 296496512
55 221288384 221222848
54 221146880 258862848
2 277751680 277686144
16 409591168 258858368
57 371948992 221216192
52 296572800 221075328
55 258930624 371881920
21 390770112 296496576
55 221288448 221222912
54 221146944 258862912
2 277751744 277686208
16 409591232 258858432
57 371949056 221216256
52 296572864 221075392
55 258930688 371881984
21 390770176 296496640
55 221288512 371890240
59 258930752 371882048
10 371949120 221216320
1 221147008 258862976
2 277751808 277686272
5 390770240 296496704
1 296572928 221075456
8 409591296 258858496
44 221288576 371890304
54 221147072 258863040
2 277751872 277686336
16 409591360 221077056
57 371949184 221216384
52 296572992 221075520
55 258930816 371882112
21 390770304 296496768
55 221288640 371890368
54 221147136 258863104
2 277751936 277686400
16 409591424 221077120
57 371949248 221216448
52 296573056 221075584
55 258930880 371882176
21 390770368 296496832
55 221288704 371890432
54 221147200 258863168
2 277752000 277686464
16 409591488 221077184
57 371949312 221216512
52 296573120 221075648
55 258930944 371882240
21 390770432 296496896
55 221288768 371890496
54 221147264 258863232
2 277752064 277686528
16 409591552 221077248
57 371949376 221216576
52 296573184 221075712
55 258931008 371882304
21 390770496 296496960
55 221288832 371890560
54 221147328 258863296
2 277752128 277686592
16 409591616 221077312
57 371949440 221216640
52 296573248 221075776
55 258931072 221215104
21 390770560 409513856
55 221288896 371890624
54 221147392 258863360
2 277752192 390703488
16 409591680 221077376
57 371949504 277675968
52 296573312 221075840
55 258931136 221215168
21 390770624 409513920
55 221288960 371890688
54 221147456 258863424
2 277752256 390703552
16 409591744 221077440
57 371949568 277676032
52 296573376 221075904
55 258931200 221215232
21 390770688 409513984
55 221289024 371890752
54 221147520 258863488
2 277752320 390703616
16 409591808 221077504
57 371949632 277676096
52 296573440 221075968
55 258931264 221215296
21 390770752 409514048
55 221289088 371890816
54 221147584 258863552
2 277752384 390703680
16 409591872 221077568
57 371949696 277676160
52 296573504 221076032
55 258931328 371882624
21 390770816 409514112
55 221289152 371890880
54 221147648 258863616
2 277752448 390703744
16 409591936 221077632
57 371949760 277676224
52 296573568 221076096
55 258931392 371882688
21 390770880 409514176
55 221289216 371890944
54 221147712 258863680
2 277752512 390703808
16 409592000 221077696
57 371949824 277676288
52 296573632 221076160
55 258931456 371882752
21 390770944 409514240
55 221289280 371891008
54 221147776 258863744
2 277752576 390703872
16 409592064 221077760
57 371949888 277676352
52 296573696 221076224
55 258931520 371882816
21 390771008 296497472
55 221289344 371891072
54 221147840 258863808
2 277752640 390703936
16 409592128 221077824
57 371949952 277676416
52 296573760 221076288
55 258931584 371882880
21 390771072 296497536
55 221289408 371891136
54 221147904 258863872
2 277752704 390704000
16 409592192 221077888
57 371950016 277676480
52 296573824 221076352
55 258931648 371882944
21 390771136 296497600
55 221289472 371891200
54 221147968 258863936
2 277752768 390704064
16 409592256 221077952
57 371950080 277676544
52 296573888 221076416
55 258931712 371883008
21 390771200 296497664
55 221289536 371891264
54 221148032 258864000
2 277752832 390704128
16 409592320 221078016
57 371950144 277676608
52 296573952 221076480
71 221289600 371891328
1 258931776 371883072
10 371950208 277676672
1 221148096 258864064
2 277752896 390704192
5 390771264 296497728
10 409592384 221078080
30 296574016 221076544
55 258931840 371883136
21 390771328 296497792
55 221289664 371891392
54 221148160 258864128
2 277752960 390704256
16 409592448 221078144
57 371950272 277676736
52 296574080 221076608
55 258931904 371883200
21 390771392 409514688
55 221289728 371891456
54 221148224 258864192
2 277753024 390704320
16 409592512 221078208
57 371950336 277676800
52 296574144 221076672
55 258931968 371883264
21 390771456 409514752
55 221289792 371891520
54 221148288 258864256
2 277753088 390704384
16 409592576 221078272
57 371950400 277676864
52 296574208 221076736
55 258932032 371883328
21 390771520 409514816
55 221289856 371891584
54 221148352 258864320
2 277753152 390704448
16 409592640 221078336
57 371950464 277676928
52 296574272 221076800
55 258932096 371883392
21 390771584 409514880
55 221289920 371891648
54 221148416 258864384
2 277753216 390704512
16 409592704 221078400
57 371950528 277676992
52 296574336 221076864
55 258932160 371883456
21 390771648 409514944
55 221289984 371891712
54 221148480 258864448
2 277753280 390704576
16 409592768 221078464
57 371950592 277677056
52 296574400 221076928
55 258932224 371883520
21 390771712 409515008
55 221290048 371891776
54 221148544 258864512
2 277753344 390704640
16 409592832 221078528
57 371950656 277677120
52 296574464 221076992
55 258932288 371883584
21 390771776 369472576
55 221290112 371891840
54 221148608 258864576
2 277753408 390704704
16 409592896 221078592
57 371950720 277677184
52 296574528 409525824
55 258932352 371883648
21 390771840 296498304
55 221290176 371891904
54 221148672 258864640
2 277753472 390704768
16 409592960 409527424
57 371950784 277677248
52 296574592 409525888
55 258932416 371883712
21 390771904 296498368
55 221290240 371891968
54 221148736 258864704
2 277753536 390704832
16 409593024 409527488
57 371950848 277677312
52 296574656 409525952
55 258932480 371883776
21 390771968 296498432
55 221290304 371892032
54 221148800 258864768
2 277753600 390704896
16 409593088 296510720
57 371950912 277677376
52 296574720 409526016
55 258932544 371883840
21 390772032 296498496
55 221290368 371892096
54 221148864 258864832
2 277753664 390704960
16 409593152 296510784
57 371950976 277677440
52 296574784 409526080
55 258932608 371883904
21 390772096 409515392
55 221290432 371892160
54 221148928 258864896
2 277753728 296497024
16 409593216 409527680
57 371951040 277677504
52 296574848 409526144
55 258932672 221216704
21 390772160 409515456
55 221290496 371892224
54 221148992 258864960
2 277753792 296497088
16 409593280 409527744
57 371951104 277677568
52 296574912 409526208
55 258932736 221216768
21 390772224 409515520
55 221290560 371892288
54 221149056 258865024
2 277753856 296497152
16 409593344 409527808
57 371951168 277677632
52 296574976 409526272
55 258932800 221216832
21 390772288 409515584
55 221290624 371892352
54 221149120 258865088
2 277753920 296497216
16 409593408 409527872
62 221290688 221225152
1 258932864 221216896
10 371951232 277677696
10 390772352 409515648
1 296575040 409526336
28 221149184 258865152
2 277753984 296497280
16 409593472 409527936
57 371951296 277677760
52 296575104 409526400
55 258932928 221216960
21 390772416 409515712
55 221290752 221225216
54 221149248 258865216
2 277754048 296497344
16 409593536 409528000
57 371951360 277677824
52 296575168 409526464
55 258932992 221217024
21 390772480 409515776
55 221290816 221225280
54 221149312 258865280
2 277754112 296497408
16 409593600 409528064
57 371951424 277677888
52 296575232 409526528
55 258933056 221217088
21 390772544 409515840
55 221290880 221225344
54 221149376 258865344
2 277754176 390705472
16 409593664 409528128
57 371951488 277677952
52 296575296 409526592
55 258933120 221217152
21 390772608 409515904
55 221290944 221225408
54 221149440 258865408
2 277754240 390705536
16 409593728 409528192
57 371951552 277678016
52 296575360 409526656
55 258933184 221217216
21 390772672 409515968
55 221291008 221225472
54 221149504 258865472
2 277754304 390705600
16 409593792 409528256
57 371951616 277678080
52 296575424 409526720
55 258933248 221217280
21 390772736 409516032
55 221291072 221225536
54 221149568 371882368
2 277754368 390705664
16 409593856 409528320
57 371951680 277678144
52 296575488 409526784
55 258933312 221217344
21 390772800 409516096
55 221291136 221225600
54 221149632 371882432
2 277754432 390705728
16 409593920 409528384
57 371951744 277678208
52 296575552 409526848
55 258933376 221217408
21 390772864 409516160
55 221291200 221225664
54 221149696 371882496
2 277754496 390705792
16 409593984 409528448
57 371951808 277678272
52 296575616 409526912
55 258933440 221217472
21 390772928 409516224
55 221291264 221225728
54 221149760 371882560
2 277754560 296497856
16 409594048 409528512
57 371951872 277678336
52 296575680 409526976
55 258933504 221217536
21 390772992 409516288
55 221291328 221225792
54 221149824 258865792
2 277754624 296497920
16 409594112 409528576
57 371951936 277678400
52 296575744 409527040
55 258933568 221217600
21 390773056 409516352
55 221291392 221225856
54 221149888 258865856
2 277754688 296497984
16 409594176 409528640
57 371952000 277678464
52 296575808 409527104
55 258933632 221217664
21 390773120 409516416
55 221291456 221225920
54 221149952 258865920
2 277754752 296498048
16 409594240 409528704
57 371952064 277678528
52 296575872 409527168
55 258933696 221217728
21 390773184 409516480
55 221291520 221225984
54 221150016 258865984
2 277754816 296498112
16 409594304 221080000
57 371952128 277678592
52 296575936 409527232
55 258933760 221217792
21 390773248 409516544
55 221291584 221226048
54 221150080 258866048
2 277754880 296498176
16 409594368 221080064
57 371952192 277678656
52 296576000 409527296
55 258933824 221217856
21 390773312 409516608
55 221291648 221226112
54 221150144 258866112
2 277754944 296498240
16 409594432 221080128
57 371952256 277678720
52 296576064 409527360
55 258933888 221217920
21 390773376 409516672
73 221291712 221226176
12 371952320 277678784
1 221150208 258866176
2 277755008 369472640
7 296576128 296510592
8 409594496 221080192
6 258933952 221217984
21 390773440 409516736
55 221291776 221226240
54 221150272 258866240
2 277755072 390706368
16 409594560 221080256
57 371952384 277678848
52 296576192 296510656
55 258934016 221218048
21 390773504 409516800
55 221291840 221226304
54 221150336 258866304
2 277755136 390706432
16 409594624 221080320
57 371952448 277678912
52 296576256 390718720
55 258934080 221218112
21 390773568 409516864
55 221291904 221226368
54 221150400 258866368
2 277755200 390706496
16 409594688 221080384
57 371952512 277678976
52 296576320 390718784
55 258934144 221218176
21 390773632 409516928
55 221291968 221226432
54 221150464 258866432
2 277755264 296498560
16 409594752 221080448
57 371952576 277679040
52 296576384 296510848
55 258934208 221218240
21 390773696 409516992
55 221292032 221226496
54 221150528 258866496
2 277755328 296498624
16 409594816 221080512
57 371952640 277679104
52 296576448 296510912
55 258934272 221218304
21 390773760 409517056
55 221292096 221226560
54 221150592 258866560
2 277755392 296498688
16 409594880 221080576
57 371952704 277679168
52 296576512 296510976
55 258934336 221218368
21 390773824 409517120
55 221292160 221226624
54 221150656 258866624
2 277755456 296498752
16 409594944 221080640
57 371952768 277679232
52 296576576 296511040
55 258934400 221218432
21 390773888 409517184
55 221292224 221226688
54 221150720 258866688
2 277755520 296498816
16 409595008 221080704
57 371952832 277679296
52 296576640 296511104
55 258934464 221218496
21 390773952 409517248
55 221292288 221226752
54 221150784 258866752
2 277755584 296498880
16 409595072 221080768
57 371952896 277679360
52 296576704 296511168
55 258934528 221218560
21 390774016 409517312
55 221292352 221226816
54 221150848 258866816
2 277755648 296498944
16 409595136 221080832
57 371952960 277679424
52 296576768 296511232
55 258934592 221218624
21 390774080 409517376
55 221292416 221226880
54 221150912 258866880
2 277755712 296499008
16 409595200 221080896
57 371953024 277679488
52 296576832 296511296
55 258934656 221218688
21 390774144 409517440
55 221292480 221226944
54 221150976 258866944
2 277755776 296499072
16 409595264 221080960
57 371953088 277679552
52 296576896 296511360
55 258934720 221218752
21 390774208 409517504
55 221292544 221227008
54 221151040 258867008
2 277755840 296499136
16 409595328 221081024
57 371953152 277679616
52 296576960 296511424
55 258934784 221218816
21 390774272 409517568
55 221292608 221227072
54 221151104 258867072
2 277755904 296499200
16 409595392 221081088
57 371953216 221220416
52 296577024 296511488
55 258934848 221218880
21 390774336 296500800
55 221292672 221227136
54 221151168 371883968
2 277755968 296499264
16 409595456 221081152
57 371953280 221220480
52 296577088 296511552
55 258934912 221218944
21 390774400 296500864
55 221292736 221227200
54 221151232 371884032
2 277756032 296499328
16 409595520 221081216
57 371953344 221220544
52 296577152 296511616
31 221292800 221227264
1 258934976 221219008
12 221151296 371884096
2 277756096 296499392
5 390774464 296500928
10 409595584 221081280
17 371953408 221220608
52 296577216 296511680
55 258935040 221219072
21 390774528 296500992
55 221292864 221227328
54 221151360 371884160
2 277756160 296499456
16 409595648 221081344
57 371953472 221220672
52 296577280 296511744
55 258935104 221219136
21 390774592 296501056
55 221292928 277686656
54 221151424 371884224
2 277756224 296499520
16 409595712 221081408
57 371953536 221220736
52 296577344 296511808
55 258935168 221219200
21 390774656 296501120
55 221292992 277686720
54 221151488 371884288
2 277756288 296499584
16 409595776 221081472
57 371953600 221220800
52 296577408 296511872
55 258935232 221219264
21 390774720 296501184
55 221293056 277686784
54 221151552 371884352
2 277756352 296499648
16 409595840 221081536
57 371953664 221220864
52 296577472 409528768
55 258935296 221219328
21 390774784 296501248
55 221293120 277686848
54 221151616 371884416
2 277756416 296499712
16 409595904 221081600
57 371953728 221220928
52 296577536 409528832
55 258935360 221219392
21 390774848 296501312
55 221293184 277686912
54 221151680 371884480
2 277756480 296499776
16 409595968 221081664
57 371953792 221220992
52 296577600 409528896
55 258935424 221219456
21 390774912 296501376
55 221293248 277686976
54 221151744 371884544
2 277756544 296499840
16 409596032 221081728
57 371953856 221221056
52 296577664 409528960
55 258935488 221219520
21 390774976 296501440
55 221293312 277687040
54 221151808 371884608
2 277756608 296499904
16 409596096 221081792
57 371953920 221221120
52 296577728 409529024
55 258935552 221219584
21 390775040 409518336
55 221293376 277687104
54 221151872 371884672
2 277756672 296499968
16 409596160 221081856
57 371953984 221221184
52 296577792 409529088
55 258935616 221219648
21 390775104 409518400
55 221293440 277687168
54 221151936 371884736
2 277756736 296500032
16 409596224 221081920
57 371954048 221221248
52 296577856 409529152
55 258935680 221219712
21 390775168 409518464
55 221293504 277687232
54 221152000 371884800
2 277756800 296500096
16 409596288 221081984
57 371954112 221221312
52 296577920 409529216
55 258935744 221219776
21 390775232 409518528
55 221293568 277687296
54 221152064 371884864
2 277756864 296500160
16 409596352 221082048
57 371954176 221221376
52 296577984 409529280
55 258935808 221219840
21 390775296 409518592
55 221293632 277687360
54 221152128 371884928
2 277756928 296500224
16 409596416 221082112
57 371954240 221221440
52 296578048 409529344
55 258935872 221219904
21 390775360 409518656
55 221293696 277687424
54 221152192 371884992
2 277756992 296500288
16 409596480 221082176
57 371954304 221221504
52 296578112 409529408
55 258935936 221219968
21 390775424 409518720
55 221293760 277687488
54 221152256 371885056
2 277757056 296500352
16 409596544 221082240
57 371954368 221221568
52 296578176 409529472
55 258936000 221220032
21 390775488 409518784
55 221293824 277687552
54 221152320 371885120
2 277757120 296500416
16 409596608 221082304
24 258936064 221220096
10 371954432 221221632
10 390775552 409518848
1 296578240 409529536
13 221293888 277687616
54 221152384 371885184
2 277757184 296500480
16 409596672 221082368
57 371954496 221221696
52 296578304 409529600
55 258936128 221220160
21 390775616 409518912
55 221293952 277687680
54 221152448 371885248
2 277757248 296500544
16 409596736 221082432
57 371954560 221221760
52 296578368 409529664
55 258936192 221220224
21 390775680 409518976
55 221294016 277687744
54 221152512 371885312
2 277757312 296500608
16 409596800 221082496
57 371954624 221221824
52 296578432 409529728
55 258936256 221220288
21 390775744 409519040
55 221294080 277687808
54 221152576 371885376
2 277757376 296500672
16 409596864 221082560
57 371954688 221221888
52 296578496 409529792
55 258936320 221220352
21 390775808 409519104
55 221294144 277687872
54 221152640 371885440
2 277757440 296500736
16 409596928 221082624
57 371954752 371889216
52 296578560 409529856
55 258936384 371887680
21 390775872 296502336
55 221294208 277687936
54 221152704 371885504
2 277757504 390708800
16 409596992 221082688
57 371954816 371889280
52 296578624 409529920
55 258936448 371887744
21 390775936 296502400
55 221294272 277688000
54 221152768 371885568
2 277757568 390708864
16 409597056 221082752
57 371954880 371889344
52 296578688 409529984
55 258936512 371887808
21 390776000 296502464
55 221294336 277688064
54 221152832 371885632
2 277757632 390708928
16 409597120 221082816
57 371954944 371889408
52 296578752 409530048
55 258936576 371887872
21 390776064 296502528
55 221294400 277688128
54 221152896 371885696
2 277757696 390708992
16 409597184 221082880
57 371955008 371889472
52 296578816 409530112
55 258936640 371887936
21 390776128 296502592
55 221294464 390705024
54 221152960 371885760
2 277757760 390709056
16 409597248 221082944
57 371955072 371889536
52 296578880 409530176
55 258936704 371888000
21 390776192 296502656
55 221294528 390705088
54 221153024 371885824
2 277757824 390709120
16 409597312 221083008
57 371955136 371889600
52 296578944 409530240
55 258936768 371888064
21 390776256 296502720
55 221294592 390705152
54 221153088 371885888
2 277757888 390709184
16 409597376 221083072
57 371955200 371889664
52 296579008 409530304
55 258936832 371888128
21 390776320 296502784
55 221294656 390705216
54 221153152 371885952
2 277757952 390709248
16 409597440 221083136
57 371955264 371889728
52 296579072 409530368
55 258936896 371888192
21 390776384 296502848
55 221294720 390705280
54 221153216 371886016
2 277758016 390709312
16 409597504 221083200
57 371955328 371889792
52 296579136 409530432
55 258936960 371888256
21 390776448 296502912
55 221294784 390705344
54 221153280 371886080
2 277758080 390709376
16 409597568 221083264
57 371955392 371889856
52 296579200 409530496
55 258937024 371888320
21 390776512 296502976
55 221294848 390705408
54 221153344 371886144
2 277758144 390709440
16 409597632 221083328
57 371955456 371889920
52 296579264 409530560
55 258937088 371888384
21 390776576 296503040
33 221294912 277688640
12 371955520 371889984
1 221153408 371886208
2 277758208 296501504
7 296579328 409530624
8 409597696 221083392
46 258937152 371888448
21 390776640 296503104
55 221294976 277688704
54 221153472 371886272
2 277758272 296501568
16 409597760 221083456
57 371955584 371890048
52 296579392 409530688
55 258937216 371888512
21 390776704 296503168
55 221295040 277688768
54 221153536 371886336
2 277758336 296501632
16 409597824 221083520
57 371955648 371890112
52 296579456 409530752
55 258937280 371888576
21 390776768 296503232
55 221295104 277688832
54 221153600 371886400
2 277758400 296501696
16 409597888 221083584
57 371955712 371890176
52 296579520 409530816
55 258937344 371888640
21 390776832 296503296
55 221295168 277688896
54 221153664 371886464
2 277758464 296501760
16 409597952 221083648
57 371955776 258873408
52 296579584 409530880
55 258937408 371888704
21 390776896 296503360
55 221295232 277688960
54 221153728 371886528
2 277758528 296501824
16 409598016 221083712
57 371955840 258873472
52 296579648 409530944
55 258937472 371888768
21 390776960 296503424
55 221295296 390705856
54 221153792 371886592
2 277758592 296501888
16 409598080 221083776
57 371955904 258873536
52 296579712 409531008
55 258937536 371888832
21 390777024 296503488
55 221295360 390705920
54 221153856 371886656
2 277758656 296501952
16 409598144 221083840
57 371955968 258873600
52 296579776 409531072
55 258937600 371888896
21 390777088 296503552
55 221295424 390705984
54 221153920 371886720
2 277758720 296502016
16 409598208 221083904
57 371956032 258873664
52 296579840 409531136
55 258937664 371888960
21 390777152 296503616
55 221295488 390706048
54 221153984 371886784
2 277758784 296502080
16 409598272 221083968
57 371956096 258873728
52 296579904 409531200
55 258937728 371889024
21 390777216 296503680
55 221295552 390706112
54 221154048 371886848
2 277758848 296502144
16 409598336 258865536
57 371956160 258873792
52 296579968 409531264
55 258937792 371889088
21 390777280 409520576
55 221295616 390706176
54 221154112 371886912
2 277758912 296502208
16 409598400 258865600
57 371956224 258873856
52 296580032 409531328
55 258937856 371889152
21 390777344 409520640
55 221295680 390706240
54 221154176 371886976
2 277758976 296502272
16 409598464 258865664
57 371956288 258873920
52 296580096 409531392
55 258937920 258872384
21 390777408 409520704
55 221295744 390706304
54 221154240 371887040
2 277759040 390710336
16 409598528 258865728
57 371956352 258873984
52 296580160 409531456
55 258937984 258872448
21 390777472 409520768
55 221295808 277689536
54 221154304 371887104
2 277759104 390710400
16 409598592 221084288
57 371956416 258874048
52 296580224 409531520
55 258938048 258872512
21 390777536 409520832
55 221295872 277689600
54 221154368 371887168
2 277759168 390710464
16 409598656 221084352
57 371956480 258874112
52 296580288 409531584
55 258938112 258872576
21 390777600 409520896
55 221295936 277689664
54 221154432 371887232
2 277759232 390710528
16 409598720 221084416
57 371956544 258874176
35 369472192 277689024
8 221296000 390706560
1 258938176 258872640
12 221154496 371887296
2 277759296 390710592
5 390777664 409520960
1 296580352 409531648
8 409598784 221084480
57 371956608 258874240
52 296580416 409531712
55 258938240 258872704
21 390777728 409521024
55 221296064 390706624
54 221154560 371887360
2 277759360 390710656
16 409598848 221084544
57 371956672 258874304
52 296580480 409531776
55 258938304 258872768
21 390777792 409521088
55 221296128 390706688
54 221154624 371887424
2 277759424 390710720
16 409598912 221084608
57 371956736 258874368
52 296580544 409531840
55 258938368 258872832
21 390777856 409521152
55 221296192 390706752
54 221154688 371887488
2 277759488 390710784
16 409598976 221084672
57 371956800 258874432
52 296580608 409531904
55 258938432 258872896
21 390777920 409521216
55 221296256 390706816
54 221154752 371887552
2 277759552 390710848
16 409599040 221084736
57 371956864 258874496
52 296580672 409531968
55 258938496 258872960
21 390777984 409521280
55 221296320 390706880
54 221154816 371887616
2 277759616 390710912
16 409599104 221084800
57 371956928 258874560
52 296580736 409532032
55 258938560 258873024
21 390778048 409521344
55 221296384 390706944
54 221154880 258870848
2 277759680 390710976
16 409599168 221084864
57 371956992 258874624
52 296580800 409532096
55 258938624 258873088
21 390778112 409521408
55 221296448 390707008
54 221154944 258870912
2 277759744 390711040
16 409599232 221084928
57 371957056 258874688
52 296580864 409532160
55 258938688 258873152
21 390778176 409521472
55 221296512 390707072
54 221155008 258870976
2 277759808 390711104
16 409599296 221084992
57 371957120 258874752
52 296580928 409532224
55 258938752 258873216
21 390778240 409521536
55 221296576 390707136
54 221155072 258871040
2 277759872 390711168
16 409599360 221085056
57 371957184 258874816
52 296580992 409532288
55 258938816 258873280
21 390778304 409521600
55 221296640 390707200
54 221155136 258871104
2 277759936 390711232
16 409599424 221085120
57 371957248 258874880
52 296581056 409532352
55 258938880 258873344
21 390778368 409521664
55 221296704 390707264
54 221155200 258871168
2 277760000 390711296
16 409599488 221085184
57 371957312 258874944
52 296581120 409532416
55 258938944 221091904
21 390778432 409521728
55 221296768 390707328
54 221155264 258871232
2 277760064 390711360
16 409599552 221085248
57 371957376 258875008
52 296581184 409532480
55 258939008 221091968
21 390778496 409521792
55 221296832 390707392
54 221155328 258871296
2 277760128 390711424
16 409599616 221085312
57 371957440 258875072
52 296581248 409532544
55 258939072 221092032
21 390778560 409521856
55 221296896 390707456
54 221155392 258871360
2 277760192 390711488
16 409599680 221085376
57 371957504 258875136
52 296581312 409532608
55 258939136 221092096
21 390778624 409521920
55 221296960 390707520
54 221155456 258871424
2 277760256 390711552
16 409599744 221085440
57 371957568 258875200
52 296581376 409532672
55 258939200 221092160
21 390778688 409521984
55 221297024 390707584
59 258939264 221092224
10 371957632 258875264
1 221155520 258871488
2 277760320 390711616
5 390778752 409522048
1 296581440 409532736
8 409599808 221085504
44 221297088 390707648
54 221155584 258871552
2 277760384 390711680
16 409599872 221085568
57 371957696 258875328
52 296581504 221084032
55 258939328 221092288
21 390778816 221073344
55 221297152 390707712
54 221155648 258871616
2 277760448 296503744
16 409599936 258867136
57 371957760 258875392
52 296581568 221084096
55 258939392 221092352
21 390778880 221073408
55 221297216 390707776
54 221155712 258871680
2 277760512 296503808
16 409600000 258867200
57 371957824 258875456
52 296581632 221084160
55 258939456 221092416
21 390778944 221073472
55 221297280 390707840
54 221155776 258871744
2 277760576 296503872
16 409600064 258867264
57 371957888 258875520
52 296581696 221084224
55 258939520 221092480
21 390779008 221073536
55 221297344 390707904
54 221155840 258871808
2 277760640 296503936
16 409600128 258867328
57 371957952 371892416
52 296581760 409533056
55 258939584 221092544
21 390779072 221073600
55 221297408 390707968
54 221155904 258871872
2 277760704 296504000
16 409600192 258867392
57 371958016 371892480
52 296581824 409533120
55 258939648 221092608
21 390779136 221073664
55 221297472 390708032
54 221155968 258871936
2 277760768 296504064
16 409600256 258867456
57 371958080 371892544
52 296581888 409533184
55 258939712 221092672
21 390779200 221073728
55 221297536 390708096
54 221156032 258872000
2 277760832 296504128
16 409600320 258867520
57 371958144 371892608
52 296581952 409533248
55 258939776 221092736
21 390779264 221073792
55 221297600 390708160
54 221156096 258872064
2 277760896 296504192
16 409600384 258867584
57 371958208 371892672
52 296582016 409533312
55 258939840 221092800
21 390779328 221073856
55 221297664 390708224
54 221156160 258872128
2 277760960 296504256
16 409600448 258867648
57 371958272 371892736
52 296582080 409533376
55 258939904 221092864
21 390779392 221073920
55 221297728 390708288
54 221156224 258872192
2 277761024 296504320
16 409600512 258867712
57 371958336 371892800
52 296582144 409533440
55 258939968 221092928
21 390779456 221073984
55 221297792 390708352
54 221156288 258872256
2 277761088 296504384
16 409600576 258867776
57 371958400 371892864
52 296582208 409533504
55 258940032 221092992
21 390779520 221074048
55 221297856 390708416
54 221156352 258872320
2 277761152 296504448
16 409600640 258867840
57 371958464 371892928
52 296582272 409533568
55 258940096 221093056
21 390779584 221074112
55 221297920 390708480
54 221156416 221090880
2 277761216 296504512
16 409600704 258867904
57 371958528 371892992
52 296582336 409533632
55 258940160 221093120
21 390779648 221074176
55 221297984 390708544
54 221156480 221090944
2 277761280 296504576
16 409600768 258867968
57 371958592 371893056
52 296582400 409533696
55 258940224 221093184
21 390779712 221074240
55 221298048 390708608
54 221156544 221091008
2 277761344 296504640
16 409600832 258868032
57 371958656 371893120
52 296582464 409533760
71 221298112 390708672
1 258940288 221093248
10 371958720 371893184
1 221156608 221091072
2 277761408 296504704
5 390779776 221074304
10 409600896 258868096
30 296582528 409533824
55 258940352 221093312
21 390779840 221074368
55 221298176 390708736
54 221156672 221091136
2 277761472 296504768
16 409600960 258868160
57 371958784 371893248
52 296582592 409533888
55 258940416 221093376
21 390779904 221074432
55 221298240 277691968
54 221156736 221091200
2 277761536 296504832
16 409601024 258868224
57 371958848 371893312
52 296582656 409533952
55 258940480 221093440
21 390779968 221074496
55 221298304 277692032
54 221156800 221091264
2 277761600 296504896
16 409601088 258868288
57 371958912 371893376
52 296582720 409534016
55 258940544 221093504
21 390780032 221074560
55 221298368 277692096
54 221156864 221091328
2 277761664 296504960
16 409601152 258868352
57 371958976 371893440
52 296582784 409534080
55 258940608 221093568
21 390780096 221074624
55 221298432 277692160
54 221156928 221091392
2 277761728 296505024
16 409601216 258868416
57 371959040 371893504
52 296582848 409534144
55 258940672 221093632
21 390780160 221074688
55 221298496 277692224
54 221156992 221091456
2 277761792 296505088
16 409601280 258868480
57 371959104 371893568
52 296582912 409534208
55 258940736 221093696
21 390780224 221074752
55 221298560 277692288
54 221157056 221091520
2 277761856 296505152
16 409601344 258868544
57 371959168 371893632
52 296582976 409534272
55 258940800 221093760
21 390780288 221074816
55 221298624 277692352
54 221157120 221091584
2 277761920 296505216
16 409601408 258868608
57 371959232 371893696
52 296583040 409534336
55 258940864 221093824
21 390780352 409523648
55 221298688 277692416
54 221157184 221091648
2 277761984 409522112
16 409601472 258868672
57 371959296 371893760
52 296583104 221085632
55 258940928 221093888
21 390780416 409523712
55 221298752 277692480
54 221157248 221091712
2 277762048 409522176
16 409601536 258868736
57 371959360 371893824
52 296583168 221085696
55 258940992 221093952
21 390780480 409523776
55 221298816 277692544
54 221157312 221091776
2 277762112 409522240
16 409601600 258868800
57 371959424 371893888
52 296583232 221085760
55 258941056 221094016
21 390780544 409523840
55 221298880 277692608
54 221157376 221091840
2 277762176 409522304
16 409601664 258868864
57 371959488 371893952
52 296583296 221085824
55 258941120 258875584
21 390780608 409523904
55 221298944 390709504
54 221157440 409540672
2 277762240 409522368
16 409601728 258868928
57 371959552 371894016
52 296583360 221085888
55 258941184 258875648
21 390780672 409523968
55 221299008 390709568
54 221157504 409540736
2 277762304 409522432
16 409601792 258868992
57 371959616 371894080
52 296583424 221085952
55 258941248 258875712
21 390780736 409524032
55 221299072 390709632
54 221157568 409540800
2 277762368 409522496
16 409601856 258869056
57 371959680 371894144
52 296583488 221086016
55 258941312 258875776
21 390780800 409524096
55 221299136 390709696
54 221157632 409540864
2 277762432 409522560
16 409601920 258869120
62 221299200 390709760
1 258941376 258875840
10 371959744 371894208
10 390780864 409524160
1 296583552 221086080
28 221157696 409540928
2 277762496 409522624
16 409601984 258869184
57 371959808 371894272
52 296583616 221086144
55 258941440 258875904
21 390780928 409524224
55 221299264 390709824
54 221157760 409540992
2 277762560 409522688
16 409602048 258869248
57 371959872 371894336
52 296583680 221086208
55 258941504 258875968
21 390780992 409524288
55 221299328 390709888
54 221157824 409541056
2 277762624 409522752
16 409602112 258869312
57 371959936 371894400
52 296583744 221086272
55 258941568 258876032
21 390781056 409524352
55 221299392 390709952
54 221157888 409541120
2 277762688 409522816
16 409602176 258869376
57 371960000 371894464
52 296583808 221086336
55 258941632 258876096
21 390781120 409524416
55 221299456 390710016
54 221157952 409541184
2 277762752 409522880
16 409602240 258869440
57 371960064 371894528
52 296583872 221086400
55 258941696 258876160
21 390781184 409524480
55 221299520 390710080
54 221158016 409541248
2 277762816 409522944
16 409602304 258869504
57 371960128 371894592
52 296583936 221086464
55 258941760 258876224
21 390781248 409524544
55 221299584 390710144
54 221158080 409541312
2 277762880 409523008
16 409602368 258869568
57 371960192 221227392
52 296584000 221086528
55 258941824 258876288
21 390781312 409524608
55 221299648 390710208
54 221158144 409541376
2 277762944 409523072
16 409602432 258869632
57 371960256 221227456
52 296584064 221086592
55 258941888 258876352
21 390781376 409524672
55 221299712 390710272
54 221158208 409541440
2 277763008 409523136
16 409602496 258869696
57 371960320 221227520
52 296584128 221086656
55 258941952 258876416
21 390781440 409524736
55 221299776 277693504
54 221158272 409541504
2 277763072 409523200
16 409602560 258869760
57 371960384 221227584
52 296584192 221086720
55 258942016 258876480
21 390781504 409524800
55 221299840 277693568
54 221158336 409541568
2 277763136 409523264
16 409602624 258869824
57 371960448 221227648
52 296584256 221086784
55 258942080 258876544
21 390781568 409524864
55 221299904 277693632
54 221158400 409541632
2 277763200 409523328
16 409602688 258869888
57 371960512 221227712
52 296584320 221086848
55 258942144 258876608
21 390781632 409524928
55 221299968 277693696
54 221158464 409541696
2 277763264 409523392
16 409602752 258869952
57 371960576 221227776
52 296584384 221086912
55 258942208 258876672
21 390781696 409524992
55 221300032 277693760
54 221158528 409541760
2 277763328 409523456
16 409602816 258870016
57 371960640 221227840
52 296584448 221086976
55 258942272 258876736
21 390781760 409525056
55 221300096 277693824
54 221158592 409541824
2 277763392 409523520
16 409602880 258870080
57 371960704 221227904
52 296584512 221087040
55 258942336 258876800
21 390781824 409525120
55 221300160 277693888
54 221158656 409541888
2 277763456 409523584
16 409602944 258870144
57 371960768 221227968
52 296584576 221087104
55 258942400 258876864
21 390781888 409525184
73 221300224 277693952
12 371960832 221228032
1 221158720 409541952
2 277763520 296506816
7 296584640 221087168
8 409603008 258870208
6 258942464 258876928
21 390781952 409525248
55 221300288 277694016
54 221158784 409542016
2 277763584 296506880
16 409603072 258870272
57 371960896 221228096
52 296584704 221087232
55 258942528 258876992
21 390782016 409525312
55 221300352 277694080
54 221158848 409542080
2 277763648 296506944
16 409603136 258870336
57 371960960 221228160
52 296584768 221087296
55 258942592 258877056
21 390782080 409525376
55 221300416 277694144
54 221158912 409542144
2 277763712 296507008
16 409603200 258870400
57 371961024 221228224
52 296584832 221087360
55 258942656 258877120
21 390782144 409525440
55 221300480 277694208
54 221158976 409542208
2 277763776 296507072
16 409603264 258870464
57 371961088 221228288
52 296584896 221087424
55 258942720 258877184
21 390782208 409525504
55 221300544 277694272
54 221159040 409542272
2 277763840 296507136
16 409603328 258870528
57 371961152 221228352
52 296584960 221087488
55 258942784 258877248
21 390782272 409525568
55 221300608 277694336
54 221159104 409542336
2 277763904 296507200
16 409603392 258870592
57 371961216 221228416
52 296585024 221087552
55 258942848 258877312
21 390782336 409525632
55 221300672 277694400
54 221159168 409542400
2 277763968 296507264
16 409603456 258870656
57 371961280 221228480
52 296585088 221087616
55 258942912 258877376
21 390782400 409525696
55 221300736 277694464
54 221159232 409542464
2 277764032 296507328
16 409603520 258870720
57 371961344 221228544
52 296585152 221087680
55 258942976 258877440
21 390782464 409525760
55 221300800 277694528
54 221159296 409542528
2 277764096 296507392
16 409603584 258870784
57 371961408 221228608
52 296585216 221087744
55 258943040 258877504
21 390782528 296508992
55 221300864 277694592
54 221159360 409542592
2 277764160 296507456
16 409603648 221089344
57 371961472 221228672
52 296585280 221087808
55 258943104 258877568
21 390782592 296509056
55 221300928 277694656
54 221159424 409542656
2 277764224 296507520
16 409603712 221089408
57 371961536 221228736
52 296585344 221087872
55 258943168 258877632
21 390782656 296509120
55 221300992 277694720
54 221159488 409542720
2 277764288 296507584
16 409603776 221089472
57 371961600 221228800
52 296585408 221087936
55 258943232 258877696
21 390782720 296509184
55 221301056 277694784
54 221159552 409542784
2 277764352 296507648
16 409603840 221089536
57 371961664 221228864
52 296585472 221088000
55 258943296 258877760
21 390782784 296509248
55 221301120 277694848
54 221159616 221094080
2 277764416 296507712
16 409603904 221089600
57 371961728 277688192
52 296585536 221088064
55 258943360 371894656
21 390782848 296509312
55 221301184 390711744
54 221159680 221094144
2 277764480 296507776
16 409603968 221089664
57 371961792 277688256
52 296585600 221088128
55 258943424 371894720
21 390782912 296509376
55 221301248 390711808
54 221159744 221094208
2 277764544 296507840
16 409604032 221089728
57 371961856 277688320
52 296585664 221088192
31 221301312 390711872
1 258943488 371894784
12 221159808 221094272
2 277764608 296507904
5 390782976 296509440
10 409604096 221089792
17 371961920 277688384
52 296585728 221088256
55 258943552 371894848
21 390783040 296509504
55 221301376 390711936
54 221159872 221094336
2 277764672 296507968
16 409604160 221089856
57 371961984 277688448
52 296585792 221088320
55 258943616 371894912
21 390783104 296509568
55 221301440 390712000
54 221159936 221094400
2 277764736 296508032
16 409604224 221089920
57 371962048 277688512
52 296585856 221088384
55 258943680 371894976
21 390783168 296509632
55 221301504 390712064
54 221160000 221094464
2 277764800 296508096
16 409604288 221089984
57 371962112 277688576
52 296585920 221088448
55 258943744 371895040
21 390783232 296509696
55 221301568 390712128
54 221160064 221094528
2 277764864 296508160
16 409604352 221090048
57 371962176 221229376
52 296585984 221088512
55 258943808 371895104
21 390783296 296509760
55 221301632 390712192
54 221160128 221094592
2 277764928 296508224
16 409604416 221090112
57 371962240 221229440
52 296586048 221088576
55 258943872 371895168
21 390783360 296509824
55 221301696 390712256
54 221160192 221094656
2 277764992 296508288
16 409604480 221090176
57 371962304 221229504
52 296586112 221088640
55 258943936 371895232
21 390783424 296509888
55 221301760 390712320
54 221160256 221094720
2 277765056 296508352
16 409604544 221090240
57 371962368 221229568
52 296586176 221088704
55 258944000 371895296
21 390783488 296509952
55 221301824 390712384
54 221160320 221094784
2 277765120 296508416
16 409604608 221090304
57 371962432 221229632
52 296586240 221088768
55 258944064 371895360
21 390783552 296510016
55 221301888 390712448
54 221160384 221094848
2 277765184 296508480
16 409604672 221090368
57 371962496 221229696
52 296586304 221088832
55 258944128 371895424
21 390783616 296510080
55 221301952 390712512
54 221160448 221094912
2 277765248 296508544
16 409604736 221090432
57 371962560 221229760
52 296586368 221088896
55 258944192 371895488
21 390783680 296510144
55 221302016 390712576
54 221160512 221094976
2 277765312 296508608
16 409604800 221090496
57 371962624 277689088
52 296586432 221088960
55 258944256 371895552
21 390783744 296510208
55 221302080 390712640
54 221160576 221095040
2 277765376 296508672
16 409604864 221090560
57 371962688 277689152
52 296586496 221089024
55 258944320 371895616
21 390783808 296510272
55 221302144 390712704
54 221160640 221095104
2 277765440 296508736
16 409604928 221090624
57 371962752 277689216
52 296586560 221089088
55 258944384 371895680
21 390783872 296510336
55 221302208 390712768
54 221160704 221095168
2 277765504 296508800
16 409604992 221090688
57 371962816 277689280
52 296586624 221089152
55 258944448 371895744
21 390783936 296510400
55 221302272 390712832
54 221160768 221095232
2 277765568 296508864
16 409605056 221090752
57 371962880 277689344
52 296586688 221089216
55 258944512 371895808
21 390784000 296510464
55 221302336 390712896
54 221160832 221095296
2 277765632 296508928
16 409605120 221090816
24 258944576 371895872
10 371962944 277689408
10 390784064 296510528
1 296586752 221089280
13 221302400 390712960
54 221160896 221095360
2 277765696 390716992
16 409605184 409539648
57 371963008 277689472
52 296586816 409538112
55 258944640 371895936
21 390784128 390718592
55 221302464 390713024
54 221160960 221095424
2 277765760 390717056
16 409605248 409539712
57 371963072 369472704
52 296586880 409538176
55 258944704 371896000
21 390784192 390718656
55 221302528 390713088
54 221161024 221095488
2 277765824 390717120
16 409605312 409539776
57 371963136 221230336
52 296586944 409538240
55 258944768 371896064
21 390784256 277701888
55 221302592 390713152
54 221161088 221095552
2 277765888 390717184
16 409605376 409539840
57 371963200 221230400
52 296587008 409538304
55 258944832 371896128
21 390784320 277701952
55 221302656 390713216
54 221161152 221095616
2 277765952 390717248
16 409605440 409539904
57 371963264 277689728
52 296587072 409538368
55 258944896 221228928
21 390784384 390718848
55 221302720 296505280
54 221161216 221095680
2 277766016 390717312
16 409605504 409539968
57 371963328 277689792
52 296587136 409538432
55 258944960 221228992
21 390784448 390718912
55 221302784 296505344
54 221161280 221095744
2 277766080 390717376
16 409605568 409540032
57 371963392 277689856
52 296587200 409538496
55 258945024 221229056
21 390784512 390718976
55 221302848 296505408
54 221161344 221095808
2 277766144 390717440
16 409605632 409540096
57 371963456 277689920
52 296587264 409538560
55 258945088 221229120
21 390784576 390719040
55 221302912 296505472
54 221161408 221095872
2 277766208 390717504
16 409605696 409540160
57 371963520 277689984
52 296587328 409538624
55 258945152 221229184
21 390784640 390719104
55 221302976 296505536
54 221161472 221095936
2 277766272 390717568
16 409605760 409540224
57 371963584 277690048
52 296587392 409538688
55 258945216 221229248
21 390784704 390719168
55 221303040 296505600
54 221161536 221096000
2 277766336 390717632
16 409605824 409540288
57 371963648 277690112
52 296587456 409538752
55 258945280 221229312
21 390784768 390719232
55 221303104 296505664
54 221161600 221096064
2 277766400 390717696
16 409605888 409540352
57 371963712 277690176
52 296587520 409538816
55 258945344 371896640
21 390784832 390719296
55 221303168 296505728
54 221161664 221096128
2 277766464 390717760
16 409605952 409540416
57 371963776 277690240
52 296587584 409538880
55 258945408 371896704
21 390784896 390719360
55 221303232 296505792
54 221161728 221096192
2 277766528 390717824
16 409606016 409540480
57 371963840 277690304
52 296587648 409538944
55 258945472 371896768
21 390784960 390719424
55 221303296 296505856
54 221161792 221096256
2 277766592 390717888
16 409606080 409540544
57 371963904 277690368
52 296587712 409539008
55 258945536 371896832
21 390785024 390719488
55 221303360 296505920
54 221161856 258877824
2 277766656 390717952
16 409606144 409540608
57 371963968 277690432
52 296587776 409539072
55 258945600 371896896
21 390785088 390719552
33 221303424 296505984
12 371964032 277690496
1 221161920 258877888
2 277766720 390718016
7 296587840 409539136
8 409606208 296523840
46 258945664 371896960
21 390785152 390719616
55 221303488 296506048
54 221161984 258877952
2 277766784 390718080
16 409606272 296523904
57 371964096 277690560
52 296587904 409539200
55 258945728 371897024
21 390785216 390719680
55 221303552 296506112
54 221162048 258878016
2 277766848 390718144
16 409606336 296523968
57 371964160 277690624
52 296587968 409539264
55 258945792 221229824
21 390785280 390719744
55 221303616 296506176
54 221162112 258878080
2 277766912 390718208
16 409606400 296524032
57 371964224 277690688
52 296588032 409539328
55 258945856 221229888
21 390785344 390719808
55 221303680 296506240
54 221162176 258878144
2 277766976 390718272
16 409606464 296524096
57 371964288 277690752
52 296588096 409539392
55 258945920 221229952
21 390785408 390719872
55 221303744 296506304
54 221162240 258878208
2 277767040 390718336
16 409606528 296524160
57 371964352 277690816
52 296588160 409539456
55 258945984 221230016
21 390785472 296511936
55 221303808 296506368
54 221162304 258878272
2 277767104 390718400
16 409606592 296524224
57 371964416 277690880
52 296588224 409539520
55 258946048 221230080
21 390785536 296512000
55 221303872 296506432
54 221162368 258878336
2 277767168 390718464
16 409606656 296524288
57 371964480 277690944
52 296588288 409539584
55 258946112 221230144
21 390785600 296512064
55 221303936 296506496
54 221162432 258878400
2 277767232 390718528
16 409606720 296524352
57 371964544 277691008
52 296588352 296522816
55 258946176 221230208
21 390785664 296512128
55 221304000 296506560
54 221162496 258878464
2 277767296 277701760
16 409606784 296524416
57 371964608 277691072
52 296588416 296522880
55 258946240 221230272
21 390785728 296512192
55 221304064 296506624
54 221162560 258878528
2 277767360 277701824
16 409606848 296524480
57 371964672 277691136
52 296588480 296522944
55 258946304 371897600
21 390785792 296512256
55 221304128 296506688
54 221162624 258878592
2 277767424 221242624
16 409606912 296524544
57 371964736 277691200
52 296588544 296523008
55 258946368 371897664
21 390785856 296512320
55 221304192 296506752
54 221162688 258878656
2 277767488 221242688
16 409606976 296524608
57 371964800 277691264
52 296588608 296523072
55 258946432 221230464
21 390785920 296512384
55 221304256 390714816
54 221162752 258878720
2 277767552 277702016
16 409607040 296524672
57 371964864 277691328
52 296588672 296523136
55 258946496 221230528
21 390785984 296512448
55 221304320 390714880
54 221162816 258878784
2 277767616 277702080
16 409607104 296524736
57 371964928 277691392
52 296588736 296523200
55 258946560 221230592
21 390786048 296512512
55 221304384 390714944
54 221162880 258878848
2 277767680 277702144
16 409607168 296524800
57 371964992 277691456
52 296588800 296523264
55 258946624 221230656
21 390786112 296512576
55 221304448 390715008
54 221162944 258878912
2 277767744 277702208
16 409607232 296524864
57 371965056 277691520
35 369472256 371897088
8 221304512 390715072
1 258946688 221230720
12 221163008 258878976
2 277767808 277702272
5 390786176 296512640
1 296588864 296523328
8 409607296 296524928
57 371965120 277691584
52 296588928 296523392
55 258946752 221230784
21 390786240 296512704
55 221304576 390715136
54 221163072 258879040
2 277767872 277702336
16 409607360 296524992
57 371965184 277691648
52 296588992 296523456
55 258946816 221230848
21 390786304 296512768
55 221304640 390715200
54 221163136 258879104
2 277767936 277702400
16 409607424 296525056
57 371965248 277691712
52 296589056 296523520
55 258946880 221230912
21 390786368 296512832
55 221304704 390715264
54 221163200 258879168
2 277768000 277702464
16 409607488 296525120
57 371965312 277691776
52 296589120 296523584
55 258946944 221230976
21 390786432 296512896
55 221304768 390715328
54 221163264 258879232
2 277768064 277702528
16 409607552 296525184
57 371965376 277691840
52 296589184 296523648
55 258947008 221231040
21 390786496 296512960
55 221304832 390715392
54 221163328 258879296
2 277768128 277702592
16 409607616 296525248
57 371965440 277691904
52 296589248 296523712
55 258947072 221231104
21 390786560 296513024
55 221304896 390715456
54 221163392 371896192
2 277768192 277702656
16 409607680 296525312
57 371965504 221232704
52 296589312 296523776
55 258947136 221231168
21 390786624 296513088
55 221304960 390715520
54 221163456 371896256
2 277768256 277702720
16 409607744 296525376
57 371965568 221232768
52 296589376 390731840
55 258947200 221231232
21 390786688 296513152
55 221305024 390715584
54 221163520 371896320
2 277768320 277702784
16 409607808 296525440
57 371965632 221232832
52 296589440 390731904
55 258947264 221231296
21 390786752 296513216
55 221305088 390715648
54 221163584 371896384
2 277768384 277702848
16 409607872 296525504
57 371965696 221232896
52 296589504 390731968
55 258947328 221231360
21 390786816 296513280
55 221305152 390715712
54 221163648 371896448
2 277768448 277702912
16 409607936 296525568
57 371965760 221232960
52 296589568 390732032
55 258947392 221231424
21 390786880 296513344
55 221305216 390715776
54 221163712 371896512
2 277768512 277702976
16 409608000 296525632
57 371965824 221233024
52 296589632 390732096
55 258947456 221231488
21 390786944 296513408
55 221305280 390715840
54 221163776 371896576
2 277768576 277703040
16 409608064 296525696
57 371965888 221233088
52 296589696 390732160
55 258947520 221231552
21 390787008 296513472
55 221305344 390715904
54 221163840 258879808
2 277768640 390719936
16 409608128 296525760
57 371965952 221233152
52 296589760 390732224
55 258947584 221231616
21 390787072 296513536
55 221305408 390715968
54 221163904 258879872
2 277768704 390720000
16 409608192 296525824
57 371966016 221233216
52 296589824 390732288
55 258947648 221231680
21 390787136 296513600
55 221305472 390716032
54 221163968 258879936
2 277768768 390720064
16 409608256 296525888
57 371966080 221233280
52 296589888 390732352
55 258947712 221231744
21 390787200 296513664
55 221305536 390716096
59 258947776 221231808
10 371966144 221233344
1 221164032 258880000
2 277768832 390720128
5 390787264 296513728
1 296589952 390732416
8 409608320 296525952
44 221305600 390716160
54 221164096 258880064
2 277768896 390720192
16 409608384 409542848
57 371966208 277692672
52 296590016 390732480
55 258947840 221231872
21 390787328 296513792
55 221305664 390716224
54 221164160 258880128
2 277768960 390720256
16 409608448 409542912
57 371966272 277692736
52 296590080 390732544
55 258947904 221231936
21 390787392 296513856
55 221305728 390716288
54 221164224 258880192
2 277769024 390720320
16 409608512 409542976
57 371966336 277692800
52 296590144 390732608
55 258947968 221232000
21 390787456 296513920
55 221305792 390716352
54 221164288 258880256
2 277769088 390720384
16 409608576 409543040
57 371966400 277692864
52 296590208 390732672
55 258948032 221232064
21 390787520 296513984
55 221305856 390716416
54 221164352 371897152
2 277769152 390720448
16 409608640 409543104
57 371966464 277692928
52 296590272 390732736
55 258948096 221232128
21 390787584 296514048
55 221305920 390716480
54 221164416 371897216
2 277769216 390720512
16 409608704 409543168
57 371966528 277692992
52 296590336 390732800
55 258948160 221232192
21 390787648 296514112
55 221305984 390716544
54 221164480 371897280
2 277769280 390720576
16 409608768 409543232
57 371966592 277693056
52 296590400 390732864
55 258948224 221232256
21 390787712 296514176
55 221306048 390716608
54 221164544 371897344
2 277769344 390720640
16 409608832 409543296
57 371966656 277693120
52 296590464 390732928
55 258948288 221232320
21 390787776 296514240
55 221306112 390716672
54 221164608 371897408
2 277769408 390720704
16 409608896 409543360
57 371966720 277693184
52 296590528 390732992
55 258948352 221232384
21 390787840 296514304
55 221306176 390716736
54 221164672 371897472
2 277769472 390720768
16 409608960 409543424
57 371966784 277693248
52 296590592 390733056
55 258948416 221232448
21 390787904 296514368
55 221306240 390716800
54 221164736 371897536
2 277769536 390720832
16 409609024 409543488
57 371966848 277693312
52 296590656 390733120
55 258948480 221232512
21 390787968 296514432
55 221306304 390716864
54 221164800 369472768
2 277769600 390720896
16 409609088 409543552
57 371966912 277693376
52 296590720 390733184
55 258948544 221232576
21 390788032 296514496
55 221306368 390716928
54 221164864 258880832
2 277769664 390720960
16 409609152 409543616
57 371966976 277693440
52 296590784 390733248
55 258948608 221232640
21 390788096 296514560
55 221306432 277700160
54 221164928 371897728
2 277769728 390721024
16 409609216 409543680
57 371967040 221234240
52 296590848 390733312
55 258948672 371899968
21 390788160 296514624
55 221306496 277700224
54 221164992 371897792
2 277769792 390721088
16 409609280 409543744
57 371967104 221234304
52 296590912 390733376
55 258948736 371900032
21 390788224 296514688
55 221306560 277700288
54 221165056 371897856
2 277769856 390721152
16 409609344 409543808
57 371967168 221234368
52 296590976 390733440
71 221306624 277700352
1 258948800 371900096
10 371967232 221234432
1 221165120 371897920
2 277769920 390721216
5 390788288 296514752
10 409609408 409543872
30 296591040 390733504
55 258948864 371900160
21 390788352 296514816
55 221306688 277700416
54 221165184 371897984
2 277769984 390721280
16 409609472 409543936
57 371967296 221234496
52 296591104 390733568
55 258948928 371900224
21 390788416 296514880
55 221306752 277700480
54 221165248 371898048
2 277770048 390721344
16 409609536 409544000
57 371967360 221234560
52 296591168 390733632
55 258948992 371900288
21 390788480 296514944
55 221306816 277700544
54 221165312 371898112
2 277770112 390721408
16 409609600 409544064
57 371967424 221234624
52 296591232 390733696
55 258949056 371900352
21 390788544 296515008
55 221306880 277700608
54 221165376 371898176
2 277770176 390721472
16 409609664 409544128
57 371967488 221234688
52 296591296 390733760
55 258949120 371900416
21 390788608 296515072
55 221306944 277700672
54 221165440 371898240
2 277770240 390721536
16 409609728 409544192
57 371967552 221234752
52 296591360 390733824
55 258949184 371900480
21 390788672 296515136
55 221307008 277700736
54 221165504 371898304
2 277770304 390721600
16 409609792 409544256
57 371967616 221234816
52 296591424 390733888
55 258949248 371900544
21 390788736 296515200
55 221307072 277700800
54 221165568 371898368
2 277770368 390721664
16 409609856 409544320
57 371967680 221234880
52 296591488 390733952
55 258949312 371900608
21 390788800 296515264
55 221307136 277700864
54 221165632 371898432
2 277770432 390721728
16 409609920 409544384
57 371967744 221234944
52 296591552 296526016
55 258949376 221233408
21 390788864 296515328
55 221307200 277700928
54 221165696 371898496
2 277770496 390721792
16 409609984 409544448
57 371967808 221235008
52 296591616 296526080
55 258949440 221233472
21 390788928 296515392
55 221307264 277700992
54 221165760 371898560
2 277770560 390721856
16 409610048 409544512
57 371967872 221235072
52 296591680 296526144
55 258949504 221233536
21 390788992 296515456
55 221307328 277701056
54 221165824 371898624
2 277770624 390721920
16 409610112 409544576
57 371967936 221235136
52 296591744 296526208
55 258949568 221233600
21 390789056 296515520
55 221307392 277701120
54 221165888 371898688
2 277770688 390721984
16 409610176 409544640
57 371968000 221235200
52 296591808 296526272
55 258949632 221233664
21 390789120 296515584
55 221307456 277701184
54 221165952 371898752
2 277770752 390722048
16 409610240 409544704
57 371968064 221235264
52 296591872 296526336
55 258949696 221233728
21 390789184 296515648
55 221307520 277701248
54 221166016 371898816
2 277770816 390722112
16 409610304 409544768
57 371968128 221235328
52 296591936 296526400
55 258949760 221233792
21 390789248 296515712
55 221307584 277701312
54 221166080 371898880
2 277770880 390722176
16 409610368 409544832
57 371968192 221235392
52 296592000 296526464
55 258949824 221233856
21 390789312 296515776
55 221307648 277701376
54 221166144 371898944
2 277770944 390722240
16 409610432 409544896
62 221307712 277701440
1 258949888 221233920
10 371968256 221235456
10 390789376 296515840
1 296592064 296526528
28 221166208 371899008
2 277771008 390722304
16 409610496 409544960
57 371968320 221235520
52 296592128 296526592
55 258949952 221233984
21 390789440 296515904
55 221307776 277701504
54 221166272 371899072
2 277771072 390722368
16 409610560 409545024
57 371968384 221235584
52 296592192 296526656
55 258950016 221234048
21 390789504 409532800
55 221307840 277701568
54 221166336 371899136
2 277771136 390722432
16 409610624 221096320
57 371968448 277694912
52 296592256 296526720
55 258950080 221234112
21 390789568 409532864
55 221307904 277701632
54 221166400 371899200
2 277771200 390722496
16 409610688 221096384
57 371968512 277694976
52 296592320 296526784
55 258950144 221234176
21 390789632 409532928
55 221307968 277701696
54 221166464 371899264
2 277771264 390722560
16 409610752 221096448
57 371968576 277695040
52 296592384 296526848
55 258950208 371901504
21 390789696 409532992
55 221308032 221242496
54 221166528 371899328
2 277771328 390722624
16 409610816 221096512
57 371968640 277695104
52 296592448 296526912
55 258950272 371901568
21 390789760 296516224
55 221308096 221242560
54 221166592 371899392
2 277771392 390722688
16 409610880 221096576
57 371968704 277695168
52 296592512 296526976
55 258950336 371901632
21 390789824 296516288
55 221308160 140737488348416
54 221166656 371899456
2 277771456 390722752
16 409610944 221096640
57 371968768 277695232
52 296592576 296527040
55 258950400 371901696
21 390789888 296516352
55 221308224 140737488348480
54 221166720 371899520
2 277771520 390722816
16 409611008 221096704
57 371968832 277695296
52 296592640 296527104
55 258950464 371901760
21 390789952 296516416
55 221308288 221242752
54 221166784 371899584
2 277771584 390722880
16 409611072 221096768
57 371968896 277695360
52 296592704 296527168
55 258950528 371901824
21 390790016 296516480
55 221308352 221242816
54 221166848 371899648
2 277771648 390722944
16 409611136 221096832
57 371968960 277695424
52 296592768 296527232
55 258950592 371901888
21 390790080 296516544
55 221308416 221242880
54 221166912 371899712
2 277771712 390723008
16 409611200 221096896
57 371969024 277695488
52 296592832 296527296
55 258950656 371901952
21 390790144 296516608
55 221308480 221242944
54 221166976 371899776
2 277771776 390723072
16 409611264 221096960
57 371969088 277695552
52 296592896 296527360
55 258950720 371902016
21 390790208 296516672
55 221308544 221243008
54 221167040 371899840
2 277771840 390723136
16 409611328 221097024
57 371969152 277695616
52 296592960 296527424
55 258950784 371902080
21 390790272 296516736
55 221308608 221243072
54 221167104 371899904
2 277771904 390723200
16 409611392 221097088
57 371969216 277695680
52 296593024 296527488
55 258950848 371902144
21 390790336 296516800
55 221308672 221243136
54 221167168 258883136
2 277771968 390723264
16 409611456 221097152
57 371969280 277695744
52 296593088 296527552
55 258950912 371902208
21 390790400 296516864
73 221308736 221243200
12 371969344 277695808
1 221167232 258883200
2 277772032 390723328
7 296593152 296527616
8 409611520 221097216
6 258950976 371902272
21 390790464 296516928
55 221308800 221243264
54 221167296 258883264
2 277772096 390723392
16 409611584 221097280
57 371969408 277695872
52 296593216 296527680
55 258951040 371902336
21 390790528 296516992
55 221308864 221243328
54 221167360 258883328
2 277772160 390723456
16 409611648 221097344
57 371969472 277695936
52 296593280 296527744
55 258951104 371902400
21 390790592 296517056
55 221308928 221243392
54 221167424 258883392
2 277772224 390723520
16 409611712 221097408
57 371969536 277696000
52 296593344 296527808
55 258951168 371902464
21 390790656 296517120
55 221308992 221243456
54 221167488 258883456
2 277772288 390723584
16 409611776 221097472
57 371969600 277696064
52 296593408 296527872
55 258951232 371902528
21 390790720 296517184
55 221309056 221243520
54 221167552 258883520
2 277772352 390723648
16 409611840 221097536
57 371969664 277696128
52 296593472 296527936
55 258951296 371902592
21 390790784 296517248
55 221309120 221243584
54 221167616 258883584
2 277772416 390723712
16 409611904 221097600
57 371969728 277696192
52 296593536 296528000
55 258951360 371902656
21 390790848 296517312
55 221309184 221243648
54 221167680 258883648
2 277772480 390723776
16 409611968 221097664
57 371969792 277696256
52 296593600 296528064
55 258951424 371902720
21 390790912 296517376
55 221309248 221243712
54 221167744 258883712
2 277772544 390723840
16 409612032 221097728
57 371969856 277696320
52 296593664 296528128
55 258951488 371902784
21 390790976 296517440
55 221309312 221243776
54 221167808 258883776
2 277772608 390723904
16 409612096 221097792
57 371969920 277696384
52 296593728 296528192
55 258951552 371902848
21 390791040 296517504
55 221309376 277703104
54 221167872 371900672
2 277772672 296515968
16 409612160 258879360
57 371969984 390713280
52 296593792 409545088
55 258951616 221235648
21 390791104 409534400
55 221309440 277703168
54 221167936 371900736
2 277772736 296516032
16 409612224 258879424
57 371970048 390713344
52 296593856 409545152
55 258951680 221235712
21 390791168 409534464
55 221309504 277703232
54 221168000 371900800
2 277772800 296516096
16 409612288 258879488
57 371970112 390713408
52 296593920 409545216
55 258951744 221235776
21 390791232 409534528
55 221309568 277703296
54 221168064 371900864
2 277772864 296516160
16 409612352 258879552
57 371970176 390713472
52 296593984 409545280
55 258951808 221235840
21 390791296 409534592
55 221309632 277703360
54 221168128 371900928
2 277772928 390724224
16 409612416 258879616
57 371970240 390713536
52 296594048 409545344
55 258951872 221235904
21 390791360 409534656
55 221309696 277703424
54 221168192 371900992
2 277772992 390724288
16 409612480 258879680
57 371970304 390713600
52 296594112 409545408
55 258951936 221235968
21 390791424 409534720
55 221309760 277703488
54 221168256 371901056
2 277773056 390724352
16 409612544 258879744
57 371970368 390713664
52 296594176 409545472
31 221309824 277703552
1 258952000 221236032
12 221168320 371901120
2 277773120 390724416
5 390791488 409534784
10 409612608 221098304
17 371970432 390713728
52 296594240 409545536
55 258952064 221236096
21 390791552 409534848
55 221309888 277703616
54 221168384 371901184
2 277773184 390724480
16 409612672 221098368
57 371970496 390713792
52 296594304 409545600
55 258952128 221236160
21 390791616 409534912
55 221309952 277703680
54 221168448 371901248
2 277773248 390724544
16 409612736 221098432
57 371970560 390713856
52 296594368 409545664
55 258952192 221236224
21 390791680 409534976
55 221310016 277703744
54 221168512 371901312
2 277773312 390724608
16 409612800 221098496
57 371970624 390713920
52 296594432 409545728
55 258952256 221236288
21 390791744 409535040
55 221310080 277703808
54 221168576 371901376
2 277773376 390724672
16 409612864 221098560
57 371970688 390713984
52 296594496 409545792
55 258952320 221236352
21 390791808 409535104
55 221310144 277703872
54 221168640 371901440
2 277773440 390724736
16 409612928 221098624
57 371970752 390714048
52 296594560 409545856
55 258952384 221236416
21 390791872 409535168
55 221310208 277703936
54 221168704 258884672
2 277773504 390724800
16 409612992 221098688
57 371970816 390714112
52 296594624 409545920
55 258952448 221236480
21 390791936 409535232
55 221310272 277704000
54 221168768 258884736
2 277773568 390724864
16 409613056 221098752
57 371970880 390714176
52 296594688 409545984
55 258952512 221236544
21 390792000 409535296
55 221310336 277704064
54 221168832 258884800
2 277773632 390724928
16 409613120 258880320
57 371970944 390714240
52 296594752 409546048
55 258952576 221236608
21 390792064 409535360
55 221310400 277704128
54 221168896 258884864
2 277773696 390724992
16 409613184 258880384
57 371971008 390714304
52 296594816 409546112
55 258952640 221236672
21 390792128 409535424
55 221310464 277704192
54 221168960 258884928
2 277773760 390725056
16 409613248 258880448
57 371971072 390714368
52 296594880 409546176
55 258952704 221236736
21 390792192 409535488
55 221310528 277704256
54 221169024 258884992
2 277773824 390725120
16 409613312 258880512
57 371971136 390714432
52 296594944 409546240
55 258952768 221236800
21 390792256 409535552
55 221310592 277704320
54 221169088 258885056
2 277773888 390725184
16 409613376 258880576
57 371971200 390714496
52 296595008 409546304
55 258952832 221236864
21 390792320 409535616
55 221310656 277704384
54 221169152 258885120
2 277773952 390725248
16 409613440 258880640
57 371971264 390714560
52 296595072 409546368
55 258952896 221236928
21 390792384 409535680
55 221310720 277704448
54 221169216 258885184
2 277774016 390725312
16 409613504 258880704
57 371971328 390714624
52 296595136 409546432
55 258952960 221236992
21 390792448 409535744
55 221310784 277704512
54 221169280 258885248
2 277774080 390725376
16 409613568 258880768
57 371971392 390714688
52 296595200 409546496
55 258953024 221237056
21 390792512 409535808
55 221310848 277704576
54 221169344 258885312
2 277774144 390725440
16 409613632 221099328
24 258953088 221237120
10 371971456 390714752
10 390792576 409535872
1 296595264 409546560
13 221310912 277704640
54 221169408 258885376
2 277774208 390725504
16 409613696 258880896
57 371971520 277697984
52 296595328 221097856
55 258953152 277696448
21 390792640 409535936
55 221310976 277704704
54 221169472 258885440
2 277774272 296517568
16 409613760 258880960
57 371971584 277698048
52 296595392 221097920
55 258953216 277696512
21 390792704 409536000
55 221311040 277704768
54 221169536 258885504
2 277774336 296517632
16 409613824 258881024
57 371971648 277698112
52 296595456 221097984
55 258953280 277696576
21 390792768 409536064
55 221311104 277704832
54 221169600 258885568
2 277774400 296517696
16 409613888 258881088
57 371971712 277698176
52 296595520 221098048
55 258953344 277696640
21 390792832 409536128
55 221311168 277704896
54 221169664 258885632
2 277774464 296517760
16 409613952 258881152
57 371971776 277698240
52 296595584 221098112
55 258953408 277696704
21 390792896 409536192
55 221311232 277704960
54 221169728 258885696
2 277774528 296517824
16 409614016 258881216
57 371971840 277698304
52 296595648 221098176
55 258953472 277696768
21 390792960 409536256
55 221311296 277705024
54 221169792 258885760
2 277774592 296517888
16 409614080 258881280
57 371971904 277698368
52 296595712 221098240
55 258953536 277696832
21 390793024 409536320
55 221311360 277705088
54 221169856 258885824
2 277774656 296517952
16 409614144 258881344
57 371971968 277698432
52 296595776 369471808
55 258953600 277696896
21 390793088 409536384
55 221311424 277705152
54 221169920 258885888
2 277774720 296518016
16 409614208 258881408
57 371972032 277698496
52 296595840 390738304
55 258953664 277696960
21 390793152 409536448
55 221311488 277705216
54 221169984 258885952
2 277774784 296518080
16 409614272 258881472
57 371972096 277698560
52 296595904 390738368
55 258953728 277697024
21 390793216 409536512
55 221311552 277705280
54 221170048 258886016
2 277774848 296518144
16 409614336 258881536
57 371972160 277698624
52 296595968 390738432
55 258953792 277697088
21 390793280 409536576
55 221311616 277705344
54 221170112 371902912
2 277774912 296518208
16 409614400 258881600
57 371972224 277698688
52 296596032 390738496
55 258953856 277697152
21 390793344 409536640
55 221311680 277705408
54 221170176 371902976
2 277774976 296518272
16 409614464 258881664
57 371972288 277698752
52 296596096 390738560
55 258953920 277697216
21 390793408 409536704
55 221311744 277705472
54 221170240 371903040
2 277775040 296518336
16 409614528 258881728
57 371972352 277698816
52 296596160 390738624
55 258953984 277697280
21 390793472 409536768
55 221311808 277705536
54 221170304 371903104
2 277775104 296518400
16 409614592 258881792
57 371972416 277698880
52 296596224 390738688
55 258954048 277697344
21 390793536 409536832
55 221311872 277705600
54 221170368 371903168
2 277775168 296518464
16 409614656 258881856
57 371972480 277698944
52 296596288 221098816
55 258954112 277697408
21 390793600 409536896
33 221311936 277705664
12 371972544 277699008
1 221170432 371903232
2 277775232 296518528
7 296596352 221098880
8 409614720 258881920
46 258954176 277697472
21 390793664 409536960
55 221312000 277705728
54 221170496 371903296
2 277775296 296518592
16 409614784 258881984
57 371972608 277699072
52 296596416 221098944
55 258954240 277697536
21 390793728 409537024
55 221312064 277705792
54 221170560 371903360
2 277775360 296518656
16 409614848 258882048
57 371972672 277699136
52 296596480 221099008
55 258954304 277697600
21 390793792 409537088
55 221312128 277705856
54 221170624 371903424
2 277775424 296518720
16 409614912 258882112
57 371972736 277699200
52 296596544 221099072
55 258954368 277697664
21 390793856 409537152
55 221312192 277705920
54 221170688 371903488
2 277775488 296518784
16 409614976 258882176
57 371972800 277699264
52 296596608 221099136
55 258954432 277697728
21 390793920 409537216
55 221312256 277705984
54 221170752 371903552
2 277775552 296518848
16 409615040 258882240
57 371972864 277699328
52 296596672 221099200
55 258954496 277697792
21 390793984 409537280
55 221312320 277706048
54 221170816 371903616
2 277775616 296518912
16 409615104 258882304
57 371972928 277699392
52 296596736 221099264
55 258954560 277697856
21 390794048 409537344
55 221312384 277706112
54 221170880 371903680
2 277775680 296518976
16 409615168 258882368
57 371972992 277699456
52 296596800 369472832
55 258954624 277697920
21 390794112 409537408
55 221312448 277706176
54 221170944 371903744
2 277775744 296519040
16 409615232 258882432
57 371973056 277699520
52 296596864 221099392
55 258954688 221238720
21 390794176 409537472
55 221312512 277706240
54 221171008 371903808
2 277775808 296519104
16 409615296 258882496
57 371973120 277699584
52 296596928 221099456
55 258954752 221238784
21 390794240 409537536
55 221312576 277706304
54 221171072 371903872
2 277775872 296519168
16 409615360 258882560
57 371973184 277699648
52 296596992 221099520
55 258954816 221238848
21 390794304 409537600
55 221312640 277706368
54 221171136 371903936
2 277775936 296519232
16 409615424 258882624
57 371973248 277699712
52 296597056 221099584
55 258954880 221238912
21 390794368 409537664
55 221312704 277706432
54 221171200 371904000
2 277776000 296519296
16 409615488 258882688
57 371973312 277699776
52 296597120 221099648
55 258954944 221238976
21 390794432 409537728
55 221312768 277706496
54 221171264 371904064
2 277776064 296519360
16 409615552 258882752
57 371973376 277699840
52 296597184 221099712
55 258955008 221239040
21 390794496 409537792
55 221312832 277706560
54 221171328 371904128
2 277776128 296519424
16 409615616 258882816
57 371973440 277699904
52 296597248 221099776
55 258955072 221239104
21 390794560 409537856
55 221312896 277706624
54 221171392 371904192
2 277776192 296519488
16 409615680 258882880
57 371973504 277699968
52 296597312 221099840
55 258955136 221239168
21 390794624 409537920
55 221312960 277706688
54 221171456 371904256
2 277776256 296519552
16 409615744 258882944
57 371973568 277700032
35 369472320 390738752
8 221313024 277706752
1 258955200 221239232
12 221171520 371904320
2 277776320 296519616
5 390794688 409537984
1 296597376 221099904
8 409615808 258883008
57 371973632 277700096
52 296597440 221099968
55 258955264 221239296
21 390794752 409538048
55 221313088 277706816
54 221171584 371904384
2 277776384 296519680
16 409615872 258883072
57 371973696 221240896
52 296597504 221100032
55 258955328 221239360
21 390794816 296521280
55 221313152 277706880
54 221171648 221237184
2 277776448 296519744
16 409615936 221101632
57 371973760 221240960
52 296597568 221100096
55 258955392 221239424
21 390794880 296521344
55 221313216 277706944
54 221171712 221237248
2 277776512 296519808
16 409616000 221101696
57 371973824 221241024
52 296597632 221100160
55 258955456 221239488
21 390794944 296521408
55 221313280 277707008
54 221171776 221237312
2 277776576 296519872
16 409616064 221101760
57 371973888 221241088
52 296597696 221100224
55 258955520 221239552
21 390795008 296521472
55 221313344 277707072
54 221171840 221237376
2 277776640 296519936
16 409616128 221101824
57 371973952 221241152
52 296597760 221100288
55 258955584 221239616
21 390795072 296521536
55 221313408 390723968
54 221171904 221237440
2 277776704 296520000
16 409616192 221101888
57 371974016 221241216
52 296597824 221100352
55 258955648 221239680
21 390795136 296521600
55 221313472 390724032
54 221171968 221237504
2 277776768 296520064
16 409616256 221101952
57 371974080 221241280
52 296597888 221100416
55 258955712 221239744
21 390795200 296521664
55 221313536 390724096
54 221172032 221237568
2 277776832 296520128
16 409616320 221102016
57 371974144 221241344
52 296597952 221100480
55 258955776 221239808
21 390795264 296521728
55 221313600 390724160
54 221172096 221237632
2 277776896 296520192
16 409616384 221102080
57 371974208 221241408
52 296598016 221100544
55 258955840 221239872
21 390795328 296521792
55 221313664 221248128
54 221172160 221237696
2 277776960 296520256
16 409616448 221102144
57 371974272 221241472
52 296598080 221100608
55 258955904 221239936
21 390795392 296521856
55 221313728 221248192
54 221172224 221237760
2 277777024 296520320
16 409616512 221102208
57 371974336 221241536
52 296598144 221100672
55 258955968 221240000
21 390795456 296521920
55 221313792 221248256
54 221172288 221237824
2 277777088 296520384
16 409616576 221102272
57 371974400 221241600
52 296598208 221100736
55 258956032 221240064
21 390795520 296521984
55 221313856 221248320
54 221172352 221237888
2 277777152 296520448
16 409616640 258883840
57 371974464 221241664
52 296598272 221100800
55 258956096 221240128
21 390795584 296522048
55 221313920 221248384
54 221172416 221237952
2 277777216 296520512
16 409616704 258883904
57 371974528 221241728
52 296598336 221100864
55 258956160 221240192
21 390795648 296522112
55 221313984 221248448
54 221172480 221238016
2 277777280 296520576
16 409616768 258883968
57 371974592 221241792
52 296598400 221100928
55 258956224 221240256
21 390795712 296522176
55 221314048 221248512
59 258956288 221240320
10 371974656 221241856
1 221172544 221238080
2 277777344 296520640
5 390795776 296522240
1 296598464 221100992
8 409616832 258884032
44 221314112 221248576
54 221172608 221238144
2 277777408 296520704
16 409616896 258884096
57 371974720 221241920
52 296598528 221101056
55 258956352 221240384
21 390795840 296522304
55 221314176 221248640
54 221172672 221238208
2 277777472 296520768
16 409616960 258884160
57 371974784 221241984
52 296598592 221101120
55 258956416 221240448
21 390795904 296522368
55 221314240 221248704
54 221172736 221238272
2 277777536 296520832
16 409617024 258884224
57 371974848 221242048
52 296598656 221101184
55 258956480 221240512
21 390795968 296522432
55 221314304 221248768
54 221172800 221238336
2 277777600 296520896
16 409617088 258884288
57 371974912 221242112
52 296598720 221101248
55 258956544 221240576
21 390796032 296522496
55 221314368 221248832
54 221172864 221238400
2 277777664 296520960
16 409617152 258884352
57 371974976 221242176
52 296598784 221101312
55 258956608 221240640
21 390796096 296522560
55 221314432 221248896
54 221172928 221238464
2 277777728 296521024
16 409617216 258884416
57 371975040 221242240
52 296598848 221101376
55 258956672 221240704
21 390796160 296522624
55 221314496 221248960
54 221172992 221238528
2 277777792 296521088
16 409617280 258884480
57 371975104 221242304
52 296598912 221101440
55 258956736 221240768
21 390796224 296522688
55 221314560 221249024
54 221173056 221238592
2 277777856 296521152
16 409617344 258884544
57 371975168 221242368
52 296598976 221101504
55 258956800 221240832
21 390796288 296522752
55 221314624 221249088
54 221173120 221238656
2 277777920 296521216
16 409617408 258884608
57 371975232 221242432
52 296599040 221101568
55 258956864 258891328
21 390796352 390730816
55 221314688 221249152
54 221173184 221107648
2 277777984 277712448
16 409617472 409551936
57 371975296 371909760
52 296599104 296533568
55 258956928 258891392
21 390796416 390730880
55 221314752 221249216
54 221173248 221107712
2 277778048 277712512
16 409617536 409552000
57 371975360 371909824
52 296599168 296533632
55 258956992 258891456
21 390796480 390730944
55 221314816 221249280
54 221173312 221107776
2 277778112 277712576
16 409617600 409552064
57 371975424 371909888
52 296599232 296533696
55 258957056 258891520
21 390796544 390731008
55 221314880 221249344
54 221173376 221107840
2 277778176 277712640
16 409617664 409552128
57 371975488 371909952
52 296599296 296533760
55 258957120 258891584
21 390796608 390731072
55 221314944 221249408
54 221173440 221107904
2 277778240 277712704
16 409617728 409552192
57 371975552 371910016
52 296599360 296533824
55 258957184 258891648
21 390796672 390731136
55 221315008 221249472
54 221173504 221107968
2 277778304 277712768
16 409617792 409552256
57 371975616 371910080
52 296599424 296533888
55 258957248 258891712
21 390796736 390731200
55 221315072 221249536
54 221173568 221108032
2 277778368 277712832
16 409617856 409552320
57 371975680 371910144
52 296599488 296533952
71 221315136 221249600
1 258957312 258891776
10 371975744 371910208
1 221173632 221108096
2 277778432 277712896
5 390796800 390731264
10 409617920 409552384
30 296599552 296534016
55 258957376 258891840
21 390796864 390731328
55 221315200 221249664
54 221173696 221108160
2 277778496 277712960
16 409617984 409552448
57 371975808 371910272
52 296599616 296534080
55 258957440 258891904
21 390796928 390731392
55 221315264 221249728
54 221173760 221108224
2 277778560 277713024
16 409618048 409552512
57 371975872 371910336
52 296599680 296534144
55 258957504 258891968
21 390796992 390731456
55 221315328 221249792
54 221173824 221108288
2 277778624 277713088
16 409618112 409552576
57 371975936 371910400
52 296599744 296534208
55 258957568 258892032
21 390797056 390731520
55 221315392 221249856
54 221173888 221108352
2 277778688 277713152
16 409618176 409552640
57 371976000 371910464
52 296599808 296534272
55 258957632 258892096
21 390797120 390731584
55 221315456 221249920
54 221173952 221108416
2 277778752 277713216
16 409618240 409552704
57 371976064 371910528
52 296599872 296534336
55 258957696 258892160
21 390797184 390731648
55 221315520 221249984
54 221174016 221108480
2 277778816 277713280
16 409618304 409552768
57 371976128 371910592
52 296599936 296534400
55 258957760 258892224
21 390797248 390731712
55 221315584 221250048
54 221174080 221108544
2 277778880 277713344
16 409618368 409552832
57 371976192 371910656
52 296600000 296534464
55 258957824 258892288
21 390797312 390731776
55 221315648 221250112
54 221174144 221108608
2 277778944 277713408
16 409618432 409552896
57 371976256 371910720
52 296600064 296534528
55 258957888 258892352
21 390797376 277715008
55 221315712 221250176
54 221174208 221108672
2 277779008 277713472
16 409618496 409552960
57 371976320 371910784
52 296600128 296534592
55 258957952 258892416
21 390797440 277715072
55 221315776 221250240
54 221174272 221108736
2 277779072 277713536
16 409618560 409553024
57 371976384 371910848
52 296600192 296534656
55 258958016 258892480
21 390797504 277715136
55 221315840 221250304
54 221174336 221108800
2 277779136 277713600
16 409618624 409553088
57 371976448 371910912
52 296600256 296534720
55 258958080 258892544
21 390797568 277715200
55 221315904 221250368
54 221174400 221108864
2 277779200 277713664
16 409618688 409553152
57 371976512 371910976
52 296600320 296534784
55 258958144 258892608
21 390797632 277715264
55 221315968 221250432
54 221174464 221108928
2 277779264 277713728
16 409618752 409553216
57 371976576 371911040
52 296600384 296534848
55 258958208 258892672
21 390797696 277715328
55 221316032 221250496
54 221174528 221108992
2 277779328 277713792
16 409618816 409553280
57 371976640 371911104
52 296600448 296534912
55 258958272 258892736
21 390797760 277715392
55 221316096 221250560
54 221174592 221109056
2 277779392 277713856
16 409618880 409553344
57 371976704 371911168
52 296600512 296534976
55 258958336 258892800
21 390797824 277715456
55 221316160 221250624
54 221174656 221109120
2 277779456 277713920
16 409618944 409553408
62 221316224 221250688
1 258958400 258892864
10 371976768 371911232
10 390797888 277715520
1 296600576 296535040
28 221174720 221109184
2 277779520 277713984
16 409619008 409553472
57 371976832 371911296
52 296600640 296535104
55 258958464 258892928
21 390797952 277715584
55 221316288 221250752
54 221174784 221109248
2 277779584 277714048
16 409619072 409553536
57 371976896 371911360
52 296600704 296535168
55 258958528 258892992
21 390798016 277715648
55 221316352 221250816
54 221174848 221109312
2 277779648 277714112
16 409619136 409553600
57 371976960 371911424
52 296600768 296535232
55 258958592 258893056
21 390798080 277715712
55 221316416 221250880
54 221174912 221109376
2 277779712 277714176
16 409619200 409553664
57 371977024 371911488
52 296600832 296535296
55 258958656 258893120
21 390798144 277715776
55 221316480 221250944
54 221174976 221109440
2 277779776 277714240
16 409619264 409553728
57 371977088 371911552
52 296600896 296535360
55 258958720 258893184
21 390798208 277715840
55 221316544 221251008
54 221175040 221109504
2 277779840 277714304
16 409619328 409553792
57 371977152 371911616
52 296600960 296535424
55 258958784 258893248
21 390798272 277715904
55 221316608 221251072
54 221175104 221109568
2 277779904 277714368
16 409619392 409553856
57 371977216 371911680
52 296601024 296535488
55 258958848 258893312
21 390798336 277715968
55 221316672 221251136
54 221175168 221109632
2 277779968 277714432
16 409619456 409553920
57 371977280 371911744
52 296601088 296535552
55 258958912 258893376
21 390798400 277716032
55 221316736 221251200
54 221175232 221109696
2 277780032 277714496
16 409619520 409553984
57 371977344 371911808
52 296601152 296535616
55 258958976 258893440
21 390798464 277716096
55 221316800 221251264
54 221175296 221109760
2 277780096 277714560
16 409619584 409554048
57 371977408 371911872
52 296601216 296535680
55 258959040 258893504
21 390798528 277716160
55 221316864 221251328
54 221175360 221109824
2 277780160 277714624
16 409619648 409554112
57 371977472 371911936
52 296601280 296535744
55 258959104 258893568
21 390798592 277716224
55 221316928 221251392
54 221175424 221109888
2 277780224 277714688
16 409619712 409554176
57 371977536 371912000
52 296601344 296535808
55 258959168 258893632
21 390798656 277716288
55 221316992 221251456
54 221175488 221109952
2 277780288 277714752
16 409619776 409554240
57 371977600 371912064
52 296601408 296535872
55 258959232 258893696
21 390798720 277716352
55 221317056 221251520
54 221175552 221110016
2 277780352 277714816
16 409619840 409554304
57 371977664 371912128
52 296601472 296535936
55 258959296 258893760
21 390798784 277716416
55 221317120 221251584
54 221175616 221110080
2 277780416 277714880
16 409619904 409554368
57 371977728 371912192
52 296601536 296536000
55 258959360 258893824
21 390798848 277716480
55 221317184 221251648
54 221175680 221110144
2 277780480 277714944
16 409619968 409554432
57 371977792 371912256
52 296601600 296536064
55 258959424 258893888
21 390798912 277716544
73 221317248 221251712
12 371977856 371912320
1 221175744 221110208
2 277780544 221255744
7 296601664 296536128
8 409620032 409554496
6 258959488 258893952
21 390798976 277716608
55 221317312 221251776
54 221175808 221110272
2 277780608 221255808
16 409620096 409554560
57 371977920 371912384
52 296601728 296536192
55 258959552 258894016
21 390799040 277716672
55 221317376 221251840
54 221175872 221110336
2 277780672 221255872
16 409620160 409554624
57 371977984 371912448
52 296601792 296536256
55 258959616 258894080
21 390799104 277716736
55 221317440 221251904
54 221175936 221110400
2 277780736 221255936
16 409620224 409554688
57 371978048 371912512
52 296601856 296536320
55 258959680 258894144
21 390799168 277716800
55 221317504 221251968
54 221176000 221110464
2 277780800 221256000
16 409620288 409554752
57 371978112 371912576
52 296601920 296536384
55 258959744 258894208
21 390799232 277716864
55 221317568 221252032
54 221176064 221110528
2 277780864 221256064
16 409620352 409554816
57 371978176 371912640
52 296601984 296536448
55 258959808 258894272
21 390799296 277716928
55 221317632 221252096
54 221176128 221110592
2 277780928 221256128
16 409620416 409554880
57 371978240 371912704
52 296602048 296536512
55 258959872 258894336
21 390799360 277716992
55 221317696 221252160
54 221176192 221110656
2 277780992 221256192
16 409620480 409554944
57 371978304 371912768
52 296602112 296536576
55 258959936 258894400
21 390799424 277717056
55 221317760 221252224
54 221176256 221110720
2 277781056 221256256
16 409620544 409555008
57 371978368 371912832
52 296602176 296536640
55 258960000 258894464
21 390799488 277717120
55 221317824 221252288
54 221176320 221110784
2 277781120 221256320
16 409620608 409555072
57 371978432 371912896
52 296602240 296536704
55 258960064 258894528
21 390799552 390734016
55 221317888 221252352
54 221176384 221110848
2 277781184 221256384
16 409620672 409555136
57 371978496 371912960
52 296602304 296536768
55 258960128 258894592
21 390799616 390734080
55 221317952 221252416
54 221176448 221110912
2 277781248 221256448
16 409620736 409555200
57 371978560 371913024
52 296602368 296536832
55 258960192 258894656
21 390799680 390734144
55 221318016 221252480
54 221176512 221110976
2 277781312 221256512
16 409620800 409555264
57 371978624 371913088
52 296602432 296536896
55 258960256 258894720
21 390799744 390734208
55 221318080 221252544
54 221176576 221111040
2 277781376 221256576
16 409620864 409555328
57 371978688 371913152
52 296602496 296536960
55 258960320 258894784
21 390799808 390734272
55 221318144 221252608
54 221176640 221111104
2 277781440 221256640
16 409620928 409555392
57 371978752 371913216
52 296602560 296537024
55 258960384 258894848
21 390799872 390734336
55 221318208 221252672
54 221176704 221111168
2 277781504 221256704
16 409620992 409555456
57 371978816 371913280
52 296602624 296537088
55 258960448 258894912
21 390799936 390734400
55 221318272 221252736
54 221176768 221111232
2 277781568 221256768
16 409621056 409555520
57 371978880 371913344
52 296602688 296537152
31 221318336 221252800
1 258960512 258894976
12 221176832 221111296
2 277781632 221256832
5 390800000 390734464
10 409621120 409555584
17 371978944 371913408
52 296602752 296537216
55 258960576 258895040
21 390800064 390734528
55 221318400 221252864
54 221176896 221111360
2 277781696 221256896
16 409621184 409555648
57 371979008 371913472
52 296602816 296537280
55 258960640 258895104
21 390800128 390734592
55 221318464 221252928
54 221176960 221111424
2 277781760 221256960
16 409621248 409555712
57 371979072 371913536
52 296602880 296537344
55 258960704 258895168
21 390800192 390734656
55 221318528 221252992
54 221177024 221111488
2 277781824 221257024
16 409621312 409555776
57 371979136 371913600
52 296602944 296537408
55 258960768 258895232
21 390800256 390734720
55 221318592 221253056
54 221177088 221111552
2 277781888 221257088
16 409621376 409555840
57 371979200 371913664
52 296603008 296537472
55 258960832 258895296
21 390800320 390734784
55 221318656 221253120
54 221177152 221111616
2 277781952 221257152
16 409621440 409555904
57 371979264 371913728
52 296603072 296537536
55 258960896 258895360
21 390800384 390734848
55 221318720 221253184
54 221177216 221111680
2 277782016 221257216
16 409621504 409555968
57 371979328 371913792
52 296603136 296537600
55 258960960 258895424
21 390800448 390734912
55 221318784 221253248
54 221177280 221111744
2 277782080 221257280
16 409621568 409556032
57 371979392 371913856
52 296603200 296537664
55 258961024 258895488
21 390800512 390734976
55 221318848 221253312
54 221177344 221111808
2 277782144 221257344
16 409621632 409556096
57 371979456 371913920
52 296603264 296537728
55 258961088 258895552
21 390800576 390735040
55 221318912 221253376
54 221177408 221111872
2 277782208 221257408
16 409621696 409556160
57 371979520 371913984
52 296603328 296537792
55 258961152 258895616
21 390800640 390735104
55 221318976 221253440
54 221177472 221111936
2 277782272 221257472
16 409621760 409556224
57 371979584 371914048
52 296603392 296537856
55 258961216 258895680
21 390800704 390735168
55 221319040 221253504
54 221177536 221112000
2 277782336 221257536
16 409621824 409556288
57 371979648 371914112
52 296603456 296537920
55 258961280 258895744
21 390800768 390735232
55 221319104 221253568
54 221177600 221112064
2 277782400 221257600
16 409621888 409556352
57 371979712 371914176
52 296603520 296537984
55 258961344 258895808
21 390800832 390735296
55 221319168 221253632
54 221177664 221112128
2 277782464 221257664
16 409621952 409556416
57 371979776 371914240
52 296603584 296538048
55 258961408 258895872
21 390800896 390735360
55 221319232 221253696
54 221177728 221112192
2 277782528 221257728
16 409622016 409556480
57 371979840 371914304
52 296603648 296538112
55 258961472 258895936
21 390800960 390735424
55 221319296 221253760
54 221177792 221112256
2 277782592 221257792
16 409622080 409556544
57 371979904 371914368
52 296603712 296538176
55 258961536 258896000
21 390801024 390735488
55 221319360 221253824
54 221177856 221112320
2 277782656 221257856
16 409622144 409556608
24 258961600 258896064
10 371979968 371914432
10 390801088 390735552
1 296603776 296538240
13 221319424 221253888
54 221177920 221112384
2 277782720 277717184
16 409622208 409556672
57 371980032 371914496
52 296603840 296538304
55 258961664 258896128
21 390801152 390735616
55 221319488 221253952
54 221177984 221112448
2 277782784 277717248
16 409622272 409556736
57 371980096 371914560
52 296603904 296538368
55 258961728 258896192
21 390801216 390735680
55 221319552 221254016
54 221178048 221112512
2 277782848 277717312
16 409622336 409556800
57 371980160 371914624
52 296603968 296538432
55 258961792 258896256
21 390801280 390735744
55 221319616 221254080
54 221178112 221112576
2 277782912 277717376
16 409622400 409556864
57 371980224 371914688
52 296604032 296538496
55 258961856 258896320
21 390801344 390735808
55 221319680 221254144
54 221178176 221112640
2 277782976 277717440
16 409622464 409556928
57 371980288 371914752
52 296604096 296538560
55 258961920 258896384
21 390801408 390735872
55 221319744 221254208
54 221178240 221112704
2 277783040 277717504
16 409622528 409556992
57 371980352 371914816
52 296604160 296538624
55 258961984 258896448
21 390801472 390735936
55 221319808 221254272
54 221178304 221112768
2 277783104 277717568
16 409622592 409557056
57 371980416 371914880
52 296604224 296538688
55 258962048 258896512
21 390801536 390736000
55 221319872 221254336
54 221178368 221112832
2 277783168 277717632
16 409622656 409557120
57 371980480 371914944
52 296604288 296538752
55 258962112 258896576
21 390801600 390736064
55 221319936 221254400
54 221178432 221112896
2 277783232 277717696
16 409622720 409557184
57 371980544 371915008
52 296604352 296538816
55 258962176 258896640
21 390801664 390736128
55 221320000 221254464
54 221178496 221112960
2 277783296 277717760
16 409622784 409557248
57 371980608 371915072
52 296604416 296538880
55 258962240 258896704
21 390801728 390736192
55 221320064 221254528
54 221178560 221113024
2 277783360 277717824
16 409622848 409557312
57 371980672 371915136
52 296604480 296538944
55 258962304 258896768
21 390801792 390736256
55 221320128 221254592
54 221178624 221113088
2 277783424 277717888
16 409622912 409557376
57 371980736 371915200
52 296604544 296539008
55 258962368 258896832
21 390801856 390736320
55 221320192 221254656
54 221178688 221113152
2 277783488 277717952
16 409622976 409557440
57 371980800 371915264
52 296604608 296539072
55 258962432 258896896
21 390801920 390736384
55 221320256 221254720
54 221178752 221113216
2 277783552 277718016
16 409623040 409557504
57 371980864 371915328
52 296604672 296539136
55 258962496 258896960
21 390801984 390736448
55 221320320 221254784
54 221178816 221113280
2 277783616 277718080
16 409623104 409557568
57 371980928 371915392
52 296604736 296539200
55 258962560 258897024
21 390802048 390736512
55 221320384 221254848
54 221178880 221113344
2 277783680 277718144
16 409623168 409557632
57 371980992 371915456
52 296604800 296539264
55 258962624 258897088
21 390802112 390736576
33 221320448 221254912
12 371981056 371915520
1 221178944 221113408
2 277783744 277718208
7 296604864 296539328
8 409623232 409557696
46 258962688 258897152
21 390802176 390736640
55 221320512 221254976
54 221179008 221113472
2 277783808 277718272
16 409623296 409557760
57 371981120 371915584
52 296604928 296539392
55 258962752 258897216
21 390802240 390736704
55 221320576 221255040
54 221179072 221113536
2 277783872 277718336
16 409623360 409557824
57 371981184 371915648
52 296604992 296539456
55 258962816 258897280
21 390802304 390736768
55 221320640 221255104
54 221179136 221113600
2 277783936 277718400
16 409623424 409557888
57 371981248 371915712
52 296605056 296539520
55 258962880 258897344
21 390802368 390736832
55 221320704 221255168
54 221179200 221113664
2 277784000 277718464
16 409623488 409557952
57 371981312 371915776
52 296605120 296539584
55 258962944 258897408
21 390802432 390736896
55 221320768 221255232
54 221179264 221113728
2 277784064 277718528
16 409623552 409558016
57 371981376 371915840
52 296605184 296539648
55 258963008 258897472
21 390802496 390736960
55 221320832 221255296
54 221179328 221113792
2 277784128 277718592
16 409623616 409558080
57 371981440 371915904
52 296605248 296539712
55 258963072 258897536
21 390802560 390737024
55 221320896 221255360
54 221179392 221113856
2 277784192 277718656
16 409623680 409558144
57 371981504 371915968
52 296605312 296539776
55 258963136 258897600
21 390802624 390737088
55 221320960 221255424
54 221179456 221113920
2 277784256 277718720
16 409623744 409558208
57 371981568 371916032
52 296605376 296539840
55 258963200 258897664
21 390802688 390737152
55 221321024 221255488
54 221179520 221113984
2 277784320 277718784
16 409623808 409558272
57 371981632 371916096
52 296605440 296539904
55 258963264 258897728
21 390802752 390737216
55 221321088 221255552
54 221179584 221114048
2 277784384 277718848
16 409623872 409558336
57 371981696 371916160
52 296605504 296539968
55 258963328 258897792
21 390802816 390737280
55 221321152 221255616
54 221179648 221114112
2 277784448 277718912
16 409623936 409558400
57 371981760 371916224
52 296605568 296540032
55 258963392 258897856
21 390802880 390737344
55 221321216 221255680
54 221179712 221114176
2 277784512 277718976
16 409624000 409558464
57 371981824 371916288
52 296605632 296540096
55 258963456 258897920
21 390802944 390737408
55 221321280 371923008
54 221179776 221114240
2 277784576 277719040
16 409624064 409558528
57 371981888 371916352
52 296605696 296540160
55 258963520 258897984
21 390803008 390737472
55 221321344 371923072
54 221179840 221114304
2 277784640 277719104
16 409624128 409558592
57 371981952 371916416
52 296605760 296540224
55 258963584 258898048
21 390803072 390737536
55 221321408 371923136
54 221179904 221114368
2 277784704 277719168
16 409624192 409558656
57 371982016 371916480
52 296605824 296540288
55 258963648 258898112
21 390803136 390737600
55 221321472 371923200
54 221179968 221114432
2 277784768 277719232
16 409624256 409558720
57 371982080 371916544
35 369472384 390738816
8 221321536 371923264
1 258963712 258898176
12 221180032 221114496
2 277784832 277719296
5 390803200 390737664
1 296605888 296540352
8 409624320 409558784
57 371982144 371916608
52 296605952 296540416
55 258963776 258898240
21 390803264 390737728
55 221321600 371923328
54 221180096 221114560
2 277784896 277719360
16 409624384 409558848
57 371982208 371916672
52 296606016 296540480
55 258963840 258898304
21 390803328 390737792
55 221321664 371923392
54 221180160 221114624
2 277784960 277719424
16 409624448 409558912
57 371982272 371916736
52 296606080 296540544
55 258963904 258898368
21 390803392 390737856
55 221321728 371923456
54 221180224 221114688
2 277785024 277719488
16 409624512 409558976
57 371982336 371916800
52 296606144 296540608
55 258963968 258898432
21 390803456 390737920
55 221321792 371923520
54 221180288 221114752
2 277785088 277719552
16 409624576 409559040
57 371982400 371916864
52 296606208 296540672
55 258964032 258898496
21 390803520 390737984
55 221321856 371923584
54 221180352 221114816
2 277785152 277719616
16 409624640 409559104
57 371982464 371916928
52 296606272 296540736
55 258964096 258898560
21 390803584 390738048
55 221321920 371923648
54 221180416 221114880
2 277785216 277719680
16 409624704 409559168
57 371982528 371916992
52 296606336 296540800
55 258964160 258898624
21 390803648 390738112
55 221321984 371923712
54 221180480 221114944
2 277785280 277719744
16 409624768 409559232
57 371982592 371917056
52 296606400 296540864
55 258964224 258898688
21 390803712 390738176
55 221322048 371923776
54 221180544 221115008
2 277785344 277719808
16 409624832 409559296
57 371982656 371917120
52 296606464 296540928
55 258964288 258898752
21 390803776 390738240
55 221322112 371923840
54 221180608 221115072
2 277785408 277719872
16 409624896 409559360
57 371982720 371917184
52 296606528 296540992
55 258964352 258898816
21 390803840 277721472
55 221322176 371923904
54 221180672 221115136
2 277785472 277719936
16 409624960 409559424
57 371982784 371917248
52 296606592 296541056
55 258964416 258898880
21 390803904 277721536
55 221322240 371923968
54 221180736 221115200
2 277785536 277720000
16 409625024 409559488
57 371982848 371917312
52 296606656 296541120
55 258964480 258898944
21 390803968 277721600
55 221322304 371924032
54 221180800 221115264
2 277785600 277720064
16 409625088 409559552
57 371982912 371917376
52 296606720 296541184
55 258964544 258899008
21 390804032 277721664
55 221322368 371924096
54 221180864 221115328
2 277785664 277720128
16 409625152 409559616
57 371982976 371917440
52 296606784 296541248
55 258964608 258899072
21 390804096 277721728
55 221322432 371924160
54 221180928 221115392
2 277785728 277720192
16 409625216 409559680
57 371983040 371917504
52 296606848 296541312
55 258964672 258899136
21 390804160 277721792
55 221322496 371924224
54 221180992 221115456
2 277785792 277720256
16 409625280 409559744
57 371983104 371917568
52 296606912 296541376
55 258964736 258899200
21 390804224 277721856
55 221322560 371924288
59 258964800 258899264
10 371983168 371917632
1 221181056 221115520
2 277785856 277720320
5 390804288 277721920
1 296606976 296541440
8 409625344 409559808
44 221322624 371924352
54 221181120 221115584
2 277785920 277720384
16 409625408 409559872
57 371983232 371917696
52 296607040 296541504
55 258964864 258899328
21 390804352 277721984
55 221322688 371924416
54 221181184 221115648
2 277785984 277720448
16 409625472 409559936
57 371983296 371917760
52 296607104 296541568
55 258964928 258899392
21 390804416 390738880
55 221322752 371924480
54 221181248 221115712
2 277786048 277720512
16 409625536 409560000
57 371983360 371917824
52 296607168 296541632
55 258964992 258899456
21 390804480 390738944
55 221322816 371924544
54 221181312 221115776
2 277786112 277720576
16 409625600 409560064
57 371983424 371917888
52 296607232 296541696
55 258965056 258899520
21 390804544 390739008
55 221322880 371924608
54 221181376 221115840
2 277786176 277720640
16 409625664 409560128
57 371983488 371917952
52 296607296 296541760
55 258965120 258899584
21 390804608 390739072
55 221322944 371924672
54 221181440 221115904
2 277786240 277720704
16 409625728 409560192
57 371983552 371918016
52 296607360 296541824
55 258965184 258899648
21 390804672 390739136
55 221323008 371924736
54 221181504 221115968
2 277786304 277720768
16 409625792 409560256
57 371983616 371918080
52 296607424 296541888
55 258965248 258899712
21 390804736 390739200
55 221323072 371924800
54 221181568 221116032
2 277786368 277720832
16 409625856 409560320
57 371983680 371918144
52 296607488 296541952
55 258965312 258899776
21 390804800 390739264
55 221323136 371924864
54 221181632 221116096
2 277786432 277720896
16 409625920 409560384
57 371983744 371918208
52 296607552 296542016
55 258965376 258899840
21 390804864 390739328
55 221323200 371924928
54 221181696 221116160
2 277786496 277720960
16 409625984 409560448
57 371983808 371918272
52 296607616 296542080
55 258965440 258899904
21 390804928 390739392
55 221323264 371924992
54 221181760 221116224
2 277786560 277721024
16 409626048 409560512
57 371983872 371918336
52 296607680 296542144
55 258965504 258899968
21 390804992 390739456
55 221323328 371925056
54 221181824 221116288
2 277786624 277721088
16 409626112 409560576
57 371983936 371918400
52 296607744 296542208
55 258965568 258900032
21 390805056 390739520
55 221323392 371925120
54 221181888 221116352
2 277786688 277721152
16 409626176 409560640
57 371984000 371918464
52 296607808 296542272
55 258965632 258900096
21 390805120 390739584
55 221323456 221257920
54 221181952 221116416
2 277786752 277721216
16 409626240 409560704
57 371984064 371918528
52 296607872 296542336
55 258965696 258900160
21 390805184 390739648
55 221323520 221257984
54 221182016 221116480
2 277786816 277721280
16 409626304 409560768
57 371984128 371918592
52 296607936 296542400
55 258965760 258900224
21 390805248 390739712
55 221323584 221258048
54 221182080 221116544
2 277786880 277721344
16 409626368 409560832
57 371984192 371918656
52 296608000 296542464
71 221323648 221258112
1 258965824 258900288
10 371984256 371918720
1 221182144 221116608
2 277786944 277721408
5 390805312 390739776
10 409626432 409560896
30 296608064 296542528
55 258965888 258900352
21 390805376 390739840
55 221323712 221258176
54 221182208 221116672
2 277787008 369471872
16 409626496 409560960
57 371984320 371918784
52 296608128 296542592
55 258965952 258900416
21 390805440 390739904
55 221323776 221258240
54 221182272 221116736
2 277787072 221262272
16 409626560 409561024
57 371984384 371918848
52 296608192 296542656
55 258966016 258900480
21 390805504 390739968
55 221323840 221258304
54 221182336 221116800
2 277787136 221262336
16 409626624 409561088
57 371984448 371918912
52 296608256 296542720
55 258966080 258900544
21 390805568 390740032
55 221323904 221258368
54 221182400 221116864
2 277787200 221262400
16 409626688 409561152
57 371984512 371918976
52 296608320 296542784
55 258966144 258900608
21 390805632 390740096
55 221323968 221258432
54 221182464 221116928
2 277787264 221262464
16 409626752 409561216
57 371984576 371919040
52 296608384 296542848
55 258966208 258900672
21 390805696 390740160
55 221324032 221258496
54 221182528 221116992
2 277787328 221262528
16 409626816 409561280
57 371984640 371919104
52 296608448 296542912
55 258966272 258900736
21 390805760 390740224
55 221324096 221258560
54 221182592 221117056
2 277787392 221262592
16 409626880 409561344
57 371984704 371919168
52 296608512 296542976
55 258966336 258900800
21 390805824 390740288
55 221324160 221258624
54 221182656 221117120
2 277787456 221262656
16 409626944 409561408
57 371984768 371919232
52 296608576 296543040
55 258966400 258900864
21 390805888 390740352
55 221324224 221258688
54 221182720 221117184
2 277787520 221262720
16 409627008 409561472
57 371984832 371919296
52 296608640 296543104
55 258966464 258900928
21 390805952 390740416
55 221324288 221258752
54 221182784 221117248
2 277787584 277722048
16 409627072 409561536
57 371984896 371919360
52 296608704 296543168
55 258966528 258900992
21 390806016 390740480
55 221324352 221258816
54 221182848 221117312
2 277787648 277722112
16 409627136 409561600
57 371984960 371919424
52 296608768 296543232
55 258966592 258901056
21 390806080 390740544
55 221324416 221258880
54 221182912 221117376
2 277787712 277722176
16 409627200 409561664
57 371985024 371919488
52 296608832 296543296
55 258966656 258901120
21 390806144 390740608
55 221324480 221258944
54 221182976 221117440
2 277787776 277722240
16 409627264 409561728
57 371985088 371919552
52 296608896 296543360
55 258966720 258901184
21 390806208 390740672
55 221324544 221259008
54 221183040 221117504
2 277787840 277722304
16 409627328 409561792
57 371985152 371919616
52 296608960 296543424
55 258966784 258901248
21 390806272 390740736
55 221324608 221259072
54 221183104 221117568
2 277787904 277722368
16 409627392 409561856
57 371985216 371919680
52 296609024 296543488
55 258966848 258901312
21 390806336 390740800
55 221324672 221259136
54 221183168 221117632
2 277787968 277722432
16 409627456 409561920
62 221324736 221259200
1 258966912 258901376
10 371985280 371919744
10 390806400 390740864
1 296609088 296543552
28 221183232 221117696
2 277788032 277722496
16 409627520 409561984
57 371985344 371919808
52 296609152 296543616
55 258966976 258901440
21 390806464 390740928
55 221324800 221259264
54 221183296 221117760
2 277788096 277722560
16 409627584 409562048
57 371985408 371919872
52 296609216 296543680
55 258967040 258901504
21 390806528 390740992
55 221324864 221259328
54 221183360 221117824
2 277788160 277722624
16 409627648 409562112
57 371985472 371919936
52 296609280 296543744
55 258967104 258901568
21 390806592 390741056
55 221324928 221259392
54 221183424 221117888
2 277788224 277722688
16 409627712 409562176
57 371985536 371920000
52 296609344 296543808
55 258967168 258901632
21 390806656 390741120
55 221324992 221259456
54 221183488 221117952
2 277788288 277722752
16 409627776 409562240
57 371985600 371920064
52 296609408 296543872
55 258967232 258901696
21 390806720 390741184
55 221325056 221259520
54 221183552 221118016
2 277788352 277722816
16 409627840 409562304
57 371985664 371920128
52 296609472 296543936
55 258967296 258901760
21 390806784 390741248
55 221325120 221259584
54 221183616 221118080
2 277788416 277722880
16 409627904 409562368
57 371985728 371920192
52 296609536 296544000
55 258967360 258901824
21 390806848 390741312
55 221325184 221259648
54 221183680 221118144
2 277788480 277722944
16 409627968 409562432
57 371985792 371920256
52 296609600 296544064
55 258967424 258901888
21 390806912 390741376
55 221325248 221259712
54 221183744 221118208
2 277788544 277723008
16 409628032 409562496
57 371985856 371920320
52 296609664 296544128
55 258967488 258901952
21 390806976 390741440
55 221325312 221259776
54 221183808 221118272
2 277788608 277723072
16 409628096 409562560
57 371985920 371920384
52 296609728 296544192
55 258967552 258902016
21 390807040 390741504
55 221325376 221259840
54 221183872 221118336
2 277788672 277723136
16 409628160 409562624
57 371985984 371920448
52 296609792 296544256
55 258967616 258902080
21 390807104 390741568
55 221325440 221259904
54 221183936 221118400
2 277788736 277723200
16 409628224 409562688
57 371986048 371920512
52 296609856 296544320
55 258967680 258902144
21 390807168 390741632
55 221325504 221259968
54 221184000 221118464
2 277788800 277723264
16 409628288 409562752
57 371986112 371920576
52 296609920 296544384
55 258967744 258902208
21 390807232 390741696
55 221325568 221260032
54 221184064 221118528
2 277788864 277723328
16 409628352 409562816
57 371986176 371920640
52 296609984 296544448
55 258967808 258902272
21 390807296 390741760
55 221325632 221260096
54 221184128 221118592
2 277788928 277723392
16 409628416 409562880
57 371986240 371920704
52 296610048 296544512
55 258967872 258902336
21 390807360 390741824
55 221325696 221260160
54 221184192 221118656
2 277788992 277723456
16 409628480 409562944
57 371986304 371920768
52 296610112 296544576
55 258967936 258902400
21 390807424 390741888
73 221325760 221260224
12 371986368 371920832
1 221184256 221118720
2 277789056 277723520
7 296610176 296544640
8 409628544 409563008
6 258968000 258902464
21 390807488 390741952
55 221325824 221260288
54 221184320 221118784
2 277789120 277723584
16 409628608 409563072
57 371986432 371920896
52 296610240 296544704
55 258968064 258902528
21 390807552 390742016
55 221325888 221260352
54 221184384 221118848
2 277789184 277723648
16 409628672 409563136
57 371986496 371920960
52 296610304 296544768
55 258968128 258902592
21 390807616 390742080
55 221325952 221260416
54 221184448 221118912
2 277789248 277723712
16 409628736 409563200
57 371986560 371921024
52 296610368 296544832
55 258968192 258902656
21 390807680 390742144
55 221326016 221260480
54 221184512 221118976
2 277789312 277723776
16 409628800 409563264
57 371986624 371921088
52 296610432 296544896
55 258968256 258902720
21 390807744 390742208
55 221326080 221260544
54 221184576 221119040
2 277789376 277723840
16 409628864 409563328
57 371986688 371921152
52 296610496 296544960
55 258968320 258902784
21 390807808 390742272
55 221326144 221260608
54 221184640 221119104
2 277789440 277723904
16 409628928 409563392
57 371986752 371921216
52 296610560 296545024
55 258968384 258902848
21 390807872 390742336
55 221326208 221260672
54 221184704 221119168
2 277789504 277723968
16 409628992 409563456
57 371986816 371921280
52 296610624 296545088
55 258968448 258902912
21 390807936 390742400
55 221326272 221260736
54 221184768 221119232
2 277789568 277724032
16 409629056 409563520
57 371986880 371921344
52 296610688 296545152
55 258968512 258902976
21 390808000 390742464
55 221326336 221260800
54 221184832 221119296
2 277789632 277724096
16 409629120 409563584
57 371986944 371921408
52 296610752 296545216
55 258968576 258903040
21 390808064 390742528
55 221326400 221260864
54 221184896 221119360
2 277789696 277724160
16 409629184 409563648
57 371987008 371921472
52 296610816 296545280
55 258968640 258903104
21 390808128 390742592
55 221326464 221260928
54 221184960 221119424
2 277789760 277724224
16 409629248 409563712
57 371987072 371921536
52 296610880 296545344
55 258968704 258903168
21 390808192 390742656
55 221326528 221260992
54 221185024 221119488
2 277789824 277724288
16 409629312 409563776
57 371987136 371921600
52 296610944 296545408
55 258968768 258903232
21 390808256 390742720
55 221326592 221261056
54 221185088 221119552
2 277789888 277724352
16 409629376 409563840
57 371987200 371921664
52 296611008 296545472
55 258968832 258903296
21 390808320 390742784
55 221326656 221261120
54 221185152 221119616
2 277789952 277724416
16 409629440 409563904
57 371987264 371921728
52 296611072 296545536
55 258968896 258903360
21 390808384 390742848
55 221326720 221261184
54 221185216 221119680
2 277790016 277724480
16 409629504 409563968
57 371987328 371921792
52 296611136 296545600
55 258968960 258903424
21 390808448 390742912
55 221326784 221261248
54 221185280 221119744
2 277790080 277724544
16 409629568 409564032
57 371987392 371921856
52 296611200 296545664
31 221326848 221261312
1 258969024 258903488
12 221185344 221119808
2 277790144 277724608
5 390808512 390742976
10 409629632 409564096
17 371987456 371921920
52 296611264 296545728
55 258969088 258903552
21 390808576 390743040
55 221326912 221261376
54 221185408 221119872
2 277790208 277724672
16 409629696 409564160
57 371987520 371921984
52 296611328 296545792
55 258969152 258903616
21 390808640 390743104
55 221326976 221261440
54 221185472 221119936
2 277790272 277724736
16 409629760 409564224
57 371987584 371922048
52 296611392 296545856
55 258969216 258903680
21 390808704 390743168
55 221327040 221261504
54 221185536 221120000
2 277790336 277724800
16 409629824 409564288
57 371987648 371922112
52 296611456 296545920
55 258969280 258903744
21 390808768 390743232
55 221327104 221261568
54 221185600 221120064
2 277790400 277724864
16 409629888 409564352
57 371987712 371922176
52 296611520 296545984
55 258969344 258903808
21 390808832 390743296
55 221327168 221261632
54 221185664 221120128
2 277790464 277724928
16 409629952 409564416
57 371987776 371922240
52 296611584 296546048
55 258969408 258903872
21 390808896 390743360
55 221327232 221261696
54 221185728 221120192
2 277790528 277724992
16 409630016 409564480
57 371987840 371922304
52 296611648 296546112
55 258969472 258903936
21 390808960 390743424
55 221327296 221261760
54 221185792 221120256
2 277790592 277725056
16 409630080 409564544
57 371987904 371922368
52 296611712 296546176
55 258969536 258904000
21 390809024 390743488
55 221327360 221261824
54 221185856 221120320
2 277790656 277725120
16 409630144 409564608
57 371987968 371922432
52 296611776 296546240
55 258969600 258904064
21 390809088 390743552
55 221327424 221261888
54 221185920 221120384
2 277790720 277725184
16 409630208 409564672
57 371988032 371922496
52 296611840 296546304
55 258969664 258904128
21 390809152 390743616
55 221327488 221261952
54 221185984 221120448
2 277790784 277725248
16 409630272 409564736
57 371988096 371922560
52 296611904 296546368
55 258969728 258904192
21 390809216 390743680
55 221327552 221262016
54 221186048 221120512
2 277790848 277725312
16 409630336 409564800
57 371988160 371922624
52 296611968 296546432
55 258969792 258904256
21 390809280 390743744
55 221327616 221262080
54 221186112 221120576
2 277790912 277725376
16 409630400 409564864
57 371988224 371922688
52 296612032 296546496
55 258969856 258904320
21 390809344 390743808
55 221327680 221262144
54 221186176 221120640
2 277790976 277725440
16 409630464 409564928
57 371988288 371922752
52 296612096 296546560
55 258969920 258904384
21 390809408 390743872
55 221327744 221262208
54 221186240 221120704
2 277791040 277725504
16 409630528 409564992
57 371988352 371922816
52 296612160 296546624
55 258969984 258904448
21 390809472 390743936
55 221327808 371929536
54 221186304 221120768
2 277791104 277725568
16 409630592 409565056
57 371988416 371922880
52 296612224 296546688
55 258970048 258904512
21 390809536 390744000
55 221327872 371929600
54 221186368 221120832
2 277791168 277725632
16 409630656 409565120
24 258970112 258904576
10 371988480 371922944
10 390809600 390744064
1 296612288 296546752
13 221327936 371929664
54 221186432 221120896
2 277791232 277725696
16 409630720 409565184
57 371988544 258906176
52 296612352 296546816
55 258970176 258904640
21 390809664 390744128
55 221328000 371929728
54 221186496 221120960
2 277791296 277725760
16 409630784 409565248
57 371988608 258906240
52 296612416 296546880
55 258970240 258904704
21 390809728 390744192
55 221328064 371929792
54 221186560 221121024
2 277791360 277725824
16 409630848 409565312
57 371988672 258906304
52 296612480 296546944
55 258970304 258904768
21 390809792 390744256
55 221328128 371929856
54 221186624 221121088
2 277791424 277725888
16 409630912 409565376
57 371988736 258906368
52 296612544 296547008
55 258970368 258904832
21 390809856 390744320
55 221328192 371929920
54 221186688 221121152
2 277791488 277725952
16 409630976 409565440
57 371988800 258906432
52 296612608 296547072
55 258970432 258904896
21 390809920 390744384
55 221328256 371929984
54 221186752 221121216
2 277791552 277726016
16 409631040 409565504
57 371988864 258906496
52 296612672 296547136
55 258970496 258904960
21 390809984 390744448
55 221328320 221262784
54 221186816 221121280
2 277791616 277726080
16 409631104 409565568
57 371988928 258906560
52 296612736 296547200
55 258970560 258905024
21 390810048 390744512
55 221328384 221262848
54 221186880 221121344
2 277791680 277726144
16 409631168 409565632
57 371988992 258906624
52 296612800 296547264
55 258970624 258905088
21 390810112 390744576
55 221328448 221262912
54 221186944 221121408
2 277791744 277726208
16 409631232 409565696
57 371989056 258906688
52 296612864 296547328
55 258970688 258905152
21 390810176 390744640
55 221328512 221262976
54 221187008 221121472
2 277791808 277726272
16 409631296 409565760
57 371989120 258906752
52 296612928 296547392
55 258970752 258905216
21 390810240 390744704
55 221328576 221263040
54 221187072 221121536
2 277791872 277726336
16 409631360 409565824
57 371989184 258906816
52 296612992 296547456
55 258970816 258905280
21 390810304 390744768
55 221328640 221263104
54 221187136 221121600
2 277791936 277726400
16 409631424 409565888
57 371989248 258906880
52 296613056 296547520
55 258970880 258905344
21 390810368 390744832
55 221328704 221263168
54 221187200 221121664
2 277792000 277726464
16 409631488 409565952
57 371989312 258906944
52 296613120 296547584
55 258970944 258905408
21 390810432 390744896
55 221328768 221263232
54 221187264 221121728
2 277792064 277726528
16 409631552 409566016
57 371989376 258907008
52 296613184 296547648
55 258971008 258905472
21 390810496 390744960
55 221328832 221263296
54 221187328 221121792
2 277792128 277726592
16 409631616 409566080
57 371989440 258907072
52 296613248 296547712
55 258971072 258905536
21 390810560 390745024
55 221328896 221263360
54 221187392 221121856
2 277792192 277726656
16 409631680 409566144
57 371989504 258907136
52 296613312 296547776
55 258971136 258905600
21 390810624 390745088
33 221328960 221263424
12 371989568 258907200
1 221187456 221121920
2 277792256 277726720
7 296613376 296547840
8 409631744 409566208
46 258971200 258905664
21 390810688 390745152
55 221329024 221263488
54 221187520 221121984
2 277792320 277726784
16 409631808 409566272
57 371989632 258907264
52 296613440 296547904
55 258971264 258905728
21 390810752 390745216
55 221329088 221263552
54 221187584 221122048
2 277792384 277726848
16 409631872 409566336
57 371989696 258907328
52 296613504 296547968
55 258971328 258905792
21 390810816 390745280
55 221329152 221263616
54 221187648 221122112
2 277792448 277726912
16 409631936 409566400
57 371989760 258907392
52 296613568 296548032
55 258971392 258905856
21 390810880 390745344
55 221329216 221263680
54 221187712 221122176
2 277792512 277726976
16 409632000 409566464
57 371989824 258907456
52 296613632 296548096
55 258971456 258905920
21 390810944 390745408
55 221329280 221263744
54 221187776 221122240
2 277792576 277727040
16 409632064 409566528
57 371989888 258907520
52 296613696 296548160
55 258971520 258905984
21 390811008 390745472
55 221329344 221263808
54 221187840 221122304
2 277792640 277727104
16 409632128 409566592
57 371989952 258907584
52 296613760 296548224
55 258971584 258906048
21 390811072 390745536
55 221329408 221263872
54 221187904 221122368
2 277792704 277727168
16 409632192 409566656
57 371990016 258907648
52 296613824 296548288
55 258971648 258906112
21 390811136 390745600
55 221329472 221263936
54 221187968 221122432
2 277792768 277727232
16 409632256 409566720
57 371990080 258907712
52 296613888 296548352
55 258971712 221124672
21 390811200 390745664
55 221329536 221264000
54 221188032 221122496
2 277792832 277727296
16 409632320 409566784
57 371990144 258907776
52 296613952 296548416
55 258971776 221124736
21 390811264 390745728
55 221329600 221264064
54 221188096 221122560
2 277792896 277727360
16 409632384 409566848
57 371990208 258907840
52 296614016 296548480
55 258971840 221124800
21 390811328 390745792
55 221329664 221264128
54 221188160 221122624
2 277792960 277727424
16 409632448 409566912
57 371990272 258907904
52 296614080 296548544
55 258971904 221124864
21 390811392 390745856
55 221329728 221264192
54 221188224 221122688
2 277793024 277727488
16 409632512 409566976
57 371990336 258907968
52 296614144 296548608
55 258971968 221124928
21 390811456 390745920
55 221329792 221264256
54 221188288 221122752
2 277793088 277727552
16 409632576 409567040
57 371990400 258908032
52 296614208 296548672
55 258972032 221124992
21 390811520 390745984
55 221329856 221264320
54 221188352 221122816
2 277793152 277727616
16 409632640 409567104
57 371990464 258908096
52 296614272 296548736
55 258972096 221125056
21 390811584 390746048
55 221329920 221264384
54 221188416 221122880
2 277793216 277727680
16 409632704 409567168
57 371990528 258908160
52 296614336 296548800
55 258972160 221125120
21 390811648 390746112
55 221329984 221264448
54 221188480 221122944
2 277793280 277727744
16 409632768 409567232
57 371990592 258908224
35 369472448 371930048
8 221330048 221264512
1 258972224 221125184
12 221188544 221123008
2 277793344 277727808
5 390811712 390746176
1 296614400 296548864
8 409632832 409567296
57 371990656 258908288
52 296614464 296548928
55 258972288 221125248
21 390811776 390746240
55 221330112 221264576
54 221188608 221123072
2 277793408 277727872
16 409632896 409567360
57 371990720 371925184
52 296614528 296548992
55 258972352 221125312
21 390811840 390746304
55 221330176 221264640
54 221188672 221123136
2 277793472 277727936
16 409632960 409567424
57 371990784 371925248
52 296614592 296549056
55 258972416 221125376
21 390811904 390746368
55 221330240 221264704
54 221188736 221123200
2 277793536 277728000
16 409633024 409567488
57 371990848 371925312
52 296614656 296549120
55 258972480 221125440
21 390811968 390746432
55 221330304 221264768
54 221188800 221123264
2 277793600 277728064
16 409633088 409567552
57 371990912 371925376
52 296614720 296549184
55 258972544 221125504
21 390812032 390746496
55 221330368 221264832
54 221188864 221123328
2 277793664 277728128
16 409633152 409567616
57 371990976 371925440
52 296614784 296549248
55 258972608 221125568
21 390812096 390746560
55 221330432 221264896
54 221188928 221123392
2 277793728 277728192
16 409633216 409567680
57 371991040 371925504
52 296614848 296549312
55 258972672 221125632
21 390812160 390746624
55 221330496 221264960
54 221188992 221123456
2 277793792 277728256
16 409633280 409567744
57 371991104 371925568
52 296614912 296549376
55 258972736 221125696
21 390812224 390746688
55 221330560 221265024
54 221189056 221123520
2 277793856 277728320
16 409633344 409567808
57 371991168 371925632
52 296614976 296549440
55 258972800 221125760
21 390812288 390746752
55 221330624 221265088
54 221189120 221123584
2 277793920 277728384
16 409633408 409567872
57 371991232 371925696
52 296615040 296549504
55 258972864 221125824
21 390812352 390746816
55 221330688 221265152
54 221189184 221123648
2 277793984 277728448
16 409633472 409567936
57 371991296 371925760
52 296615104 296549568
55 258972928 221125888
21 390812416 390746880
55 221330752 221265216
54 221189248 221123712
2 277794048 277728512
16 409633536 409568000
57 371991360 371925824
52 296615168 296549632
55 258972992 221125952
21 390812480 390746944
55 221330816 221265280
54 221189312 221123776
2 277794112 277728576
16 409633600 409568064
57 371991424 371925888
52 296615232 296549696
55 258973056 221126016
21 390812544 390747008
55 221330880 221265344
54 221189376 221123840
2 277794176 277728640
16 409633664 409568128
57 371991488 371925952
52 296615296 296549760
55 258973120 221126080
21 390812608 390747072
55 221330944 221265408
54 221189440 221123904
2 277794240 277728704
16 409633728 409568192
57 371991552 371926016
52 296615360 296549824
55 258973184 221126144
21 390812672 390747136
55 221331008 221265472
54 221189504 221123968
2 277794304 277728768
16 409633792 409568256
57 371991616 371926080
52 296615424 296549888
55 258973248 221126208
21 390812736 390747200
55 221331072 221265536
59 258973312 221126272
10 371991680 371926144
1 221189568 221124032
2 277794368 277728832
5 390812800 390747264
1 296615488 296549952
8 409633856 409568320
44 221331136 221265600
54 221189632 221124096
2 277794432 277728896
16 409633920 409568384
57 371991744 371926208
52 296615552 296550016
55 258973376 221126336
21 390812864 390747328
55 221331200 221265664
54 221189696 221124160
2 277794496 277728960
16 409633984 409568448
57 371991808 371926272
52 296615616 296550080
55 258973440 221126400
21 390812928 390747392
55 221331264 221265728
54 221189760 221124224
2 277794560 277729024
16 409634048 409568512
57 371991872 371926336
52 296615680 296550144
55 258973504 221126464
21 390812992 390747456
55 221331328 221265792
54 221189824 221124288
2 277794624 277729088
16 409634112 409568576
57 371991936 371926400
52 296615744 296550208
55 258973568 221126528
21 390813056 390747520
55 221331392 221265856
54 221189888 221124352
2 277794688 277729152
16 409634176 409568640
57 371992000 371926464
52 296615808 296550272
55 258973632 221126592
21 390813120 390747584
55 221331456 221265920
54 221189952 221124416
2 277794752 277729216
16 409634240 409568704
57 371992064 371926528
52 296615872 296550336
55 258973696 221126656
21 390813184 390747648
55 221331520 221265984
54 221190016 221124480
2 277794816 277729280
16 409634304 409568768
57 371992128 371926592
52 296615936 296550400
55 258973760 221126720
21 390813248 390747712
55 221331584 221266048
54 221190080 221124544
2 277794880 277729344
16 409634368 409568832
57 371992192 371926656
52 296616000 296550464
55 258973824 221126784
21 390813312 390747776
55 221331648 221266112
54 221190144 221124608
2 277794944 277729408
16 409634432 409568896
57 371992256 371926720
52 296616064 296550528
55 258973888 258908352
21 390813376 390747840
55 221331712 221266176
54 221190208 409573440
2 277795008 277729472
16 409634496 409568960
57 371992320 371926784
52 296616128 296550592
55 258973952 258908416
21 390813440 390747904
55 221331776 221266240
54 221190272 409573504
2 277795072 277729536
16 409634560 409569024
57 371992384 371926848
52 296616192 296550656
55 258974016 258908480
21 390813504 390747968
55 221331840 221266304
54 221190336 409573568
2 277795136 277729600
16 409634624 409569088
57 371992448 371926912
52 296616256 296550720
55 258974080 258908544
21 390813568 390748032
55 221331904 221266368
54 221190400 409573632
2 277795200 277729664
16 409634688 409569152
57 371992512 371926976
52 296616320 296550784
55 258974144 258908608
21 390813632 390748096
55 221331968 221266432
54 221190464 409573696
2 277795264 277729728
16 409634752 409569216
57 371992576 371927040
52 296616384 296550848
55 258974208 258908672
21 390813696 390748160
55 221332032 221266496
54 221190528 409573760
2 277795328 277729792
16 409634816 409569280
57 371992640 371927104
52 296616448 296550912
55 258974272 258908736
21 390813760 390748224
55 221332096 221266560
54 221190592 409573824
2 277795392 277729856
16 409634880 409569344
57 371992704 371927168
52 296616512 296550976
71 221332160 221266624
1 258974336 258908800
10 371992768 371927232
1 221190656 409573888
2 277795456 277729920
5 390813824 390748288
10 409634944 409569408
30 296616576 296551040
55 258974400 258908864
21 390813888 390748352
55 221332224 221266688
54 221190720 409573952
2 277795520 277729984
16 409635008 409569472
57 371992832 371927296
52 296616640 296551104
55 258974464 258908928
21 390813952 390748416
55 221332288 221266752
54 221190784 409574016
2 277795584 277730048
16 409635072 409569536
57 371992896 371927360
52 296616704 296551168
55 258974528 258908992
21 390814016 390748480
55 221332352 221266816
54 221190848 409574080
2 277795648 277730112
16 409635136 409569600
57 371992960 371927424
52 296616768 296551232
55 258974592 258909056
21 390814080 390748544
55 221332416 221266880
54 221190912 409574144
2 277795712 277730176
16 409635200 409569664
57 371993024 371927488
52 296616832 296551296
55 258974656 258909120
21 390814144 390748608
55 221332480 221266944
54 221190976 409574208
2 277795776 277730240
16 409635264 409569728
57 371993088 371927552
52 296616896 296551360
55 258974720 258909184
21 390814208 390748672
55 221332544 221267008
54 221191040 409574272
2 277795840 277730304
16 409635328 409569792
57 371993152 371927616
52 296616960 296551424
55 258974784 258909248
21 390814272 390748736
55 221332608 221267072
54 221191104 409574336
2 277795904 277730368
16 409635392 409569856
57 371993216 371927680
52 296617024 296551488
55 258974848 258909312
21 390814336 390748800
55 221332672 221267136
54 221191168 409574400
2 277795968 277730432
16 409635456 409569920
57 371993280 371927744
52 296617088 296551552
55 258974912 258909376
21 390814400 390748864
55 221332736 221267200
54 221191232 409574464
2 277796032 277730496
16 409635520 409569984
57 371993344 371927808
52 296617152 296551616
55 258974976 258909440
21 390814464 390748928
55 221332800 221267264
54 221191296 409574528
2 277796096 277730560
16 409635584 409570048
57 371993408 371927872
52 296617216 296551680
55 258975040 258909504
21 390814528 390748992
55 221332864 221267328
54 221191360 409574592
2 277796160 277730624
16 409635648 409570112
57 371993472 371927936
52 296617280 296551744
55 258975104 258909568
21 390814592 390749056
55 221332928 221267392
54 221191424 409574656
2 277796224 277730688
16 409635712 409570176
57 371993536 371928000
52 296617344 296551808
55 258975168 258909632
21 390814656 390749120
55 221332992 221267456
54 221191488 409574720
2 277796288 277730752
16 409635776 409570240
57 371993600 371928064
52 296617408 296551872
55 258975232 258909696
21 390814720 390749184
55 221333056 221267520
54 221191552 409574784
2 277796352 277730816
16 409635840 409570304
57 371993664 371928128
52 296617472 296551936
55 258975296 258909760
21 390814784 390749248
55 221333120 221267584
54 221191616 409574848
2 277796416 277730880
16 409635904 409570368
57 371993728 371928192
52 296617536 296552000
55 258975360 258909824
21 390814848 390749312
55 221333184 221267648
54 221191680 409574912
2 277796480 277730944
16 409635968 409570432
62 221333248 221267712
1 258975424 258909888
10 371993792 371928256
10 390814912 390749376
1 296617600 296552064
28 221191744 409574976
2 277796544 277731008
16 409636032 409570496
57 371993856 371928320
52 296617664 296552128
55 258975488 258909952
21 390814976 390749440
55 221333312 221267776
54 221191808 409575040
2 277796608 277731072
16 409636096 409570560
57 371993920 371928384
52 296617728 296552192
55 258975552 258910016
21 390815040 390749504
55 221333376 221267840
54 221191872 409575104
2 277796672 277731136
16 409636160 409570624
57 371993984 371928448
52 296617792 296552256
55 258975616 258910080
21 390815104 390749568
55 221333440 221267904
54 221191936 409575168
2 277796736 277731200
16 409636224 409570688
57 371994048 371928512
52 296617856 296552320
55 258975680 258910144
21 390815168 390749632
55 221333504 221267968
54 221192000 409575232
2 277796800 277731264
16 409636288 409570752
57 371994112 371928576
52 296617920 296552384
55 258975744 258910208
21 390815232 390749696
55 221333568 221268032
54 221192064 409575296
2 277796864 277731328
16 409636352 409570816
57 371994176 371928640
52 296617984 296552448
55 258975808 258910272
21 390815296 390749760
55 221333632 221268096
54 221192128 409575360
2 277796928 277731392
16 409636416 409570880
57 371994240 371928704
52 296618048 296552512
55 258975872 258910336
21 390815360 390749824
55 221333696 221268160
54 221192192 409575424
2 277796992 277731456
16 409636480 409570944
57 371994304 371928768
52 296618112 296552576
55 258975936 258910400
21 390815424 390749888
55 221333760 221268224
54 221192256 409575488
2 277797056 277731520
16 409636544 409571008
57 371994368 371928832
52 296618176 296552640
55 258976000 258910464
21 390815488 390749952
55 221333824 221268288
54 221192320 409575552
2 277797120 277731584
16 409636608 409571072
57 371994432 371928896
52 296618240 296552704
55 258976064 258910528
21 390815552 390750016
55 221333888 221268352
54 221192384 221126848
2 277797184 277731648
16 409636672 409571136
57 371994496 371928960
52 296618304 296552768
55 258976128 258910592
21 390815616 390750080
55 221333952 221268416
54 221192448 221126912
2 277797248 277731712
16 409636736 409571200
57 371994560 371929024
52 296618368 296552832
55 258976192 258910656
21 390815680 390750144
55 221334016 221268480
54 221192512 221126976
2 277797312 277731776
16 409636800 409571264
57 371994624 371929088
52 296618432 296552896
55 258976256 258910720
21 390815744 390750208
55 221334080 221268544
54 221192576 221127040
2 277797376 277731840
16 409636864 409571328
57 371994688 371929152
52 296618496 296552960
55 258976320 258910784
21 390815808 390750272
55 221334144 221268608
54 221192640 221127104
2 277797440 277731904
16 409636928 409571392
57 371994752 371929216
52 296618560 296553024
55 258976384 258910848
21 390815872 390750336
55 221334208 221268672
54 221192704 221127168
2 277797504 277731968
16 409636992 409571456
57 371994816 371929280
52 296618624 296553088
55 258976448 258910912
21 390815936 390750400
73 221334272 221268736
12 371994880 371929344
1 221192768 221127232
2 277797568 277732032
7 296618688 296553152
8 409637056 409571520
6 258976512 258910976
21 390816000 390750464
55 221334336 221268800
54 221192832 221127296
2 277797632 277732096
16 409637120 409571584
57 371994944 371929408
52 296618752 296553216
55 258976576 258911040
21 390816064 390750528
55 221334400 221268864
54 221192896 221127360
2 277797696 277732160
16 409637184 409571648
57 371995008 371929472
52 296618816 296553280
55 258976640 258911104
21 390816128 390750592
55 221334464 221268928
54 221192960 221127424
2 277797760 277732224
16 409637248 409571712
57 371995072 369471936
52 296618880 296553344
55 258976704 258911168
21 390816192 390750656
55 221334528 221268992
54 221193024 221127488
2 277797824 277732288
16 409637312 409571776
57 371995136 258912768
52 296618944 296553408
55 258976768 258911232
21 390816256 390750720
55 221334592 221269056
54 221193088 221127552
2 277797888 277732352
16 409637376 409571840
57 371995200 258912832
52 296619008 296553472
55 258976832 258911296
21 390816320 390750784
55 221334656 221269120
54 221193152 221127616
2 277797952 277732416
16 409637440 409571904
57 371995264 258912896
52 296619072 296553536
55 258976896 258911360
21 390816384 390750848
55 221334720 221269184
54 221193216 221127680
2 277798016 277732480
16 409637504 409571968
57 371995328 258912960
52 296619136 296553600
55 258976960 258911424
21 390816448 390750912
55 221334784 221269248
54 221193280 221127744
2 277798080 277732544
16 409637568 409572032
57 371995392 258913024
52 296619200 296553664
55 258977024 258911488
21 390816512 390750976
55 221334848 221269312
54 221193344 221127808
2 277798144 277732608
16 409637632 409572096
57 371995456 258913088
52 296619264 296553728
55 258977088 258911552
21 390816576 390751040
55 221334912 221269376
54 221193408 221127872
2 277798208 277732672
16 409637696 409572160
57 371995520 258913152
52 296619328 296553792
55 258977152 258911616
21 390816640 390751104
55 221334976 221269440
54 221193472 221127936
2 277798272 277732736
16 409637760 409572224
57 371995584 258913216
52 296619392 296553856
55 258977216 258911680
21 390816704 390751168
55 221335040 221269504
54 221193536 221128000
2 277798336 277732800
16 409637824 409572288
57 371995648 371930112
52 296619456 296553920
55 258977280 258911744
21 390816768 390751232
55 221335104 221269568
54 221193600 221128064
2 277798400 277732864
16 409637888 409572352
57 371995712 371930176
52 296619520 296553984
55 258977344 258911808
21 390816832 390751296
55 221335168 221269632
54 221193664 221128128
2 277798464 277732928
16 409637952 409572416
57 371995776 371930240
52 296619584 296554048
55 258977408 258911872
21 390816896 390751360
55 221335232 221269696
54 221193728 221128192
2 277798528 277732992
16 409638016 409572480
57 371995840 371930304
52 296619648 296554112
55 258977472 258911936
21 390816960 390751424
55 221335296 221269760
54 221193792 221128256
2 277798592 277733056
16 409638080 409572544
57 371995904 371930368
52 296619712 296554176
31 221335360 221269824
1 258977536 258912000
12 221193856 221128320
2 277798656 277733120
5 390817024 390751488
10 409638144 409572608
17 371995968 371930432
52 296619776 296554240
55 258977600 258912064
21 390817088 390751552
55 221335424 221269888
54 221193920 221128384
2 277798720 277733184
16 409638208 409572672
57 371996032 371930496
52 296619840 296554304
55 258977664 258912128
21 390817152 390751616
55 221335488 221269952
54 221193984 221128448
2 277798784 277733248
16 409638272 409572736
57 371996096 371930560
52 296619904 296554368
55 258977728 258912192
21 390817216 390751680
55 221335552 221270016
54 221194048 221128512
2 277798848 277733312
16 409638336 409572800
57 371996160 371930624
52 296619968 296554432
55 258977792 258912256
21 390817280 390751744
55 221335616 221270080
54 221194112 221128576
2 277798912 277733376
16 409638400 409572864
57 371996224 371930688
52 296620032 296554496
55 258977856 258912320
21 390817344 390751808
55 221335680 221270144
54 221194176 221128640
2 277798976 277733440
16 409638464 409572928
57 371996288 371930752
52 296620096 296554560
55 258977920 258912384
21 390817408 390751872
55 221335744 221270208
54 221194240 221128704
2 277799040 277733504
16 409638528 409572992
57 371996352 371930816
52 296620160 296554624
55 258977984 258912448
21 390817472 390751936
55 221335808 221270272
54 221194304 221128768
2 277799104 277733568
16 409638592 409573056
57 371996416 371930880
52 296620224 296554688
55 258978048 258912512
21 390817536 390752000
55 221335872 221270336
54 221194368 221128832
2 277799168 277733632
16 409638656 409573120
57 371996480 371930944
52 296620288 296554752
55 258978112 258912576
21 390817600 390752064
55 221335936 221270400
54 221194432 221128896
2 277799232 277733696
16 409638720 409573184
57 371996544 371931008
52 296620352 296554816
55 258978176 258912640
21 390817664 390752128
55 221336000 221270464
54 221194496 221128960
2 277799296 277733760
16 409638784 409573248
57 371996608 371931072
52 296620416 296554880
55 258978240 258912704
21 390817728 390752192
55 221336064 221270528
54 221194560 221129024
2 277799360 277733824
16 409638848 409573312
57 371996672 371931136
52 296620480 296554944
55 258978304 221131264
21 390817792 390752256
55 221336128 221270592
54 221194624 221129088
2 277799424 277733888
16 409638912 409573376
57 371996736 371931200
52 296620544 296555008
55 258978368 221131328
21 390817856 390752320
55 221336192 221270656
54 221194688 221129152
2 277799488 277733952
16 409638976 296556608
57 371996800 371931264
52 296620608 296555072
55 258978432 221131392
21 390817920 390752384
55 221336256 221270720
54 221194752 221129216
2 277799552 277734016
16 409639040 296556672
57 371996864 371931328
52 296620672 296555136
55 258978496 221131456
21 390817984 390752448
55 221336320 221270784
54 221194816 221129280
2 277799616 277734080
16 409639104 296556736
57 371996928 371931392
52 296620736 296555200
55 258978560 221131520
21 390818048 390752512
55 221336384 221270848
54 221194880 221129344
2 277799680 277734144
16 409639168 296556800
24 258978624 221131584
10 371996992 371931456
10 390818112 390752576
1 296620800 296555264
13 221336448 221270912
54 221194944 221129408
2 277799744 277734208
16 409639232 296556864
57 371997056 371931520
52 296620864 296555328
55 258978688 221131648
21 390818176 390752640
55 221336512 221270976
54 221195008 221129472
2 277799808 277734272
16 409639296 296556928
57 371997120 371931584
52 296620928 296555392
55 258978752 221131712
21 390818240 390752704
55 221336576 221271040
54 221195072 221129536
2 277799872 277734336
16 409639360 296556992
57 371997184 371931648
52 296620992 296555456
55 258978816 258913280
21 390818304 390752768
55 221336640 221271104
54 221195136 221129600
2 277799936 277734400
16 409639424 296557056
57 371997248 371931712
52 296621056 296555520
55 258978880 258913344
21 390818368 390752832
55 221336704 221271168
54 221195200 221129664
2 277800000 277734464
16 409639488 296557120
57 371997312 371931776
52 296621120 296555584
55 258978944 258913408
21 390818432 390752896
55 221336768 221271232
54 221195264 221129728
2 277800064 277734528
16 409639552 296557184
57 371997376 371931840
52 296621184 296555648
55 258979008 258913472
21 390818496 390752960
55 221336832 221271296
54 221195328 221129792
2 277800128 277734592
16 409639616 296557248
57 371997440 371931904
52 296621248 296555712
55 258979072 258913536
21 390818560 390753024
55 221336896 221271360
54 221195392 221129856
2 277800192 277734656
16 409639680 296557312
57 371997504 371931968
52 296621312 296555776
55 258979136 258913600
21 390818624 390753088
55 221336960 221271424
54 221195456 221129920
2 277800256 277734720
16 409639744 296557376
57 371997568 371932032
52 296621376 296555840
55 258979200 258913664
21 390818688 390753152
55 221337024 221271488
54 221195520 221129984
2 277800320 277734784
16 409639808 296557440
57 371997632 371932096
52 296621440 296555904
55 258979264 258913728
21 390818752 390753216
55 221337088 221271552
54 221195584 221130048
2 277800384 277734848
16 409639872 296557504
57 371997696 371932160
52 296621504 296555968
55 258979328 258913792
21 390818816 390753280
55 221337152 221271616
54 221195648 221130112
2 277800448 277734912
16 409639936 296557568
57 371997760 371932224
52 296621568 296556032
55 258979392 258913856
21 390818880 390753344
55 221337216 221271680
54 221195712 221130176
2 277800512 277734976
16 409640000 296557632
57 371997824 371932288
52 296621632 296556096
55 258979456 258913920
21 390818944 390753408
55 221337280 221271744
54 221195776 221130240
2 277800576 277735040
16 409640064 296557696
57 371997888 371932352
52 296621696 296556160
55 258979520 258913984
21 390819008 390753472
55 221337344 221271808
54 221195840 221130304
2 277800640 277735104
16 409640128 296557760
57 371997952 371932416
52 296621760 296556224
55 258979584 258914048
21 390819072 390753536
55 221337408 221271872
54 221195904 221130368
2 277800704 277735168
16 409640192 296557824
57 371998016 371932480
52 296621824 296556288
55 258979648 258914112
21 390819136 390753600
33 221337472 221271936
12 371998080 371932544
1 221195968 221130432
2 277800768 277735232
7 296621888 296556352
8 409640256 296557888
46 258979712 258914176
21 390819200 390753664
55 221337536 221272000
54 221196032 221130496
2 277800832 277735296
16 409640320 296557952
57 371998144 371932608
52 296621952 296556416
55 258979776 258914240
21 390819264 390753728
55 221337600 221272064
54 221196096 221130560
2 277800896 277735360
16 409640384 296558016
57 371998208 371932672
52 296622016 296556480
55 258979840 258914304
21 390819328 390753792
55 221337664 221272128
54 221196160 221130624
2 277800960 277735424
16 409640448 296558080
57 371998272 371932736
52 296622080 296556544
55 258979904 258914368
21 390819392 390753856
55 221337728 221272192
54 221196224 221130688
2 277801024 277735488
16 409640512 296558144
57 371998336 371932800
52 296622144 390764608
55 258979968 258914432
21 390819456 390753920
55 221337792 221272256
54 221196288 221130752
2 277801088 277735552
16 409640576 296558208
57 371998400 371932864
52 296622208 390764672
55 258980032 258914496
21 390819520 390753984
55 221337856 221272320
54 221196352 221130816
2 277801152 277735616
16 409640640 296558272
57 371998464 371932928
52 296622272 390764736
55 258980096 258914560
21 390819584 390754048
55 221337920 221272384
54 221196416 221130880
2 277801216 277735680
16 409640704 296558336
57 371998528 371932992
52 296622336 390764800
55 258980160 258914624
21 390819648 390754112
55 221337984 221272448
54 221196480 221130944
2 277801280 277735744
16 409640768 296558400
57 371998592 371933056
52 296622400 390764864
55 258980224 258914688
21 390819712 390754176
55 221338048 221272512
54 221196544 221131008
2 277801344 277735808
16 409640832 296558464
57 371998656 371933120
52 296622464 390764928
55 258980288 258914752
21 390819776 390754240
55 221338112 221272576
54 221196608 221131072
2 277801408 277735872
16 409640896 296558528
57 371998720 371933184
52 296622528 390764992
55 258980352 258914816
21 390819840 390754304
55 221338176 221272640
54 221196672 221131136
2 277801472 277735936
16 409640960 296558592
57 371998784 371933248
52 296622592 390765056
55 258980416 258914880
21 390819904 390754368
55 221338240 221272704
54 221196736 221131200
2 277801536 277736000
16 409641024 296558656
57 371998848 371933312
52 296622656 390765120
55 258980480 258914944
21 390819968 390754432
55 221338304 221272768
54 221196800 409580032
2 277801600 277736064
16 409641088 296558720
57 371998912 371933376
52 296622720 390765184
55 258980544 258915008
21 390820032 390754496
55 221338368 221272832
54 221196864 409580096
2 277801664 277736128
16 409641152 409575616
57 371998976 371933440
52 296622784 390765248
55 258980608 258915072
21 390820096 390754560
55 221338432 221272896
54 221196928 409580160
2 277801728 277736192
16 409641216 409575680
57 371999040 371933504
52 296622848 390765312
55 258980672 258915136
21 390820160 390754624
55 221338496 221272960
54 221196992 409580224
2 277801792 277736256
16 409641280 409575744
57 371999104 371933568
35 369472512 221131776
8 221338560 221273024
1 258980736 258915200
12 221197056 409580288
2 277801856 277736320
5 390820224 390754688
1 296622912 390765376
8 409641344 409575808
57 371999168 371933632
52 296622976 390765440
55 258980800 258915264
21 390820288 390754752
55 221338624 221273088
54 221197120 409580352
2 277801920 277736384
16 409641408 409575872
57 371999232 371933696
52 296623040 390765504
55 258980864 258915328
21 390820352 390754816
55 221338688 221273152
54 221197184 409580416
2 277801984 277736448
16 409641472 409575936
57 371999296 371933760
52 296623104 390765568
55 258980928 258915392
21 390820416 390754880
55 221338752 221273216
54 221197248 409580480
2 277802048 277736512
16 409641536 409576000
57 371999360 371933824
52 296623168 390765632
55 258980992 258915456
21 390820480 390754944
55 221338816 221273280
54 221197312 409580544
2 277802112 277736576
16 409641600 409576064
57 371999424 371933888
52 296623232 390765696
55 258981056 258915520
21 390820544 390755008
55 221338880 221273344
54 221197376 221131840
2 277802176 277736640
16 409641664 409576128
57 371999488 371933952
52 296623296 390765760
55 258981120 258915584
21 390820608 390755072
55 221338944 221273408
54 221197440 221131904
2 277802240 277736704
16 409641728 409576192
57 371999552 371934016
52 296623360 390765824
55 258981184 258915648
21 390820672 390755136
55 221339008 221273472
54 221197504 221131968
2 277802304 277736768
16 409641792 409576256
57 371999616 371934080
52 296623424 390765888
55 258981248 258915712
21 390820736 390755200
55 221339072 221273536
54 221197568 221132032
2 277802368 277736832
16 409641856 409576320
57 371999680 371934144
52 296623488 390765952
55 258981312 258915776
21 390820800 390755264
55 221339136 221273600
54 221197632 221132096
2 277802432 277736896
16 409641920 409576384
57 371999744 371934208
52 296623552 390766016
55 258981376 258915840
21 390820864 390755328
55 221339200 221273664
54 221197696 221132160
2 277802496 277736960
16 409641984 409576448
57 371999808 371934272
52 296623616 390766080
55 258981440 258915904
21 390820928 390755392
55 221339264 221273728
54 221197760 221132224
2 277802560 277737024
16 409642048 409576512
57 371999872 371934336
52 296623680 390766144
55 258981504 258915968
21 390820992 390755456
55 221339328 221273792
54 221197824 221132288
2 277802624 277737088
16 409642112 409576576
57 371999936 371934400
52 296623744 390766208
55 258981568 258916032
21 390821056 390755520
55 221339392 221273856
54 221197888 221132352
2 277802688 277737152
16 409642176 409576640
57 372000000 371934464
52 296623808 390766272
55 258981632 258916096
21 390821120 390755584
55 221339456 221273920
54 221197952 221132416
2 277802752 277737216
16 409642240 409576704
57 372000064 371934528
52 296623872 390766336
55 258981696 258916160
21 390821184 390755648
55 221339520 221273984
54 221198016 221132480
2 277802816 277737280
16 409642304 409576768
57 372000128 371934592
52 296623936 390766400
55 258981760 258916224
21 390821248 390755712
55 221339584 221274048
59 258981824 258916288
10 372000192 371934656
1 221198080 221132544
2 277802880 277737344
5 390821312 390755776
1 296624000 390766464
8 409642368 409576832
44 221339648 221274112
54 221198144 221132608
2 277802944 277737408
16 409642432 409576896
57 372000256 371934720
52 296624064 390766528
55 258981888 258916352
21 390821376 390755840
55 221339712 221274176
54 221198208 221132672
2 277803008 277737472
16 409642496 409576960
57 372000320 371934784
52 296624128 390766592
55 258981952 258916416
21 390821440 390755904
55 221339776 221274240
54 221198272 221132736
2 277803072 277737536
16 409642560 409577024
57 372000384 371934848
52 296624192 390766656
55 258982016 258916480
21 390821504 390755968
55 221339840 221274304
54 221198336 221132800
2 277803136 277737600
16 409642624 409577088
57 372000448 371934912
52 296624256 390766720
55 258982080 258916544
21 390821568 390756032
55 221339904 221274368
54 221198400 221132864
2 277803200 277737664
16 409642688 409577152
57 372000512 371934976
52 296624320 296558784
55 258982144 258916608
21 390821632 390756096
55 221339968 221274432
54 221198464 221132928
2 277803264 277737728
16 409642752 409577216
57 372000576 371935040
52 296624384 296558848
55 258982208 258916672
21 390821696 390756160
55 221340032 221274496
54 221198528 221132992
2 277803328 277737792
16 409642816 409577280
57 372000640 371935104
52 296624448 296558912
55 258982272 258916736
21 390821760 390756224
55 221340096 221274560
54 221198592 221133056
2 277803392 277737856
16 409642880 409577344
57 372000704 371935168
52 296624512 296558976
55 258982336 258916800
21 390821824 390756288
55 221340160 221274624
54 221198656 221133120
2 277803456 277737920
16 409642944 409577408
57 372000768 371935232
52 296624576 296559040
55 258982400 258916864
21 390821888 390756352
55 221340224 221274688
54 221198720 221133184
2 277803520 277737984
16 409643008 409577472
57 372000832 371935296
52 296624640 296559104
55 258982464 258916928
21 390821952 390756416
55 221340288 221274752
54 221198784 221133248
2 277803584 277738048
16 409643072 409577536
57 372000896 371935360
52 296624704 296559168
55 258982528 258916992
21 390822016 390756480
55 221340352 221274816
54 221198848 221133312
2 277803648 277738112
16 409643136 409577600
57 372000960 371935424
52 296624768 296559232
55 258982592 258917056
21 390822080 390756544
55 221340416 221274880
54 221198912 221133376
2 277803712 277738176
16 409643200 409577664
57 372001024 371935488
52 296624832 296559296
55 258982656 258917120
21 390822144 390756608
55 221340480 221274944
54 221198976 221133440
2 277803776 277738240
16 409643264 409577728
57 372001088 371935552
52 296624896 296559360
55 258982720 258917184
21 390822208 390756672
55 221340544 221275008
54 221199040 221133504
2 277803840 277738304
16 409643328 409577792
57 372001152 371935616
52 296624960 296559424
55 258982784 258917248
21 390822272 390756736
55 221340608 221275072
54 221199104 221133568
2 277803904 277738368
16 409643392 409577856
57 372001216 371935680
52 296625024 296559488
71 221340672 221275136
1 258982848 258917312
10 372001280 371935744
1 221199168 221133632
2 277803968 277738432
5 390822336 390756800
10 409643456 409577920
30 296625088 296559552
55 258982912 258917376
21 390822400 390756864
55 221340736 221275200
54 221199232 221133696
2 277804032 277738496
16 409643520 409577984
57 372001344 371935808
52 296625152 296559616
55 258982976 258917440
21 390822464 390756928
55 221340800 221275264
54 221199296 221133760
2 277804096 277738560
16 409643584 409578048
57 372001408 371935872
52 296625216 296559680
55 258983040 258917504
21 390822528 390756992
55 221340864 221275328
54 221199360 221133824
2 277804160 277738624
16 409643648 409578112
57 372001472 371935936
52 296625280 296559744
55 258983104 258917568
21 390822592 390757056
55 221340928 221275392
54 221199424 221133888
2 277804224 277738688
16 409643712 409578176
57 372001536 371936000
52 296625344 296559808
55 258983168 258917632
21 390822656 390757120
55 221340992 221275456
54 221199488 221133952
2 277804288 277738752
16 409643776 409578240
57 372001600 371936064
52 296625408 296559872
55 258983232 258917696
21 390822720 390757184
55 221341056 221275520
54 221199552 221134016
2 277804352 277738816
16 409643840 409578304
57 372001664 371936128
52 296625472 296559936
55 258983296 258917760
21 390822784 390757248
55 221341120 221275584
54 221199616 221134080
2 277804416 277738880
16 409643904 409578368
57 372001728 371936192
52 296625536 296560000
55 258983360 258917824
21 390822848 390757312
55 221341184 221275648
54 221199680 221134144
2 277804480 277738944
16 409643968 409578432
57 372001792 371936256
52 296625600 296560064
55 258983424 258917888
21 390822912 390757376
55 221341248 221275712
54 221199744 221134208
2 277804544 277739008
16 409644032 409578496
57 372001856 371936320
52 296625664 296560128
55 258983488 258917952
21 390822976 390757440
55 221341312 221275776
54 221199808 221134272
2 277804608 277739072
16 409644096 409578560
57 372001920 371936384
52 296625728 296560192
55 258983552 258918016
21 390823040 390757504
55 221341376 221275840
54 221199872 221134336
2 277804672 277739136
16 409644160 409578624
57 372001984 371936448
52 296625792 296560256
55 258983616 258918080
21 390823104 390757568
55 221341440 221275904
54 221199936 221134400
2 277804736 277739200
16 409644224 409578688
57 372002048 371936512
52 296625856 296560320
55 258983680 258918144
21 390823168 390757632
55 221341504 221275968
54 221200000 221134464
2 277804800 277739264
16 409644288 409578752
57 372002112 371936576
52 296625920 296560384
55 258983744 258918208
21 390823232 390757696
55 221341568 221276032
54 221200064 221134528
2 277804864 277739328
16 409644352 409578816
57 372002176 371936640
52 296625984 296560448
55 258983808 258918272
21 390823296 390757760
55 221341632 221276096
54 221200128 221134592
2 277804928 277739392
16 409644416 409578880
57 372002240 371936704
52 296626048 296560512
55 258983872 258918336
21 390823360 390757824
55 221341696 221276160
54 221200192 221134656
2 277804992 277739456
16 409644480 409578944
62 221341760 221276224
1 258983936 258918400
10 372002304 371936768
10 390823424 390757888
1 296626112 296560576
28 221200256 221134720
2 277805056 277739520
16 409644544 409579008
57 372002368 371936832
52 296626176 296560640
55 258984000 258918464
21 390823488 390757952
55 221341824 221276288
54 221200320 221134784
2 277805120 277739584
16 409644608 409579072
57 372002432 371936896
52 296626240 296560704
55 258984064 258918528
21 390823552 390758016
55 221341888 221276352
54 221200384 221134848
2 277805184 277739648
16 409644672 409579136
57 372002496 371936960
52 296626304 296560768
55 258984128 258918592
21 390823616 390758080
55 221341952 221276416
54 221200448 221134912
2 277805248 277739712
16 409644736 409579200
57 372002560 371937024
52 296626368 296560832
55 258984192 258918656
21 390823680 390758144
55 221342016 221276480
54 221200512 221134976
2 277805312 277739776
16 409644800 409579264
57 372002624 371937088
52 296626432 296560896
55 258984256 258918720
21 390823744 390758208
55 221342080 221276544
54 221200576 221135040
2 277805376 277739840
16 409644864 409579328
57 372002688 371937152
52 296626496 296560960
55 258984320 258918784
21 390823808 390758272
55 221342144 221276608
54 221200640 221135104
2 277805440 277739904
16 409644928 409579392
57 372002752 371937216
52 296626560 296561024
55 258984384 258918848
21 390823872 390758336
55 221342208 221276672
54 221200704 221135168
2 277805504 277739968
16 409644992 409579456
57 372002816 371937280
52 296626624 296561088
55 258984448 258918912
21 390823936 390758400
55 221342272 221276736
54 221200768 221135232
2 277805568 277740032
16 409645056 409579520
57 372002880 371937344
52 296626688 296561152
55 258984512 258918976
21 390824000 390758464
55 221342336 221276800
54 221200832 221135296
2 277805632 277740096
16 409645120 409579584
57 372002944 371937408
52 296626752 296561216
55 258984576 258919040
21 390824064 390758528
55 221342400 221276864
54 221200896 221135360
2 277805696 277740160
16 409645184 409579648
57 372003008 371937472
52 296626816 296561280
55 258984640 258919104
21 390824128 390758592
55 221342464 221276928
54 221200960 221135424
2 277805760 277740224
16 409645248 409579712
57 372003072 371937536
52 296626880 296561344
55 258984704 258919168
21 390824192 390758656
55 221342528 221276992
54 221201024 221135488
2 277805824 277740288
16 409645312 409579776
57 372003136 371937600
52 296626944 296561408
55 258984768 258919232
21 390824256 390758720
55 221342592 221277056
54 221201088 221135552
2 277805888 277740352
16 409645376 409579840
57 372003200 371937664
52 296627008 296561472
55 258984832 258919296
21 390824320 390758784
55 221342656 221277120
54 221201152 221135616
2 277805952 277740416
16 409645440 409579904
57 372003264 371937728
52 296627072 296561536
55 258984896 258919360
21 390824384 390758848
55 221342720 221277184
54 221201216 221135680
2 277806016 277740480
16 409645504 409579968
57 372003328 371937792
52 296627136 296561600
55 258984960 258919424
21 390824448 390758912
73 221342784 221277248
12 372003392 371937856
1 221201280 221135744
2 277806080 277740544
7 296627200 296561664
8 409645568 369472000
6 258985024 258919488
21 390824512 390758976
55 221342848 221277312
54 221201344 221135808
2 277806144 277740608
16 409645632 296563264
57 372003456 371937920
52 296627264 296561728
55 258985088 258919552
21 390824576 390759040
55 221342912 221277376
54 221201408 221135872
2 277806208 277740672
16 409645696 296563328
57 372003520 371937984
52 296627328 296561792
55 258985152 258919616
21 390824640 390759104
55 221342976 221277440
54 221201472 221135936
2 277806272 277740736
16 409645760 296563392
57 372003584 371938048
52 296627392 296561856
55 258985216 258919680
21 390824704 390759168
55 221343040 221277504
54 221201536 221136000
2 277806336 277740800
16 409645824 296563456
57 372003648 371938112
52 296627456 296561920
55 258985280 258919744
21 390824768 390759232
55 221343104 221277568
54 221201600 221136064
2 277806400 277740864
16 409645888 296563520
57 372003712 371938176
52 296627520 296561984
55 258985344 258919808
21 390824832 390759296
55 221343168 221277632
54 221201664 221136128
2 277806464 277740928
16 409645952 296563584
57 372003776 371938240
52 296627584 296562048
55 258985408 258919872
21 390824896 390759360
55 221343232 221277696
54 221201728 221136192
2 277806528 277740992
16 409646016 296563648
57 372003840 371938304
52 296627648 296562112
55 258985472 258919936
21 390824960 390759424
55 221343296 221277760
54 221201792 221136256
2 277806592 277741056
16 409646080 296563712
57 372003904 371938368
52 296627712 296562176
55 258985536 258920000
21 390825024 390759488
55 221343360 221277824
54 221201856 221136320
2 277806656 277741120
16 409646144 409580608
57 372003968 371938432
52 296627776 296562240
55 258985600 258920064
21 390825088 390759552
55 221343424 221277888
54 221201920 221136384
2 277806720 277741184
16 409646208 409580672
57 372004032 371938496
52 296627840 296562304
55 258985664 258920128
21 390825152 390759616
55 221343488 221277952
54 221201984 221136448
2 277806784 277741248
16 409646272 409580736
57 372004096 371938560
52 296627904 296562368
55 258985728 258920192
21 390825216 390759680
55 221343552 221278016
54 221202048 221136512
2 277806848 277741312
16 409646336 409580800
57 372004160 371938624
52 296627968 296562432
55 258985792 258920256
21 390825280 390759744
55 221343616 221278080
54 221202112 221136576
2 277806912 277741376
16 409646400 409580864
57 372004224 371938688
52 296628032 296562496
55 258985856 258920320
21 390825344 390759808
55 221343680 221278144
54 221202176 221136640
2 277806976 277741440
16 409646464 409580928
57 372004288 371938752
52 296628096 296562560
55 258985920 258920384
21 390825408 390759872
55 221343744 221278208
54 221202240 221136704
2 277807040 277741504
16 409646528 409580992
57 372004352 371938816
52 296628160 296562624
55 258985984 258920448
21 390825472 390759936
55 221343808 221278272
54 221202304 221136768
2 277807104 277741568
16 409646592 409581056
57 372004416 371938880
52 296628224 296562688
31 221343872 221278336
1 258986048 258920512
12 221202368 221136832
2 277807168 277741632
5 390825536 390760000
10 409646656 409581120
17 372004480 371938944
52 296628288 296562752
55 258986112 258920576
21 390825600 390760064
55 221343936 221278400
54 221202432 221136896
2 277807232 277741696
16 409646720 409581184
57 372004544 371939008
52 296628352 296562816
55 258986176 258920640
21 390825664 390760128
55 221344000 221278464
54 221202496 221136960
2 277807296 277741760
16 409646784 409581248
57 372004608 371939072
52 296628416 296562880
55 258986240 258920704
21 390825728 390760192
55 221344064 221278528
54 221202560 221137024
2 277807360 277741824
16 409646848 409581312
57 372004672 371939136
52 296628480 296562944
55 258986304 258920768
21 390825792 390760256
55 221344128 221278592
54 221202624 221137088
2 277807424 277741888
16 409646912 409581376
57 372004736 371939200
52 296628544 296563008
55 258986368 258920832
21 390825856 390760320
55 221344192 221278656
54 221202688 221137152
2 277807488 277741952
16 409646976 409581440
57 372004800 371939264
52 296628608 296563072
55 258986432 258920896
21 390825920 390760384
55 221344256 221278720
54 221202752 221137216
2 277807552 277742016
16 409647040 409581504
57 372004864 371939328
52 296628672 296563136
55 258986496 258920960
21 390825984 390760448
55 221344320 221278784
54 221202816 221137280
2 277807616 277742080
16 409647104 409581568
57 372004928 371939392
52 296628736 296563200
55 258986560 258921024
21 390826048 390760512
55 221344384 221278848
54 221202880 221137344
2 277807680 277742144
16 409647168 409581632
57 372004992 371939456
52 296628800 369472064
55 258986624 258921088
21 390826112 390760576
55 221344448 221278912
54 221202944 221137408
2 277807744 277742208
16 409647232 409581696
57 372005056 371939520
52 296628864 390771328
55 258986688 258921152
21 390826176 390760640
55 221344512 221278976
54 221203008 221137472
2 277807808 277742272
16 409647296 409581760
57 372005120 371939584
52 296628928 390771392
55 258986752 258921216
21 390826240 390760704
55 221344576 221279040
54 221203072 221137536
2 277807872 277742336
16 409647360 409581824
57 372005184 371939648
52 296628992 390771456
55 258986816 258921280
21 390826304 390760768
55 221344640 221279104
54 221203136 221137600
2 277807936 277742400
16 409647424 409581888
57 372005248 371939712
52 296629056 390771520
55 258986880 258921344
21 390826368 390760832
55 221344704 221279168
54 221203200 221137664
2 277808000 277742464
16 409647488 409581952
57 372005312 371939776
52 296629120 390771584
55 258986944 258921408
21 390826432 390760896
55 221344768 221279232
54 221203264 221137728
2 277808064 277742528
16 409647552 409582016
57 372005376 371939840
52 296629184 390771648
55 258987008 258921472
21 390826496 390760960
55 221344832 221279296
54 221203328 221137792
2 277808128 277742592
16 409647616 409582080
57 372005440 371939904
52 296629248 390771712
55 258987072 258921536
21 390826560 390761024
55 221344896 221279360
54 221203392 221137856
2 277808192 277742656
16 409647680 409582144
24 258987136 258921600
10 372005504 371939968
10 390826624 390761088
1 296629312 296563776
13 221344960 221279424
54 221203456 221137920
2 277808256 277742720
16 409647744 409582208
57 372005568 371940032
52 296629376 296563840
55 258987200 258921664
21 390826688 390761152
55 221345024 221279488
54 221203520 221137984
2 277808320 277742784
16 409647808 409582272
57 372005632 371940096
52 296629440 296563904
55 258987264 258921728
21 390826752 390761216
55 221345088 221279552
54 221203584 221138048
2 277808384 277742848
16 409647872 409582336
57 372005696 371940160
52 296629504 296563968
55 258987328 258921792
21 390826816 390761280
55 221345152 221279616
54 221203648 221138112
2 277808448 277742912
16 409647936 409582400
57 372005760 371940224
52 296629568 296564032
55 258987392 258921856
21 390826880 390761344
55 221345216 221279680
54 221203712 221138176
2 277808512 277742976
16 409648000 409582464
57 372005824 371940288
52 296629632 296564096
55 258987456 258921920
21 390826944 390761408
55 221345280 221279744
54 221203776 221138240
2 277808576 277743040
16 409648064 409582528
57 372005888 371940352
52 296629696 296564160
55 258987520 258921984
21 390827008 390761472
55 221345344 221279808
54 221203840 221138304
2 277808640 277743104
16 409648128 409582592
57 372005952 371940416
52 296629760 296564224
55 258987584 258922048
21 390827072 390761536
55 221345408 221279872
54 221203904 221138368
2 277808704 277743168
16 409648192 409582656
57 372006016 371940480
52 296629824 296564288
55 258987648 258922112
21 390827136 390761600
55 221345472 221279936
54 221203968 221138432
2 277808768 277743232
16 409648256 409582720
57 372006080 371940544
52 296629888 296564352
55 258987712 258922176
21 390827200 390761664
55 221345536 221280000
54 221204032 221138496
2 277808832 277743296
16 409648320 409582784
57 372006144 371940608
52 296629952 296564416
55 258987776 258922240
21 390827264 390761728
55 221345600 221280064
54 221204096 221138560
2 277808896 277743360
16 409648384 409582848
57 372006208 371940672
52 296630016 296564480
55 258987840 258922304
21 390827328 390761792
55 221345664 221280128
54 221204160 221138624
2 277808960 277743424
16 409648448 409582912
57 372006272 371940736
52 296630080 296564544
55 258987904 258922368
21 390827392 390761856
55 221345728 221280192
54 221204224 221138688
2 277809024 277743488
16 409648512 409582976
57 372006336 371940800
52 296630144 296564608
55 258987968 258922432
21 390827456 390761920
55 221345792 221280256
54 221204288 221138752
2 277809088 277743552
16 409648576 409583040
57 372006400 371940864
52 296630208 296564672
55 258988032 258922496
21 390827520 390761984
55 221345856 221280320
54 221204352 221138816
2 277809152 277743616
16 409648640 409583104
57 372006464 371940928
52 296630272 296564736
55 258988096 258922560
21 390827584 390762048
55 221345920 221280384
54 221204416 221138880
2 277809216 277743680
16 409648704 409583168
57 372006528 371940992
52 296630336 296564800
55 258988160 258922624
21 390827648 390762112
33 221345984 221280448
12 372006592 371941056
1 221204480 221138944
2 277809280 277743744
7 296630400 296564864
8 409648768 409583232
46 258988224 258922688
21 390827712 390762176
55 221346048 221280512
54 221204544 221139008
2 277809344 277743808
16 409648832 409583296
57 372006656 371941120
52 296630464 296564928
55 258988288 258922752
21 390827776 390762240
55 221346112 221280576
54 221204608 221139072
2 277809408 277743872
16 409648896 409583360
57 372006720 371941184
52 296630528 296564992
55 258988352 258922816
21 390827840 390762304
55 221346176 221280640
54 221204672 221139136
2 277809472 277743936
16 409648960 409583424
57 372006784 371941248
52 296630592 296565056
55 258988416 258922880
21 390827904 390762368
55 221346240 221280704
54 221204736 221139200
2 277809536 277744000
16 409649024 409583488
57 372006848 371941312
52 296630656 296565120
55 258988480 258922944
21 390827968 390762432
55 221346304 221280768
54 221204800 221139264
2 277809600 277744064
16 409649088 409583552
57 372006912 371941376
52 296630720 296565184
55 258988544 258923008
21 390828032 390762496
55 221346368 221280832
54 221204864 221139328
2 277809664 277744128
16 409649152 409583616
57 372006976 371941440
52 296630784 296565248
55 258988608 258923072
21 390828096 390762560
55 221346432 221280896
54 221204928 221139392
2 277809728 277744192
16 409649216 409583680
57 372007040 371941504
52 296630848 296565312
55 258988672 258923136
21 390828160 390762624
55 221346496 221280960
54 221204992 221139456
2 277809792 277744256
16 409649280 409583744
57 372007104 371941568
52 296630912 296565376
55 258988736 258923200
21 390828224 390762688
55 221346560 221281024
54 221205056 221139520
2 277809856 277744320
16 409649344 409583808
57 372007168 371941632
52 296630976 296565440
55 258988800 258923264
21 390828288 390762752
55 221346624 221281088
54 221205120 221139584
2 277809920 277744384
16 409649408 409583872
57 372007232 371941696
52 296631040 296565504
55 258988864 258923328
21 390828352 390762816
55 221346688 221281152
54 221205184 221139648
2 277809984 277744448
16 409649472 409583936
57 372007296 371941760
52 296631104 296565568
55 258988928 258923392
21 390828416 390762880
55 221346752 221281216
54 221205248 221139712
2 277810048 277744512
16 409649536 409584000
57 372007360 371941824
52 296631168 296565632
55 258988992 258923456
21 390828480 390762944
55 221346816 221281280
54 221205312 221139776
2 277810112 277744576
16 409649600 409584064
57 372007424 371941888
52 296631232 296565696
55 258989056 258923520
21 390828544 390763008
55 221346880 221281344
54 221205376 221139840
2 277810176 277744640
16 409649664 409584128
57 372007488 371941952
52 296631296 296565760
55 258989120 258923584
21 390828608 390763072
55 221346944 221281408
54 221205440 221139904
2 277810240 277744704
16 409649728 409584192
57 372007552 371942016
52 296631360 296565824
55 258989184 258923648
21 390828672 390763136
55 221347008 221281472
54 221205504 221139968
2 277810304 277744768
16 409649792 409584256
57 372007616 371942080
35 369472576 390771776
8 221347072 221281536
1 258989248 258923712
12 221205568 221140032
2 277810368 277744832
5 390828736 390763200
1 296631424 296565888
8 409649856 409584320
57 372007680 371942144
52 296631488 296565952
55 258989312 258923776
21 390828800 390763264
55 221347136 221281600
54 221205632 221140096
2 277810432 277744896
16 409649920 409584384
57 372007744 371942208
52 296631552 296566016
55 258989376 258923840
21 390828864 390763328
55 221347200 221281664
54 221205696 221140160
2 277810496 277744960
16 409649984 409584448
57 372007808 371942272
52 296631616 296566080
55 258989440 258923904
21 390828928 390763392
55 221347264 221281728
54 221205760 221140224
2 277810560 277745024
16 409650048 409584512
57 372007872 371942336
52 296631680 296566144
55 258989504 258923968
21 390828992 390763456
55 221347328 221281792
54 221205824 221140288
2 277810624 277745088
16 409650112 409584576
57 372007936 371942400
52 296631744 296566208
55 258989568 258924032
21 390829056 390763520
55 221347392 221281856
54 221205888 221140352
2 277810688 277745152
16 409650176 409584640
57 372008000 371942464
52 296631808 296566272
55 258989632 258924096
21 390829120 390763584
55 221347456 221281920
54 221205952 221140416
2 277810752 277745216
16 409650240 409584704
57 372008064 371942528
52 296631872 296566336
55 258989696 258924160
21 390829184 390763648
55 221347520 221281984
54 221206016 221140480
2 277810816 277745280
16 409650304 409584768
57 372008128 371942592
52 296631936 296566400
55 258989760 258924224
21 390829248 390763712
55 221347584 221282048
54 221206080 221140544
2 277810880 277745344
16 409650368 409584832
57 372008192 371942656
52 296632000 296566464
55 258989824 258924288
21 390829312 390763776
55 221347648 221282112
54 221206144 221140608
2 277810944 277745408
16 409650432 409584896
57 372008256 371942720
52 296632064 296566528
55 258989888 258924352
21 390829376 390763840
55 221347712 221282176
54 221206208 221140672
2 277811008 277745472
16 409650496 409584960
57 372008320 371942784
52 296632128 296566592
55 258989952 258924416
21 390829440 390763904
55 221347776 221282240
54 221206272 221140736
2 277811072 277745536
16 409650560 409585024
57 372008384 371942848
52 296632192 296566656
55 258990016 258924480
21 390829504 390763968
55 221347840 221282304
54 221206336 221140800
2 277811136 277745600
16 409650624 409585088
57 372008448 371942912
52 296632256 296566720
55 258990080 258924544
21 390829568 390764032
55 221347904 221282368
54 221206400 221140864
2 277811200 277745664
16 409650688 409585152
57 372008512 371942976
52 296632320 296566784
55 258990144 258924608
21 390829632 390764096
55 221347968 221282432
54 221206464 221140928
2 277811264 277745728
16 409650752 409585216
57 372008576 371943040
52 296632384 296566848
55 258990208 258924672
21 390829696 390764160
55 221348032 221282496
54 221206528 221140992
2 277811328 277745792
16 409650816 409585280
57 372008640 371943104
52 296632448 296566912
55 258990272 258924736
21 390829760 390764224
55 221348096 221282560
59 258990336 258924800
10 372008704 371943168
1 221206592 221141056
2 277811392 277745856
5 390829824 390764288
1 296632512 296566976
8 409650880 409585344
44 221348160 221282624
54 221206656 221141120
2 277811456 277745920
16 409650944 409585408
57 372008768 371943232
52 296632576 296567040
55 258990400 258924864
21 390829888 390764352
55 221348224 221282688
54 221206720 221141184
2 277811520 277745984
16 409651008 409585472
57 372008832 371943296
52 296632640 296567104
55 258990464 258924928
21 390829952 390764416
55 221348288 221282752
54 221206784 221141248
2 277811584 277746048
16 409651072 409585536
57 372008896 371943360
52 296632704 296567168
55 258990528 258924992
21 390830016 390764480
55 221348352 221282816
54 221206848 221141312
2 277811648 277746112
16 409651136 409585600
57 372008960 371943424
52 296632768 296567232
55 258990592 258925056
21 390830080 390764544
55 221348416 221282880
54 221206912 221141376
2 277811712 277746176
16 409651200 409585664
57 372009024 371943488
52 296632832 296567296
55 258990656 258925120
21 390830144 277747776
55 221348480 221282944
54 221206976 221141440
2 277811776 277746240
16 409651264 409585728
57 372009088 371943552
52 296632896 296567360
55 258990720 258925184
21 390830208 277747840
55 221348544 221283008
54 221207040 221141504
2 277811840 277746304
16 409651328 409585792
57 372009152 371943616
52 296632960 296567424
55 258990784 258925248
21 390830272 277747904
55 221348608 221283072
54 221207104 221141568
2 277811904 277746368
16 409651392 409585856
57 372009216 371943680
52 296633024 296567488
55 258990848 258925312
21 390830336 277747968
55 221348672 221283136
54 221207168 221141632
2 277811968 277746432
16 409651456 409585920
57 372009280 371943744
52 296633088 296567552
55 258990912 258925376
21 390830400 277748032
55 221348736 221283200
54 221207232 221141696
2 277812032 277746496
16 409651520 409585984
57 372009344 371943808
52 296633152 296567616
55 258990976 258925440
21 390830464 277748096
55 221348800 221283264
54 221207296 221141760
2 277812096 277746560
16 409651584 409586048
57 372009408 371943872
52 296633216 296567680
55 258991040 258925504
21 390830528 277748160
55 221348864 221283328
54 221207360 221141824
2 277812160 277746624
16 409651648 409586112
57 372009472 371943936
52 296633280 296567744
55 258991104 258925568
21 390830592 277748224
55 221348928 221283392
54 221207424 221141888
2 277812224 277746688
16 409651712 409586176
57 372009536 371944000
52 296633344 296567808
55 258991168 258925632
21 390830656 277748288
55 221348992 221283456
54 221207488 221141952
2 277812288 277746752
16 409651776 409586240
57 372009600 371944064
52 296633408 296567872
55 258991232 258925696
21 390830720 277748352
55 221349056 221283520
54 221207552 221142016
2 277812352 277746816
16 409651840 409586304
57 372009664 371944128
52 296633472 296567936
55 258991296 258925760
21 390830784 277748416
55 221349120 221283584
54 221207616 221142080
2 277812416 277746880
16 409651904 409586368
57 372009728 371944192
52 296633536 296568000
71 221349184 221283648
1 258991360 258925824
10 372009792 371944256
1 221207680 221142144
2 277812480 277746944
5 390830848 277748480
10 409651968 409586432
30 296633600 296568064
55 258991424 258925888
21 390830912 277748544
55 221349248 221283712
54 221207744 221142208
2 277812544 277747008
16 409652032 409586496
57 372009856 371944320
52 296633664 296568128
55 258991488 258925952
21 390830976 277748608
55 221349312 221283776
54 221207808 221142272
2 277812608 277747072
16 409652096 409586560
57 372009920 371944384
52 296633728 296568192
55 258991552 258926016
21 390831040 277748672
55 221349376 221283840
54 221207872 221142336
2 277812672 277747136
16 409652160 409586624
57 372009984 371944448
52 296633792 296568256
55 258991616 258926080
21 390831104 277748736
55 221349440 221283904
54 221207936 221142400
2 277812736 277747200
16 409652224 409586688
57 372010048 371944512
52 296633856 296568320
55 258991680 258926144
21 390831168 277748800
55 221349504 221283968
54 221208000 221142464
2 277812800 277747264
16 409652288 409586752
57 372010112 371944576
52 296633920 296568384
55 258991744 258926208
21 390831232 277748864
55 221349568 221284032
54 221208064 221142528
2 277812864 277747328
16 409652352 409586816
57 372010176 371944640
52 296633984 296568448
55 258991808 258926272
21 390831296 277748928
55 221349632 221284096
54 221208128 221142592
2 277812928 277747392
16 409652416 409586880
57 372010240 371944704
52 296634048 296568512
55 258991872 258926336
21 390831360 277748992
55 221349696 221284160
54 221208192 221142656
2 277812992 277747456
16 409652480 409586944
57 372010304 371944768
52 296634112 296568576
55 258991936 258926400
21 390831424 277749056
55 221349760 221284224
54 221208256 221142720
2 277813056 277747520
16 409652544 409587008
57 372010368 371944832
52 296634176 296568640
55 258992000 258926464
21 390831488 277749120
55 221349824 221284288
54 221208320 221142784
2 277813120 277747584
16 409652608 409587072
57 372010432 371944896
52 296634240 296568704
55 258992064 258926528
21 390831552 277749184
55 221349888 221284352
54 221208384 221142848
2 277813184 277747648
16 409652672 409587136
57 372010496 371944960
52 296634304 296568768
55 258992128 258926592
21 390831616 277749248
55 221349952 221284416
54 221208448 221142912
2 277813248 277747712
16 409652736 409587200
57 372010560 371945024
52 296634368 296568832
55 258992192 258926656
21 390831680 277749312
55 221350016 221284480
54 221208512 221142976
2 277813312 221288512
16 409652800 409587264
57 372010624 371945088
52 296634432 296568896
55 258992256 258926720
21 390831744 277749376
55 221350080 221284544
54 221208576 221143040
2 277813376 221288576
16 409652864 409587328
57 372010688 371945152
52 296634496 296568960
55 258992320 258926784
21 390831808 277749440
55 221350144 221284608
54 221208640 221143104
2 277813440 221288640
16 409652928 409587392
57 372010752 371945216
52 296634560 296569024
55 258992384 258926848
21 390831872 277749504
55 221350208 221284672
54 221208704 221143168
2 277813504 221288704
16 409652992 409587456
62 221350272 221284736
1 258992448 258926912
10 372010816 371945280
10 390831936 277749568
1 296634624 296569088
28 221208768 221143232
2 277813568 221288768
16 409653056 409587520
57 372010880 371945344
52 296634688 296569152
55 258992512 258926976
21 390832000 277749632
55 221350336 221284800
54 221208832 221143296
2 277813632 221288832
16 409653120 409587584
57 372010944 371945408
52 296634752 296569216
55 258992576 258927040
21 390832064 277749696
55 221350400 221284864
54 221208896 221143360
2 277813696 221288896
16 409653184 409587648
57 372011008 371945472
52 296634816 296569280
55 258992640 258927104
21 390832128 277749760
55 221350464 221284928
54 221208960 221143424
2 277813760 221288960
16 409653248 409587712
57 372011072 371945536
52 296634880 296569344
55 258992704 258927168
21 390832192 277749824
55 221350528 221284992
54 221209024 221143488
2 277813824 221289024
16 409653312 409587776
57 372011136 371945600
52 296634944 296569408
55 258992768 258927232
21 390832256 277749888
55 221350592 221285056
54 221209088 221143552
2 277813888 221289088
16 409653376 409587840
57 372011200 371945664
52 296635008 296569472
55 258992832 258927296
21 390832320 390766784
55 221350656 221285120
54 221209152 221143616
2 277813952 221289152
16 409653440 409587904
57 372011264 371945728
52 296635072 296569536
55 258992896 258927360
21 390832384 390766848
55 221350720 221285184
54 221209216 221143680
2 277814016 221289216
16 409653504 409587968
57 372011328 371945792
52 296635136 296569600
55 258992960 258927424
21 390832448 390766912
55 221350784 221285248
54 221209280 221143744
2 277814080 221289280
16 409653568 409588032
57 372011392 371945856
52 296635200 296569664
55 258993024 258927488
21 390832512 390766976
55 221350848 221285312
54 221209344 221143808
2 277814144 221289344
16 409653632 409588096
57 372011456 371945920
52 296635264 296569728
55 258993088 258927552
21 390832576 390767040
55 221350912 221285376
54 221209408 221143872
2 277814208 221289408
16 409653696 409588160
57 372011520 371945984
52 296635328 296569792
55 258993152 258927616
21 390832640 390767104
55 221350976 221285440
54 221209472 221143936
2 277814272 221289472
16 409653760 409588224
57 372011584 371946048
52 296635392 296569856
55 258993216 258927680
21 390832704 390767168
55 221351040 221285504
54 221209536 221144000
2 277814336 221289536
16 409653824 409588288
57 372011648 371946112
52 296635456 296569920
55 258993280 258927744
21 390832768 390767232
55 221351104 221285568
54 221209600 221144064
2 277814400 221289600
16 409653888 409588352
57 372011712 371946176
52 296635520 296569984
55 258993344 258927808
21 390832832 390767296
55 221351168 221285632
54 221209664 221144128
2 277814464 221289664
16 409653952 409588416
57 372011776 371946240
52 296635584 296570048
55 258993408 258927872
21 390832896 390767360
55 221351232 221285696
54 221209728 221144192
2 277814528 221289728
16 409654016 409588480
57 372011840 371946304
52 296635648 296570112
55 258993472 258927936
21 390832960 390767424
73 221351296 221285760
12 372011904 371946368
1 221209792 221144256
2 277814592 221289792
7 296635712 296570176
8 409654080 409588544
6 258993536 258928000
21 390833024 390767488
55 221351360 221285824
54 221209856 221144320
2 277814656 221289856
16 409654144 409588608
57 372011968 371946432
52 296635776 296570240
55 258993600 258928064
21 390833088 390767552
55 221351424 221285888
54 221209920 221144384
2 277814720 221289920
16 409654208 409588672
57 372012032 371946496
52 296635840 296570304
55 258993664 258928128
21 390833152 390767616
55 221351488 221285952
54 221209984 221144448
2 277814784 221289984
16 409654272 409588736
57 372012096 371946560
52 296635904 296570368
55 258993728 258928192
21 390833216 390767680
55 221351552 221286016
54 221210048 221144512
2 277814848 221290048
16 409654336 409588800
57 372012160 371946624
52 296635968 296570432
55 258993792 258928256
21 390833280 390767744
55 221351616 221286080
54 221210112 221144576
2 277814912 221290112
16 409654400 409588864
57 372012224 371946688
52 296636032 296570496
55 258993856 258928320
21 390833344 390767808
55 221351680 221286144
54 221210176 221144640
2 277814976 221290176
16 409654464 409588928
57 372012288 371946752
52 296636096 296570560
55 258993920 258928384
21 390833408 390767872
55 221351744 221286208
54 221210240 221144704
2 277815040 221290240
16 409654528 409588992
57 372012352 371946816
52 296636160 296570624
55 258993984 258928448
21 390833472 390767936
55 221351808 221286272
54 221210304 221144768
2 277815104 221290304
16 409654592 409589056
57 372012416 371946880
52 296636224 296570688
55 258994048 258928512
21 390833536 390768000
55 221351872 221286336
54 221210368 221144832
2 277815168 221290368
16 409654656 409589120
57 372012480 371946944
52 296636288 296570752
55 258994112 258928576
21 390833600 390768064
55 221351936 221286400
54 221210432 221144896
2 277815232 221290432
16 409654720 409589184
57 372012544 371947008
52 296636352 296570816
55 258994176 258928640
21 390833664 390768128
55 221352000 221286464
54 221210496 221144960
2 277815296 221290496
16 409654784 409589248
57 372012608 371947072
52 296636416 296570880
55 258994240 258928704
21 390833728 390768192
55 221352064 221286528
54 221210560 221145024
2 277815360 221290560
16 409654848 409589312
57 372012672 371947136
52 296636480 296570944
55 258994304 258928768
21 390833792 390768256
55 221352128 221286592
54 221210624 221145088
2 277815424 221290624
16 409654912 409589376
57 372012736 371947200
52 296636544 296571008
55 258994368 258928832
21 390833856 390768320
55 221352192 221286656
54 221210688 221145152
2 277815488 277749952
16 409654976 409589440
57 372012800 371947264
52 296636608 296571072
55 258994432 258928896
21 390833920 390768384
55 221352256 221286720
54 221210752 221145216
2 277815552 277750016
16 409655040 409589504
57 372012864 371947328
52 296636672 296571136
55 258994496 258928960
21 390833984 390768448
55 221352320 221286784
54 221210816 221145280
2 277815616 277750080
16 409655104 409589568
57 372012928 371947392
52 296636736 296571200
31 221352384 221286848
1 258994560 258929024
12 221210880 221145344
2 277815680 277750144
5 390834048 390768512
10 409655168 409589632
17 372012992 371947456
52 296636800 296571264
55 258994624 258929088
21 390834112 390768576
55 221352448 221286912
54 221210944 221145408
2 277815744 277750208
16 409655232 409589696
57 372013056 371947520
52 296636864 296571328
55 258994688 258929152
21 390834176 390768640
55 221352512 221286976
54 221211008 221145472
2 277815808 277750272
16 409655296 409589760
57 372013120 371947584
52 296636928 296571392
55 258994752 258929216
21 390834240 390768704
55 221352576 221287040
54 221211072 221145536
2 277815872 277750336
16 409655360 409589824
57 372013184 371947648
52 296636992 296571456
55 258994816 258929280
21 390834304 390768768
55 221352640 221287104
54 221211136 221145600
2 277815936 277750400
16 409655424 409589888
57 372013248 371947712
52 296637056 296571520
55 258994880 258929344
21 390834368 390768832
55 221352704 221287168
54 221211200 221145664
2 277816000 277750464
16 409655488 409589952
57 372013312 371947776
52 296637120 296571584
55 258994944 258929408
21 390834432 390768896
55 221352768 221287232
54 221211264 221145728
2 277816064 277750528
16 409655552 409590016
57 372013376 371947840
52 296637184 296571648
55 258995008 258929472
21 390834496 390768960
55 221352832 221287296
54 221211328 221145792
2 277816128 277750592
16 409655616 409590080
57 372013440 371947904
52 296637248 296571712
55 258995072 258929536
21 390834560 390769024
55 221352896 221287360
54 221211392 221145856
2 277816192 277750656
16 409655680 409590144
57 372013504 371947968
52 296637312 296571776
55 258995136 258929600
21 390834624 390769088
55 221352960 221287424
54 221211456 221145920
2 277816256 277750720
16 409655744 409590208
57 372013568 371948032
52 296637376 296571840
55 258995200 258929664
21 390834688 390769152
55 221353024 221287488
54 221211520 221145984
2 277816320 277750784
16 409655808 409590272
57 372013632 371948096
52 296637440 296571904
55 258995264 258929728
21 390834752 390769216
55 221353088 221287552
54 221211584 221146048
2 277816384 277750848
16 409655872 409590336
57 372013696 371948160
52 296637504 296571968
55 258995328 258929792
21 390834816 390769280
55 221353152 221287616
54 221211648 221146112
2 277816448 277750912
16 409655936 409590400
57 372013760 371948224
52 296637568 296572032
55 258995392 258929856
21 390834880 390769344
55 221353216 221287680
54 221211712 221146176
2 277816512 277750976
16 409656000 409590464
57 372013824 371948288
52 296637632 296572096
55 258995456 258929920
21 390834944 390769408
55 221353280 221287744
54 221211776 221146240
2 277816576 277751040
16 409656064 409590528
57 372013888 371948352
52 296637696 296572160
55 258995520 258929984
21 390835008 390769472
55 221353344 221287808
54 221211840 221146304
2 277816640 277751104
16 409656128 409590592
57 372013952 371948416
52 296637760 296572224
55 258995584 258930048
21 390835072 390769536
55 221353408 221287872
54 221211904 221146368
2 277816704 277751168
16 409656192 409590656
24 258995648 258930112
10 372014016 371948480
10 390835136 390769600
1 296637824 296572288
13 221353472 221287936
54 221211968 221146432
2 277816768 277751232
16 409656256 409590720
57 372014080 371948544
52 296637888 296572352
55 258995712 258930176
21 390835200 390769664
55 221353536 221288000
54 221212032 221146496
2 277816832 277751296
16 409656320 409590784
57 372014144 371948608
52 296637952 296572416
55 258995776 258930240
21 390835264 390769728
55 221353600 221288064
54 221212096 221146560
2 277816896 277751360
16 409656384 409590848
57 372014208 371948672
52 296638016 296572480
55 258995840 258930304
21 390835328 390769792
55 221353664 221288128
54 221212160 221146624
2 277816960 277751424
16 409656448 409590912
57 372014272 371948736
52 296638080 296572544
55 258995904 258930368
21 390835392 390769856
55 221353728 221288192
54 221212224 221146688
2 277817024 277751488
16 409656512 409590976
57 372014336 371948800
52 296638144 296572608
55 258995968 258930432
21 390835456 390769920
55 221353792 221288256
54 221212288 221146752
2 277817088 277751552
16 409656576 409591040
57 372014400 371948864
52 296638208 296572672
55 258996032 258930496
21 390835520 390769984
55 221353856 221288320
54 221212352 221146816
2 277817152 277751616
16 409656640 409591104
57 372014464 371948928
52 296638272 296572736
55 258996096 258930560
21 390835584 390770048
55 221353920 221288384
54 221212416 221146880
2 277817216 277751680
16 409656704 409591168
57 372014528 371948992
52 296638336 296572800
55 258996160 258930624
21 390835648 390770112
55 221353984 221288448
54 221212480 221146944
2 277817280 277751744
16 409656768 409591232
57 372014592 371949056
52 296638400 296572864
55 258996224 258930688
21 390835712 390770176
55 221354048 371955776
54 221212544 221147008
2 277817344 277751808
16 409656832 409591296
57 372014656 371949120
52 296638464 296572928
55 258996288 258930752
21 390835776 390770240
55 221354112 371955840
54 221212608 221147072
2 277817408 277751872
16 409656896 409591360
57 372014720 371949184
52 296638528 296572992
55 258996352 258930816
21 390835840 390770304
55 221354176 371955904
54 221212672 221147136
2 277817472 277751936
16 409656960 409591424
57 372014784 371949248
52 296638592 296573056
55 258996416 258930880
21 390835904 390770368
55 221354240 371955968
54 221212736 221147200
2 277817536 277752000
16 409657024 409591488
57 372014848 371949312
52 296638656 296573120
55 258996480 258930944
21 390835968 390770432
55 221354304 371956032
54 221212800 221147264
2 277817600 277752064
16 409657088 409591552
57 372014912 371949376
52 296638720 296573184
55 258996544 258931008
21 390836032 390770496
55 221354368 371956096
54 221212864 221147328
2 277817664 277752128
16 409657152 409591616
57 372014976 371949440
52 296638784 296573248
55 258996608 258931072
21 390836096 390770560
55 221354432 371956160
54 221212928 221147392
2 277817728 277752192
16 409657216 409591680
57 372015040 371949504
52 296638848 296573312
55 258996672 258931136
21 390836160 390770624
33 221354496 371956224
12 372015104 371949568
1 221212992 221147456
2 277817792 277752256
7 296638912 296573376
8 409657280 409591744
46 258996736 258931200
21 390836224 390770688
55 221354560 371956288
54 221213056 221147520
2 277817856 277752320
16 409657344 409591808
57 372015168 371949632
52 296638976 296573440
55 258996800 258931264
21 390836288 390770752
55 221354624 371956352
54 221213120 221147584
2 277817920 277752384
16 409657408 409591872
57 372015232 371949696
52 296639040 296573504
55 258996864 258931328
21 390836352 390770816
55 221354688 371956416
54 221213184 221147648
2 277817984 277752448
16 409657472 409591936
57 372015296 371949760
52 296639104 296573568
55 258996928 258931392
21 390836416 390770880
55 221354752 371956480
54 221213248 221147712
2 277818048 277752512
16 409657536 409592000
57 372015360 371949824
52 296639168 296573632
55 258996992 258931456
21 390836480 390770944
55 221354816 371956544
54 221213312 221147776
2 277818112 277752576
16 409657600 409592064
57 372015424 371949888
52 296639232 296573696
55 258997056 258931520
21 390836544 390771008
55 221354880 371956608
54 221213376 221147840
2 277818176 277752640
16 409657664 409592128
57 372015488 371949952
52 296639296 296573760
55 258997120 258931584
21 390836608 390771072
55 221354944 371956672
54 221213440 221147904
2 277818240 277752704
16 409657728 409592192
57 372015552 371950016
52 296639360 296573824
55 258997184 258931648
21 390836672 390771136
55 221355008 371956736
54 221213504 221147968
2 277818304 277752768
16 409657792 409592256
57 372015616 371950080
52 296639424 296573888
55 258997248 258931712
21 390836736 390771200
55 221355072 371956800
54 221213568 221148032
2 277818368 277752832
16 409657856 409592320
57 372015680 371950144
52 296639488 296573952
55 258997312 258931776
21 390836800 390771264
55 221355136 371956864
54 221213632 221148096
2 277818432 277752896
16 409657920 409592384
57 372015744 371950208
52 296639552 296574016
55 258997376 258931840
21 390836864 277754496
55 221355200 371956928
54 221213696 221148160
2 277818496 277752960
16 409657984 409592448
57 372015808 371950272
52 296639616 296574080
55 258997440 258931904
21 390836928 277754560
55 221355264 371956992
54 221213760 221148224
2 277818560 277753024
16 409658048 409592512
57 372015872 371950336
52 296639680 296574144
55 258997504 258931968
21 390836992 277754624
55 221355328 371957056
54 221213824 221148288
2 277818624 277753088
16 409658112 409592576
57 372015936 371950400
52 296639744 296574208
55 258997568 258932032
21 390837056 277754688
55 221355392 371957120
54 221213888 221148352
2 277818688 277753152
16 409658176 409592640
57 372016000 371950464
52 296639808 296574272
55 258997632 258932096
21 390837120 277754752
55 221355456 371957184
54 221213952 221148416
2 277818752 277753216
16 409658240 409592704
57 372016064 371950528
52 296639872 296574336
55 258997696 258932160
21 390837184 277754816
55 221355520 371957248
54 221214016 221148480
2 277818816 277753280
16 409658304 409592768
57 372016128 371950592
35 369472640 390771840
8 221355584 371957312
1 258997760 258932224
12 221214080 221148544
2 277818880 277753344
5 390837248 277754880
1 296639936 296574400
8 409658368 409592832
57 372016192 371950656
52 296640000 296574464
55 258997824 258932288
21 390837312 277754944
55 221355648 371957376
54 221214144 221148608
2 277818944 277753408
16 409658432 409592896
57 372016256 371950720
52 296640064 296574528
55 258997888 258932352
21 390837376 277755008
55 221355712 371957440
54 221214208 221148672
2 277819008 277753472
16 409658496 409592960
57 372016320 371950784
52 296640128 296574592
55 258997952 258932416
21 390837440 390771904
55 221355776 371957504
54 221214272 221148736
2 277819072 277753536
16 409658560 409593024
57 372016384 371950848
52 296640192 296574656
55 258998016 258932480
21 390837504 390771968
55 221355840 371957568
54 221214336 221148800
2 277819136 277753600
16 409658624 409593088
57 372016448 371950912
52 296640256 296574720
55 258998080 258932544
21 390837568 390772032
55 221355904 371957632
54 221214400 221148864
2 277819200 277753664
16 409658688 409593152
57 372016512 371950976
52 296640320 296574784
55 258998144 258932608
21 390837632 390772096
55 221355968 371957696
54 221214464 221148928
2 277819264 277753728
16 409658752 409593216
57 372016576 371951040
52 296640384 296574848
55 258998208 258932672
21 390837696 390772160
55 221356032 371957760
54 221214528 221148992
2 277819328 277753792
16 409658816 409593280
57 372016640 371951104
52 296640448 296574912
55 258998272 258932736
21 390837760 390772224
55 221356096 371957824
54 221214592 221149056
2 277819392 277753856
16 409658880 409593344
57 372016704 371951168
52 296640512 296574976
55 258998336 258932800
21 390837824 390772288
55 221356160 371957888
54 221214656 221149120
2 277819456 277753920
16 409658944 409593408
57 372016768 371951232
52 296640576 296575040
55 258998400 258932864
21 390837888 390772352
55 221356224 221290688
54 221214720 221149184
2 277819520 277753984
16 409659008 409593472
57 372016832 371951296
52 296640640 296575104
55 258998464 258932928
21 390837952 390772416
55 221356288 221290752
54 221214784 221149248
2 277819584 277754048
16 409659072 409593536
57 372016896 371951360
52 296640704 296575168
55 258998528 258932992
21 390838016 390772480
55 221356352 221290816
54 221214848 221149312
2 277819648 277754112
16 409659136 409593600
57 372016960 371951424
52 296640768 296575232
55 258998592 258933056
21 390838080 390772544
55 221356416 221290880
54 221214912 221149376
2 277819712 277754176
16 409659200 409593664
57 372017024 371951488
52 296640832 296575296
55 258998656 258933120
21 390838144 390772608
55 221356480 221290944
54 221214976 221149440
2 277819776 277754240
16 409659264 409593728
57 372017088 371951552
52 296640896 296575360
55 258998720 258933184
21 390838208 390772672
55 221356544 221291008
54 221215040 221149504
2 277819840 277754304
16 409659328 409593792
57 372017152 371951616
52 296640960 296575424
55 258998784 258933248
21 390838272 390772736
55 221356608 221291072
59 258998848 258933312
10 372017216 371951680
1 221215104 221149568
2 277819904 277754368
5 390838336 390772800
1 296641024 296575488
8 409659392 409593856
44 221356672 221291136
54 221215168 221149632
2 277819968 277754432
16 409659456 409593920
57 372017280 371951744
52 296641088 296575552
55 258998912 258933376
21 390838400 390772864
55 221356736 221291200
54 221215232 221149696
2 277820032 369472128
16 409659520 409593984
57 372017344 371951808
52 296641152 296575616
55 258998976 258933440
21 390838464 390772928
55 221356800 221291264
54 221215296 221149760
2 277820096 221295296
16 409659584 409594048
57 372017408 371951872
52 296641216 296575680
55 258999040 258933504
21 390838528 390772992
55 221356864 221291328
54 221215360 221149824
2 277820160 221295360
16 409659648 409594112
57 372017472 371951936
52 296641280 296575744
55 258999104 258933568
21 390838592 390773056
55 221356928 221291392
54 221215424 221149888
2 277820224 221295424
16 409659712 409594176
57 372017536 371952000
52 296641344 296575808
55 258999168 258933632
21 390838656 390773120
55 221356992 221291456
54 221215488 221149952
2 277820288 221295488
16 409659776 409594240
57 372017600 371952064
52 296641408 296575872
55 258999232 258933696
21 390838720 390773184
55 221357056 221291520
54 221215552 221150016
2 277820352 221295552
16 409659840 409594304
57 372017664 371952128
52 296641472 296575936
55 258999296 258933760
21 390838784 390773248
55 221357120 221291584
54 221215616 221150080
2 277820416 221295616
16 409659904 409594368
57 372017728 371952192
52 296641536 296576000
55 258999360 258933824
21 390838848 390773312
55 221357184 221291648
54 221215680 221150144
2 277820480 221295680
16 409659968 409594432
57 372017792 371952256
52 296641600 296576064
55 258999424 258933888
21 390838912 390773376
55 221357248 221291712
54 221215744 221150208
2 277820544 221295744
16 409660032 409594496
57 372017856 371952320
52 296641664 296576128
55 258999488 258933952
21 390838976 390773440
55 221357312 221291776
54 221215808 221150272
2 277820608 277755072
16 409660096 409594560
57 372017920 371952384
52 296641728 296576192
55 258999552 258934016
21 390839040 390773504
55 221357376 221291840
54 221215872 221150336
2 277820672 277755136
16 409660160 409594624
57 372017984 371952448
52 296641792 296576256
55 258999616 258934080
21 390839104 390773568
55 221357440 221291904
54 221215936 221150400
2 277820736 277755200
16 409660224 409594688
57 372018048 371952512
52 296641856 296576320
55 258999680 258934144
21 390839168 390773632
55 221357504 221291968
54 221216000 221150464
2 277820800 277755264
16 409660288 409594752
57 372018112 371952576
52 296641920 296576384
55 258999744 258934208
21 390839232 390773696
55 221357568 221292032
54 221216064 221150528
2 277820864 277755328
16 409660352 409594816
57 372018176 371952640
52 296641984 296576448
55 258999808 258934272
21 390839296 390773760
55 221357632 221292096
54 221216128 221150592
2 277820928 277755392
16 409660416 409594880
57 372018240 371952704
52 296642048 296576512
71 221357696 221292160
1 258999872 258934336
10 372018304 371952768
1 221216192 221150656
2 277820992 277755456
5 390839360 390773824
10 409660480 409594944
30 296642112 296576576
55 258999936 258934400
21 390839424 390773888
55 221357760 221292224
54 221216256 221150720
2 277821056 277755520
16 409660544 409595008
57 372018368 371952832
52 296642176 296576640
55 259000000 258934464
21 390839488 390773952
55 221357824 221292288
54 221216320 221150784
2 277821120 277755584
16 409660608 409595072
57 372018432 371952896
52 296642240 296576704
55 259000064 258934528
21 390839552 390774016
55 221357888 221292352
54 221216384 221150848
2 277821184 277755648
16 409660672 409595136
57 372018496 371952960
52 296642304 296576768
55 259000128 258934592
21 390839616 390774080
55 221357952 221292416
54 221216448 221150912
2 277821248 277755712
16 409660736 409595200
57 372018560 371953024
52 296642368 296576832
55 259000192 258934656
21 390839680 390774144
55 221358016 221292480
54 221216512 221150976
2 277821312 277755776
16 409660800 409595264
57 372018624 371953088
52 296642432 296576896
55 259000256 258934720
21 390839744 390774208
55 221358080 221292544
54 221216576 221151040
2 277821376 277755840
16 409660864 409595328
57 372018688 371953152
52 296642496 296576960
55 259000320 258934784
21 390839808 390774272
55 221358144 221292608
54 221216640 221151104
2 277821440 277755904
16 409660928 409595392
57 372018752 371953216
52 296642560 296577024
55 259000384 258934848
21 390839872 390774336
55 221358208 221292672
54 221216704 221151168
2 277821504 277755968
16 409660992 409595456
57 372018816 371953280
52 296642624 296577088
55 259000448 258934912
21 390839936 390774400
55 221358272 221292736
54 221216768 221151232
2 277821568 277756032
16 409661056 409595520
57 372018880 371953344
52 296642688 296577152
55 259000512 258934976
21 390840000 390774464
55 221358336 221292800
54 221216832 221151296
2 277821632 277756096
16 409661120 409595584
57 372018944 371953408
52 296642752 296577216
55 259000576 258935040
21 390840064 390774528
55 221358400 221292864
54 221216896 221151360
2 277821696 277756160
16 409661184 409595648
57 372019008 371953472
52 296642816 296577280
55 259000640 258935104
21 390840128 390774592
55 221358464 221292928
54 221216960 221151424
2 277821760 277756224
16 409661248 409595712
57 372019072 371953536
52 296642880 296577344
55 259000704 258935168
21 390840192 390774656
55 221358528 221292992
54 221217024 221151488
2 277821824 277756288
16 409661312 409595776
57 372019136 371953600
52 296642944 296577408
55 259000768 258935232
21 390840256 390774720
55 221358592 221293056
54 221217088 221151552
2 277821888 277756352
16 409661376 409595840
57 372019200 371953664
52 296643008 296577472
55 259000832 258935296
21 390840320 390774784
55 221358656 221293120
54 221217152 221151616
2 277821952 277756416
16 409661440 409595904
57 372019264 371953728
52 296643072 296577536
55 259000896 258935360
21 390840384 390774848
55 221358720 221293184
54 221217216 221151680
2 277822016 277756480
16 409661504 409595968
62 221358784 221293248
1 259000960 258935424
10 372019328 371953792
10 390840448 390774912
1 296643136 296577600
28 221217280 221151744
2 277822080 277756544
16 409661568 409596032
57 372019392 371953856
52 296643200 296577664
55 259001024 258935488
21 390840512 390774976
55 221358848 221293312
54 221217344 221151808
2 277822144 277756608
16 409661632 409596096
57 372019456 371953920
52 296643264 296577728
55 259001088 258935552
21 390840576 390775040
55 221358912 221293376
54 221217408 221151872
2 277822208 277756672
16 409661696 409596160
57 372019520 371953984
52 296643328 296577792
55 259001152 258935616
21 390840640 390775104
55 221358976 221293440
54 221217472 221151936
2 277822272 277756736
16 409661760 409596224
57 372019584 371954048
52 296643392 296577856
55 259001216 258935680
21 390840704 390775168
55 221359040 221293504
54 221217536 221152000
2 277822336 277756800
16 409661824 409596288
57 372019648 371954112
52 296643456 296577920
55 259001280 258935744
21 390840768 390775232
55 221359104 221293568
54 221217600 221152064
2 277822400 277756864
16 409661888 409596352
57 372019712 371954176
52 296643520 296577984
55 259001344 258935808
21 390840832 390775296
55 221359168 221293632
54 221217664 221152128
2 277822464 277756928
16 409661952 409596416
57 372019776 371954240
52 296643584 296578048
55 259001408 258935872
21 390840896 390775360
55 221359232 221293696
54 221217728 221152192
2 277822528 277756992
16 409662016 409596480
57 372019840 371954304
52 296643648 296578112
55 259001472 258935936
21 390840960 390775424
55 221359296 221293760
54 221217792 221152256
2 277822592 277757056
16 409662080 409596544
57 372019904 371954368
52 296643712 296578176
55 259001536 258936000
21 390841024 390775488
55 221359360 221293824
54 221217856 221152320
2 277822656 277757120
16 409662144 409596608
57 372019968 371954432
52 296643776 296578240
55 259001600 258936064
21 390841088 390775552
55 221359424 221293888
54 221217920 221152384
2 277822720 277757184
16 409662208 409596672
57 372020032 371954496
52 296643840 296578304
55 259001664 258936128
21 390841152 390775616
55 221359488 221293952
54 221217984 221152448
2 277822784 277757248
16 409662272 409596736
57 372020096 371954560
52 296643904 296578368
55 259001728 258936192
21 390841216 390775680
55 221359552 221294016
54 221218048 221152512
2 277822848 277757312
16 409662336 409596800
57 372020160 371954624
52 296643968 296578432
55 259001792 258936256
21 390841280 390775744
55 221359616 221294080
54 221218112 221152576
2 277822912 277757376
16 409662400 409596864
57 372020224 371954688
52 296644032 296578496
55 259001856 258936320
21 390841344 390775808
55 221359680 221294144
54 221218176 221152640
2 277822976 277757440
16 409662464 409596928
57 372020288 371954752
52 296644096 296578560
55 259001920 258936384
21 390841408 390775872
55 221359744 221294208
54 221218240 221152704
2 277823040 277757504
16 409662528 409596992
57 372020352 371954816
52 296644160 296578624
55 259001984 258936448
21 390841472 390775936
73 221359808 221294272
12 372020416 371954880
1 221218304 221152768
2 277823104 277757568
7 296644224 296578688
8 409662592 409597056
6 259002048 258936512
21 390841536 390776000
55 221359872 221294336
54 221218368 221152832
2 277823168 277757632
16 409662656 409597120
57 372020480 371954944
52 296644288 296578752
55 259002112 258936576
21 390841600 390776064
55 221359936 221294400
54 221218432 221152896
2 277823232 277757696
16 409662720 409597184
57 372020544 371955008
52 296644352 296578816
55 259002176 258936640
21 390841664 390776128
55 221360000 221294464
54 221218496 221152960
2 277823296 277757760
16 409662784 409597248
57 372020608 371955072
52 296644416 296578880
55 259002240 258936704
21 390841728 390776192
55 221360064 221294528
54 221218560 221153024
2 277823360 277757824
16 409662848 409597312
57 372020672 371955136
52 296644480 296578944
55 259002304 258936768
21 390841792 390776256
55 221360128 221294592
54 221218624 221153088
2 277823424 277757888
16 409662912 409597376
57 372020736 371955200
52 296644544 296579008
55 259002368 258936832
21 390841856 390776320
55 221360192 221294656
54 221218688 221153152
2 277823488 277757952
16 409662976 409597440
57 372020800 371955264
52 296644608 296579072
55 259002432 258936896
21 390841920 390776384
55 221360256 221294720
54 221218752 221153216
2 277823552 277758016
16 409663040 409597504
57 372020864 371955328
52 296644672 296579136
55 259002496 258936960
21 390841984 390776448
55 221360320 221294784
54 221218816 221153280
2 277823616 277758080
16 409663104 409597568
57 372020928 371955392
52 296644736 296579200
55 259002560 258937024
21 390842048 390776512
55 221360384 221294848
54 221218880 221153344
2 277823680 277758144
16 409663168 409597632
57 372020992 371955456
52 296644800 296579264
55 259002624 258937088
21 390842112 390776576
55 221360448 221294912
54 221218944 221153408
2 277823744 277758208
16 409663232 409597696
57 372021056 371955520
52 296644864 296579328
55 259002688 258937152
21 390842176 390776640
55 221360512 221294976
54 221219008 221153472
2 277823808 277758272
16 409663296 409597760
57 372021120 371955584
52 296644928 296579392
55 259002752 258937216
21 390842240 390776704
55 221360576 221295040
54 221219072 221153536
2 277823872 277758336
16 409663360 409597824
57 372021184 371955648
52 296644992 296579456
55 259002816 258937280
21 390842304 390776768
55 221360640 221295104
54 221219136 221153600
2 277823936 277758400
16 409663424 409597888
57 372021248 371955712
52 296645056 296579520
55 259002880 258937344
21 390842368 390776832
55 221360704 221295168
54 221219200 221153664
2 277824000 277758464
16 409663488 409597952
57 372021312 258938944
52 296645120 296579584
55 259002944 258937408
21 390842432 390776896
55 221360768 221295232
54 221219264 221153728
2 277824064 277758528
16 409663552 409598016
57 372021376 258939008
52 296645184 296579648
55 259003008 258937472
21 390842496 390776960
55 221360832 371962560
54 221219328 221153792
2 277824128 277758592
16 409663616 409598080
57 372021440 258939072
52 296645248 296579712
31 221360896 371962624
1 259003072 258937536
12 221219392 221153856
2 277824192 277758656
5 390842560 390777024
10 409663680 409598144
17 372021504 258939136
52 296645312 296579776
55 259003136 258937600
21 390842624 390777088
55 221360960 371962688
54 221219456 221153920
2 277824256 277758720
16 409663744 409598208
57 372021568 258939200
52 296645376 296579840
55 259003200 258937664
21 390842688 390777152
55 221361024 371962752
54 221219520 221153984
2 277824320 277758784
16 409663808 409598272
57 372021632 258939264
52 296645440 296579904
55 259003264 258937728
21 390842752 390777216
55 221361088 371962816
54 221219584 221154048
2 277824384 277758848
16 409663872 409598336
57 372021696 258939328
52 296645504 296579968
55 259003328 258937792
21 390842816 390777280
55 221361152 371962880
54 221219648 221154112
2 277824448 277758912
16 409663936 409598400
57 372021760 258939392
52 296645568 296580032
55 259003392 258937856
21 390842880 390777344
55 221361216 371962944
54 221219712 221154176
2 277824512 277758976
16 409664000 409598464
57 372021824 258939456
52 296645632 296580096
55 259003456 258937920
21 390842944 390777408
55 221361280 371963008
54 221219776 221154240
2 277824576 277759040
16 409664064 409598528
57 372021888 258939520
52 296645696 296580160
55 259003520 258937984
21 390843008 390777472
55 221361344 221295808
54 221219840 221154304
2 277824640 277759104
16 409664128 409598592
57 372021952 258939584
52 296645760 296580224
55 259003584 258938048
21 390843072 390777536
55 221361408 221295872
54 221219904 221154368
2 277824704 277759168
16 409664192 409598656
57 372022016 258939648
52 296645824 296580288
55 259003648 258938112
21 390843136 390777600
55 221361472 221295936
54 221219968 221154432
2 277824768 277759232
16 409664256 409598720
57 372022080 258939712
52 296645888 296580352
55 259003712 258938176
21 390843200 390777664
55 221361536 221296000
54 221220032 221154496
2 277824832 277759296
16 409664320 409598784
57 372022144 258939776
52 296645952 296580416
55 259003776 258938240
21 390843264 390777728
55 221361600 221296064
54 221220096 221154560
2 277824896 277759360
16 409664384 409598848
57 372022208 258939840
52 296646016 296580480
55 259003840 258938304
21 390843328 390777792
55 221361664 221296128
54 221220160 221154624
2 277824960 277759424
16 409664448 409598912
57 372022272 258939904
52 296646080 296580544
55 259003904 258938368
21 390843392 390777856
55 221361728 221296192
54 221220224 221154688
2 277825024 277759488
16 409664512 409598976
57 372022336 258939968
52 296646144 296580608
55 259003968 258938432
21 390843456 390777920
55 221361792 221296256
54 221220288 221154752
2 277825088 277759552
16 409664576 409599040
57 372022400 258940032
52 296646208 296580672
55 259004032 258938496
21 390843520 390777984
55 221361856 221296320
54 221220352 221154816
2 277825152 277759616
16 409664640 409599104
57 372022464 258940096
52 296646272 296580736
55 259004096 258938560
21 390843584 390778048
55 221361920 221296384
54 221220416 221154880
2 277825216 277759680
16 409664704 409599168
24 259004160 258938624
10 372022528 258940160
10 390843648 390778112
1 296646336 296580800
13 221361984 221296448
54 221220480 221154944
2 277825280 277759744
16 409664768 409599232
57 372022592 258940224
52 296646400 296580864
55 259004224 258938688
21 390843712 390778176
55 221362048 221296512
54 221220544 221155008
2 277825344 277759808
16 409664832 409599296
57 372022656 258940288
52 296646464 296580928
55 259004288 258938752
21 390843776 390778240
55 221362112 221296576
54 221220608 221155072
2 277825408 277759872
16 409664896 409599360
57 372022720 258940352
52 296646528 296580992
55 259004352 258938816
21 390843840 390778304
55 221362176 221296640
54 221220672 221155136
2 277825472 277759936
16 409664960 409599424
57 372022784 258940416
52 296646592 296581056
55 259004416 258938880
21 390843904 390778368
55 221362240 221296704
54 221220736 221155200
2 277825536 277760000
16 409665024 409599488
57 372022848 258940480
52 296646656 296581120
55 259004480 221157440
21 390843968 390778432
55 221362304 221296768
54 221220800 221155264
2 277825600 277760064
16 409665088 409599552
57 372022912 258940544
52 296646720 296581184
55 259004544 221157504
21 390844032 390778496
55 221362368 221296832
54 221220864 221155328
2 277825664 277760128
16 409665152 409599616
57 372022976 258940608
52 296646784 296581248
55 259004608 221157568
21 390844096 390778560
55 221362432 221296896
54 221220928 221155392
2 277825728 277760192
16 409665216 409599680
57 372023040 258940672
52 296646848 296581312
55 259004672 221157632
21 390844160 390778624
55 221362496 221296960
54 221220992 221155456
2 277825792 277760256
16 409665280 409599744
57 372023104 258940736
52 296646912 296581376
55 259004736 221157696
21 390844224 390778688
55 221362560 221297024
54 221221056 221155520
2 277825856 277760320
16 409665344 409599808
57 372023168 258940800
52 296646976 296581440
55 259004800 221157760
21 390844288 390778752
55 221362624 221297088
54 221221120 221155584
2 277825920 277760384
16 409665408 409599872
57 372023232 258940864
52 296647040 296581504
55 259004864 221157824
21 390844352 390778816
55 221362688 221297152
54 221221184 221155648
2 277825984 277760448
16 409665472 409599936
57 372023296 258940928
52 296647104 296581568
55 259004928 221157888
21 390844416 390778880
55 221362752 221297216
54 221221248 221155712
2 277826048 277760512
16 409665536 409600000
57 372023360 258940992
52 296647168 296581632
55 259004992 221157952
21 390844480 390778944
55 221362816 221297280
54 221221312 221155776
2 277826112 277760576
16 409665600 409600064
57 372023424 258941056
52 296647232 296581696
55 259005056 221158016
21 390844544 390779008
55 221362880 221297344
54 221221376 221155840
2 277826176 277760640
16 409665664 409600128
57 372023488 371957952
52 296647296 296581760
55 259005120 221158080
21 390844608 390779072
55 221362944 221297408
54 221221440 221155904
2 277826240 277760704
16 409665728 409600192
57 372023552 371958016
52 296647360 296581824
55 259005184 221158144
21 390844672 390779136
33 221363008 221297472
12 372023616 371958080
1 221221504 221155968
2 277826304 277760768
7 296647424 296581888
8 409665792 409600256
46 259005248 221158208
21 390844736 390779200
55 221363072 221297536
54 221221568 221156032
2 277826368 277760832
16 409665856 409600320
57 372023680 371958144
52 296647488 296581952
55 259005312 221158272
21 390844800 390779264
55 221363136 221297600
54 221221632 221156096
2 277826432 277760896
16 409665920 409600384
57 372023744 371958208
52 296647552 296582016
55 259005376 221158336
21 390844864 390779328
55 221363200 221297664
54 221221696 221156160
2 277826496 277760960
16 409665984 409600448
57 372023808 371958272
52 296647616 296582080
55 259005440 221158400
21 390844928 390779392
55 221363264 221297728
54 221221760 221156224
2 277826560 277761024
16 409666048 409600512
57 372023872 371958336
52 296647680 296582144
55 259005504 221158464
21 390844992 390779456
55 221363328 221297792
54 221221824 221156288
2 277826624 277761088
16 409666112 409600576
57 372023936 371958400
52 296647744 296582208
55 259005568 221158528
21 390845056 390779520
55 221363392 221297856
54 221221888 221156352
2 277826688 277761152
16 409666176 409600640
57 372024000 371958464
52 296647808 296582272
55 259005632 221158592
21 390845120 390779584
55 221363456 221297920
54 221221952 221156416
2 277826752 277761216
16 409666240 409600704
57 372024064 371958528
52 296647872 296582336
55 259005696 221158656
21 390845184 390779648
55 221363520 221297984
54 221222016 221156480
2 277826816 277761280
16 409666304 409600768
57 372024128 371958592
52 296647936 296582400
55 259005760 221158720
21 390845248 390779712
55 221363584 221298048
54 221222080 221156544
2 277826880 277761344
16 409666368 409600832
57 372024192 371958656
52 296648000 296582464
55 259005824 221158784
21 390845312 390779776
55 221363648 221298112
54 221222144 221156608
2 277826944 277761408
16 409666432 409600896
57 372024256 371958720
52 296648064 296582528
55 259005888 221158848
21 390845376 390779840
55 221363712 221298176
54 221222208 221156672
2 277827008 277761472
16 409666496 409600960
57 372024320 371958784
52 296648128 296582592
55 259005952 221158912
21 390845440 390779904
55 221363776 221298240
54 221222272 221156736
2 277827072 277761536
16 409666560 409601024
57 372024384 371958848
52 296648192 296582656
55 259006016 221158976
21 390845504 390779968
55 221363840 221298304
54 221222336 221156800
2 277827136 277761600
16 409666624 409601088
57 372024448 371958912
52 296648256 296582720
55 259006080 221159040
21 390845568 390780032
55 221363904 221298368
54 221222400 221156864
2 277827200 277761664
16 409666688 409601152
57 372024512 371958976
52 296648320 296582784
55 259006144 221159104
21 390845632 390780096
55 221363968 221298432
54 221222464 221156928
2 277827264 277761728
16 409666752 409601216
57 372024576 371959040
52 296648384 296582848
55 259006208 221159168
21 390845696 390780160
55 221364032 221298496
54 221222528 221156992
2 277827328 277761792
16 409666816 409601280
57 372024640 371959104
35 369472704 371963072
8 221364096 221298560
1 259006272 221159232
12 221222592 221157056
2 277827392 277761856
5 390845760 390780224
1 296648448 296582912
8 409666880 409601344
57 372024704 371959168
52 296648512 296582976
55 259006336 221159296
21 390845824 390780288
55 221364160 221298624
54 221222656 221157120
2 277827456 277761920
16 409666944 409601408
57 372024768 371959232
52 296648576 296583040
55 259006400 221159360
21 390845888 390780352
55 221364224 221298688
54 221222720 221157184
2 277827520 277761984
16 409667008 409601472
57 372024832 371959296
52 296648640 296583104
55 259006464 221159424
21 390845952 390780416
55 221364288 221298752
54 221222784 221157248
2 277827584 277762048
16 409667072 409601536
57 372024896 371959360
52 296648704 296583168
55 259006528 221159488
21 390846016 390780480
55 221364352 221298816
54 221222848 221157312
2 277827648 277762112
16 409667136 409601600
57 372024960 371959424
52 296648768 296583232
55 259006592 221159552
21 390846080 390780544
55 221364416 221298880
54 221222912 221157376
2 277827712 277762176
16 409667200 409601664
57 372025024 371959488
52 296648832 296583296
55 259006656 258941120
21 390846144 390780608
55 221364480 221298944
54 221222976 409606208
2 277827776 277762240
16 409667264 409601728
57 372025088 371959552
52 296648896 296583360
55 259006720 258941184
21 390846208 390780672
55 221364544 221299008
54 221223040 409606272
2 277827840 277762304
16 409667328 409601792
57 372025152 371959616
52 296648960 296583424
55 259006784 258941248
21 390846272 390780736
55 221364608 221299072
54 221223104 409606336
2 277827904 277762368
16 409667392 409601856
57 372025216 371959680
52 296649024 296583488
55 259006848 258941312
21 390846336 390780800
55 221364672 221299136
54 221223168 409606400
2 277827968 277762432
16 409667456 409601920
57 372025280 371959744
52 296649088 296583552
55 259006912 258941376
21 390846400 390780864
55 221364736 221299200
54 221223232 409606464
2 277828032 277762496
16 409667520 409601984
57 372025344 371959808
52 296649152 296583616
55 259006976 258941440
21 390846464 390780928
55 221364800 221299264
54 221223296 409606528
2 277828096 277762560
16 409667584 409602048
57 372025408 371959872
52 296649216 296583680
55 259007040 258941504
21 390846528 390780992
55 221364864 221299328
54 221223360 409606592
2 277828160 277762624
16 409667648 409602112
57 372025472 371959936
52 296649280 296583744
55 259007104 258941568
21 390846592 390781056
55 221364928 221299392
54 221223424 409606656
2 277828224 277762688
16 409667712 409602176
57 372025536 371960000
52 296649344 296583808
55 259007168 258941632
21 390846656 390781120
55 221364992 221299456
54 221223488 409606720
2 277828288 277762752
16 409667776 409602240
57 372025600 371960064
52 296649408 296583872
55 259007232 258941696
21 390846720 390781184
55 221365056 221299520
54 221223552 409606784
2 277828352 277762816
16 409667840 409602304
57 372025664 371960128
52 296649472 296583936
55 259007296 258941760
21 390846784 390781248
55 221365120 221299584
59 259007360 258941824
10 372025728 371960192
1 221223616 409606848
2 277828416 277762880
5 390846848 390781312
1 296649536 296584000
8 409667904 409602368
44 221365184 221299648
54 221223680 409606912
2 277828480 277762944
16 409667968 409602432
57 372025792 371960256
52 296649600 296584064
55 259007424 258941888
21 390846912 390781376
55 221365248 221299712
54 221223744 409606976
2 277828544 277763008
16 409668032 409602496
57 372025856 371960320
52 296649664 296584128
55 259007488 258941952
21 390846976 390781440
55 221365312 221299776
54 221223808 409607040
2 277828608 277763072
16 409668096 409602560
57 372025920 371960384
52 296649728 296584192
55 259007552 258942016
21 390847040 390781504
55 221365376 221299840
54 221223872 409607104
2 277828672 277763136
16 409668160 409602624
57 372025984 371960448
52 296649792 296584256
55 259007616 258942080
21 390847104 390781568
55 221365440 221299904
54 221223936 409607168
2 277828736 277763200
16 409668224 409602688
57 372026048 371960512
52 296649856 296584320
55 259007680 258942144
21 390847168 390781632
55 221365504 221299968
54 221224000 409607232
2 277828800 277763264
16 409668288 409602752
57 372026112 371960576
52 296649920 296584384
55 259007744 258942208
21 390847232 390781696
55 221365568 221300032
54 221224064 409607296
2 277828864 277763328
16 409668352 409602816
57 372026176 371960640
52 296649984 296584448
55 259007808 258942272
21 390847296 390781760
55 221365632 221300096
54 221224128 409607360
2 277828928 277763392
16 409668416 409602880
57 372026240 371960704
52 296650048 296584512
55 259007872 258942336
21 390847360 390781824
55 221365696 221300160
54 221224192 409607424
2 277828992 277763456
16 409668480 409602944
57 372026304 371960768
52 296650112 296584576
55 259007936 258942400
21 390847424 390781888
55 221365760 221300224
54 221224256 409607488
2 277829056 277763520
16 409668544 409603008
57 372026368 371960832
52 296650176 296584640
55 259008000 258942464
21 390847488 390781952
55 221365824 221300288
54 221224320 409607552
2 277829120 277763584
16 409668608 409603072
57 372026432 371960896
52 296650240 296584704
55 259008064 258942528
21 390847552 390782016
55 221365888 221300352
54 221224384 409607616
2 277829184 277763648
16 409668672 409603136
57 372026496 371960960
52 296650304 296584768
55 259008128 258942592
21 390847616 390782080
55 221365952 221300416
54 221224448 409607680
2 277829248 277763712
16 409668736 409603200
57 372026560 371961024
52 296650368 296584832
55 259008192 258942656
21 390847680 390782144
55 221366016 221300480
54 221224512 409607744
2 277829312 277763776
16 409668800 409603264
57 372026624 371961088
52 296650432 296584896
55 259008256 258942720
21 390847744 390782208
55 221366080 221300544
54 221224576 409607808
2 277829376 277763840
16 409668864 409603328
57 372026688 371961152
52 296650496 296584960
55 259008320 258942784
21 390847808 390782272
55 221366144 221300608
54 221224640 409607872
2 277829440 277763904
16 409668928 409603392
57 372026752 371961216
52 296650560 296585024
71 221366208 221300672
1 259008384 258942848
10 372026816 371961280
1 221224704 409607936
2 277829504 277763968
5 390847872 390782336
10 409668992 409603456
30 296650624 296585088
55 259008448 258942912
21 390847936 390782400
55 221366272 221300736
54 221224768 409608000
2 277829568 277764032
16 409669056 409603520
57 372026880 371961344
52 296650688 296585152
55 259008512 258942976
21 390848000 390782464
55 221366336 221300800
54 221224832 409608064
2 277829632 277764096
16 409669120 409603584
57 372026944 371961408
52 296650752 296585216
55 259008576 258943040
21 390848064 390782528
55 221366400 221300864
54 221224896 409608128
2 277829696 277764160
16 409669184 409603648
57 372027008 371961472
52 296650816 296585280
55 259008640 258943104
21 390848128 390782592
55 221366464 221300928
54 221224960 409608192
2 277829760 277764224
16 409669248 409603712
57 372027072 371961536
52 296650880 296585344
55 259008704 258943168
21 390848192 390782656
55 221366528 221300992
54 221225024 409608256
2 277829824 277764288
16 409669312 409603776
57 372027136 371961600
52 296650944 296585408
55 259008768 258943232
21 390848256 390782720
55 221366592 221301056
54 221225088 409608320
2 277829888 277764352
16 409669376 409603840
57 372027200 371961664
52 296651008 296585472
55 259008832 258943296
21 390848320 390782784
55 221366656 221301120
54 221225152 221159616
2 277829952 277764416
16 409669440 409603904
57 372027264 371961728
52 296651072 296585536
55 259008896 258943360
21 390848384 390782848
55 221366720 221301184
54 221225216 221159680
2 277830016 277764480
16 409669504 409603968
57 372027328 371961792
52 296651136 296585600
55 259008960 258943424
21 390848448 390782912
55 221366784 221301248
54 221225280 221159744
2 277830080 277764544
16 409669568 409604032
57 372027392 371961856
52 296651200 296585664
55 259009024 258943488
21 390848512 390782976
55 221366848 221301312
54 221225344 221159808
2 277830144 277764608
16 409669632 409604096
57 372027456 371961920
52 296651264 296585728
55 259009088 258943552
21 390848576 390783040
55 221366912 221301376
54 221225408 221159872
2 277830208 277764672
16 409669696 409604160
57 372027520 371961984
52 296651328 296585792
55 259009152 258943616
21 390848640 390783104
55 221366976 221301440
54 221225472 221159936
2 277830272 277764736
16 409669760 409604224
57 372027584 371962048
52 296651392 296585856
55 259009216 258943680
21 390848704 390783168
55 221367040 221301504
54 221225536 221160000
2 277830336 277764800
16 409669824 409604288
57 372027648 371962112
52 296651456 296585920
55 259009280 258943744
21 390848768 390783232
55 221367104 221301568
54 221225600 221160064
2 277830400 277764864
16 409669888 409604352
57 372027712 371962176
52 296651520 296585984
55 259009344 258943808
21 390848832 390783296
55 221367168 221301632
54 221225664 221160128
2 277830464 277764928
16 409669952 409604416
57 372027776 371962240
52 296651584 296586048
55 259009408 258943872
21 390848896 390783360
55 221367232 221301696
54 221225728 221160192
2 277830528 277764992
16 409670016 409604480
62 221367296 221301760
1 259009472 258943936
10 372027840 371962304
10 390848960 390783424
1 296651648 296586112
28 221225792 221160256
2 277830592 277765056
16 409670080 409604544
57 372027904 371962368
52 296651712 296586176
55 259009536 258944000
21 390849024 390783488
55 221367360 221301824
54 221225856 221160320
2 277830656 277765120
16 409670144 409604608
57 372027968 371962432
52 296651776 296586240
55 259009600 258944064
21 390849088 390783552
55 221367424 221301888
54 221225920 221160384
2 277830720 277765184
16 409670208 409604672
57 372028032 371962496
52 296651840 296586304
55 259009664 258944128
21 390849152 390783616
55 221367488 221301952
54 221225984 221160448
2 277830784 277765248
16 409670272 409604736
57 372028096 369472192
52 296651904 296586368
55 259009728 258944192
21 390849216 390783680
55 221367552 221302016
54 221226048 221160512
2 277830848 277765312
16 409670336 409604800
57 372028160 258945792
52 296651968 296586432
55 259009792 258944256
21 390849280 390783744
55 221367616 221302080
54 221226112 221160576
2 277830912 277765376
16 409670400 409604864
57 372028224 258945856
52 296652032 296586496
55 259009856 258944320
21 390849344 390783808
55 221367680 221302144
54 221226176 221160640
2 277830976 277765440
16 409670464 409604928
57 372028288 258945920
52 296652096 296586560
55 259009920 258944384
21 390849408 390783872
55 221367744 221302208
54 221226240 221160704
2 277831040 277765504
16 409670528 409604992
57 372028352 258945984
52 296652160 296586624
55 259009984 258944448
21 390849472 390783936
55 221367808 221302272
54 221226304 221160768
2 277831104 277765568
16 409670592 409605056
57 372028416 258946048
52 296652224 296586688
55 259010048 258944512
21 390849536 390784000
55 221367872 221302336
54 221226368 221160832
2 277831168 277765632
16 409670656 409605120
57 372028480 258946112
52 296652288 296586752
55 259010112 258944576
21 390849600 390784064
55 221367936 221302400
54 221226432 221160896
2 277831232 277765696
16 409670720 409605184
57 372028544 258946176
52 296652352 296586816
55 259010176 258944640
21 390849664 390784128
55 221368000 221302464
54 221226496 221160960
2 277831296 277765760
16 409670784 409605248
57 372028608 258946240
52 296652416 296586880
55 259010240 258944704
21 390849728 390784192
55 221368064 221302528
54 221226560 221161024
2 277831360 277765824
16 409670848 409605312
57 372028672 371963136
52 296652480 296586944
55 259010304 258944768
21 390849792 390784256
55 221368128 221302592
54 221226624 221161088
2 277831424 277765888
16 409670912 409605376
57 372028736 371963200
52 296652544 296587008
55 259010368 258944832
21 390849856 390784320
55 221368192 221302656
54 221226688 221161152
2 277831488 277765952
16 409670976 409605440
57 372028800 371963264
52 296652608 296587072
55 259010432 258944896
21 390849920 390784384
55 221368256 221302720
54 221226752 221161216
2 277831552 277766016
16 409671040 409605504
57 372028864 371963328
52 296652672 296587136
55 259010496 258944960
21 390849984 390784448
73 221368320 221302784
12 372028928 371963392
1 221226816 221161280
2 277831616 277766080
7 296652736 296587200
8 409671104 409605568
6 259010560 258945024
21 390850048 390784512
55 221368384 221302848
54 221226880 221161344
2 277831680 277766144
16 409671168 409605632
57 372028992 371963456
52 296652800 296587264
55 259010624 258945088
21 390850112 390784576
55 221368448 221302912
54 221226944 221161408
2 277831744 277766208
16 409671232 409605696
57 372029056 371963520
52 296652864 296587328
55 259010688 258945152
21 390850176 390784640
55 221368512 221302976
54 221227008 221161472
2 277831808 277766272
16 409671296 409605760
57 372029120 371963584
52 296652928 296587392
55 259010752 258945216
21 390850240 390784704
55 221368576 221303040
54 221227072 221161536
2 277831872 277766336
16 409671360 409605824
57 372029184 371963648
52 296652992 296587456
55 259010816 258945280
21 390850304 390784768
55 221368640 221303104
54 221227136 221161600
2 277831936 277766400
16 409671424 409605888
57 372029248 371963712
52 296653056 296587520
55 259010880 258945344
21 390850368 390784832
55 221368704 221303168
54 221227200 221161664
2 277832000 277766464
16 409671488 409605952
57 372029312 371963776
52 296653120 296587584
55 259010944 258945408
21 390850432 390784896
55 221368768 221303232
54 221227264 221161728
2 277832064 277766528
16 409671552 409606016
57 372029376 371963840
52 296653184 296587648
55 259011008 258945472
21 390850496 390784960
55 221368832 221303296
54 221227328 221161792
2 277832128 277766592
16 409671616 409606080
57 372029440 371963904
52 296653248 296587712
55 259011072 258945536
21 390850560 390785024
55 221368896 221303360
54 221227392 221161856
2 277832192 277766656
16 409671680 409606144
57 372029504 371963968
52 296653312 296587776
55 259011136 258945600
21 390850624 390785088
55 221368960 221303424
54 221227456 221161920
2 277832256 277766720
16 409671744 296589376
57 372029568 371964032
52 296653376 296587840
55 259011200 258945664
21 390850688 390785152
55 221369024 221303488
54 221227520 221161984
2 277832320 277766784
16 409671808 296589440
57 372029632 371964096
52 296653440 296587904
55 259011264 258945728
21 390850752 390785216
55 221369088 221303552
54 221227584 221162048
2 277832384 277766848
16 409671872 296589504
57 372029696 371964160
52 296653504 296587968
55 259011328 221164288
21 390850816 390785280
55 221369152 221303616
54 221227648 221162112
2 277832448 277766912
16 409671936 296589568
57 372029760 371964224
52 296653568 296588032
55 259011392 221164352
21 390850880 390785344
55 221369216 221303680
54 221227712 221162176
2 277832512 277766976
16 409672000 296589632
57 372029824 371964288
52 296653632 296588096
55 259011456 221164416
21 390850944 390785408
55 221369280 221303744
54 221227776 221162240
2 277832576 277767040
16 409672064 296589696
57 372029888 371964352
52 296653696 296588160
55 259011520 221164480
21 390851008 390785472
55 221369344 221303808
54 221227840 221162304
2 277832640 277767104
16 409672128 296589760
57 372029952 371964416
52 296653760 296588224
31 221369408 221303872
1 259011584 221164544
12 221227904 221162368
2 277832704 277767168
5 390851072 390785536
10 409672192 296589824
17 372030016 371964480
52 296653824 296588288
55 259011648 221164608
21 390851136 390785600
55 221369472 221303936
54 221227968 221162432
2 277832768 277767232
16 409672256 296589888
57 372030080 371964544
52 296653888 296588352
55 259011712 221164672
21 390851200 390785664
55 221369536 221304000
54 221228032 221162496
2 277832832 277767296
16 409672320 296589952
57 372030144 371964608
52 296653952 296588416
55 259011776 221164736
21 390851264 390785728
55 221369600 221304064
54 221228096 221162560
2 277832896 277767360
16 409672384 296590016
57 372030208 371964672
52 296654016 296588480
55 259011840 258946304
21 390851328 390785792
55 221369664 221304128
54 221228160 221162624
2 277832960 277767424
16 409672448 296590080
57 372030272 371964736
52 296654080 296588544
55 259011904 258946368
21 390851392 390785856
55 221369728 221304192
54 221228224 221162688
2 277833024 277767488
16 409672512 296590144
57 372030336 371964800
52 296654144 296588608
55 259011968 258946432
21 390851456 390785920
55 221369792 221304256
54 221228288 221162752
2 277833088 277767552
16 409672576 296590208
57 372030400 371964864
52 296654208 296588672
55 259012032 258946496
21 390851520 390785984
55 221369856 221304320
54 221228352 221162816
2 277833152 277767616
16 409672640 296590272
57 372030464 371964928
52 296654272 296588736
55 259012096 258946560
21 390851584 390786048
55 221369920 221304384
54 221228416 221162880
2 277833216 277767680
16 409672704 296590336
57 372030528 371964992
52 296654336 296588800
55 259012160 258946624
21 390851648 390786112
55 221369984 221304448
54 221228480 221162944
2 277833280 277767744
16 409672768 296590400
57 372030592 371965056
52 296654400 296588864
55 259012224 258946688
21 390851712 390786176
55 221370048 221304512
54 221228544 221163008
2 277833344 277767808
16 409672832 296590464
57 372030656 371965120
52 296654464 296588928
55 259012288 258946752
21 390851776 390786240
55 221370112 221304576
54 221228608 221163072
2 277833408 277767872
16 409672896 296590528
57 372030720 371965184
52 296654528 296588992
55 259012352 258946816
21 390851840 390786304
55 221370176 221304640
54 221228672 221163136
2 277833472 277767936
16 409672960 296590592
57 372030784 371965248
52 296654592 296589056
55 259012416 258946880
21 390851904 390786368
55 221370240 221304704
54 221228736 221163200
2 277833536 277768000
16 409673024 296590656
57 372030848 371965312
52 296654656 296589120
55 259012480 258946944
21 390851968 390786432
55 221370304 221304768
54 221228800 221163264
2 277833600 277768064
16 409673088 296590720
57 372030912 371965376
52 296654720 296589184
55 259012544 258947008
21 390852032 390786496
55 221370368 221304832
54 221228864 221163328
2 277833664 277768128
16 409673152 296590784
57 372030976 371965440
52 296654784 296589248
55 259012608 258947072
21 390852096 390786560
55 221370432 221304896
54 221228928 221163392
2 277833728 277768192
16 409673216 296590848
24 259012672 258947136
10 372031040 371965504
10 390852160 390786624
1 296654848 296589312
13 221370496 221304960
54 221228992 221163456
2 277833792 277768256
16 409673280 296590912
57 372031104 371965568
52 296654912 390797376
55 259012736 258947200
21 390852224 390786688
55 221370560 221305024
54 221229056 221163520
2 277833856 277768320
16 409673344 296590976
57 372031168 371965632
52 296654976 390797440
55 259012800 258947264
21 390852288 390786752
55 221370624 221305088
54 221229120 221163584
2 277833920 277768384
16 409673408 296591040
57 372031232 371965696
52 296655040 390797504
55 259012864 258947328
21 390852352 390786816
55 221370688 221305152
54 221229184 221163648
2 277833984 277768448
16 409673472 296591104
57 372031296 371965760
52 296655104 390797568
55 259012928 258947392
21 390852416 390786880
55 221370752 221305216
54 221229248 221163712
2 277834048 277768512
16 409673536 296591168
57 372031360 371965824
52 296655168 390797632
55 259012992 258947456
21 390852480 390786944
55 221370816 221305280
54 221229312 221163776
2 277834112 277768576
16 409673600 296591232
57 372031424 371965888
52 296655232 390797696
55 259013056 258947520
21 390852544 390787008
55 221370880 221305344
54 221229376 221163840
2 277834176 277768640
16 409673664 296591296
57 372031488 371965952
52 296655296 390797760
55 259013120 258947584
21 390852608 390787072
55 221370944 221305408
54 221229440 221163904
2 277834240 277768704
16 409673728 296591360
57 372031552 371966016
52 296655360 390797824
55 259013184 258947648
21 390852672 390787136
55 221371008 221305472
54 221229504 221163968
2 277834304 277768768
16 409673792 296591424
57 372031616 371966080
52 296655424 390797888
55 259013248 258947712
21 390852736 390787200
55 221371072 221305536
54 221229568 221164032
2 277834368 277768832
16 409673856 296591488
57 372031680 371966144
52 296655488 390797952
55 259013312 258947776
21 390852800 390787264
55 221371136 221305600
54 221229632 221164096
2 277834432 277768896
16 409673920 409608384
57 372031744 371966208
52 296655552 390798016
55 259013376 258947840
21 390852864 390787328
55 221371200 221305664
54 221229696 221164160
2 277834496 277768960
16 409673984 409608448
57 372031808 371966272
52 296655616 390798080
55 259013440 258947904
21 390852928 390787392
55 221371264 221305728
54 221229760 221164224
2 277834560 277769024
16 409674048 409608512
57 372031872 371966336
52 296655680 390798144
55 259013504 258947968
21 390852992 390787456
55 221371328 221305792
54 221229824 409613056
2 277834624 277769088
16 409674112 409608576
57 372031936 371966400
52 296655744 390798208
55 259013568 258948032
21 390853056 390787520
55 221371392 221305856
54 221229888 409613120
2 277834688 277769152
16 409674176 409608640
57 372032000 371966464
52 296655808 390798272
55 259013632 258948096
21 390853120 390787584
55 221371456 221305920
54 221229952 409613184
2 277834752 277769216
16 409674240 409608704
57 372032064 371966528
52 296655872 390798336
55 259013696 258948160
21 390853184 390787648
33 221371520 221305984
12 372032128 371966592
1 221230016 409613248
2 277834816 277769280
7 296655936 390798400
8 409674304 409608768
46 259013760 258948224
21 390853248 390787712
55 221371584 221306048
54 221230080 409613312
2 277834880 277769344
16 409674368 409608832
57 372032192 371966656
52 296656000 390798464
55 259013824 258948288
21 390853312 390787776
55 221371648 221306112
54 221230144 409613376
2 277834944 277769408
16 409674432 409608896
57 372032256 371966720
52 296656064 390798528
55 259013888 258948352
21 390853376 390787840
55 221371712 221306176
54 221230208 409613440
2 277835008 277769472
16 409674496 409608960
57 372032320 371966784
52 296656128 390798592
55 259013952 258948416
21 390853440 390787904
55 221371776 221306240
54 221230272 409613504
2 277835072 277769536
16 409674560 409609024
57 372032384 371966848
52 296656192 390798656
55 259014016 258948480
21 390853504 390787968
55 221371840 221306304
54 221230336 221164800
2 277835136 277769600
16 409674624 409609088
57 372032448 371966912
52 296656256 390798720
55 259014080 258948544
21 390853568 390788032
55 221371904 221306368
54 221230400 221164864
2 277835200 277769664
16 409674688 409609152
57 372032512 371966976
52 296656320 390798784
55 259014144 258948608
21 390853632 390788096
55 221371968 221306432
54 221230464 221164928
2 277835264 277769728
16 409674752 409609216
57 372032576 371967040
52 296656384 390798848
55 259014208 258948672
21 390853696 390788160
55 221372032 221306496
54 221230528 221164992
2 277835328 277769792
16 409674816 409609280
57 372032640 371967104
52 296656448 390798912
55 259014272 258948736
21 390853760 390788224
55 221372096 221306560
54 221230592 221165056
2 277835392 277769856
16 409674880 409609344
57 372032704 371967168
52 296656512 390798976
55 259014336 258948800
21 390853824 390788288
55 221372160 221306624
54 221230656 221165120
2 277835456 277769920
16 409674944 409609408
57 372032768 371967232
52 296656576 390799040
55 259014400 258948864
21 390853888 390788352
55 221372224 221306688
54 221230720 221165184
2 277835520 277769984
16 409675008 409609472
57 372032832 371967296
52 296656640 390799104
55 259014464 258948928
21 390853952 390788416
55 221372288 221306752
54 221230784 221165248
2 277835584 277770048
16 409675072 409609536
57 372032896 371967360
52 296656704 390799168
55 259014528 258948992
21 390854016 390788480
55 221372352 221306816
54 221230848 221165312
2 277835648 277770112
16 409675136 409609600
57 372032960 371967424
52 296656768 390799232
55 259014592 258949056
21 390854080 390788544
55 221372416 221306880
54 221230912 221165376
2 277835712 277770176
16 409675200 409609664
57 372033024 371967488
52 296656832 390799296
55 259014656 258949120
21 390854144 390788608
55 221372480 221306944
54 221230976 221165440
2 277835776 277770240
16 409675264 409609728
57 372033088 371967552
52 296656896 390799360
55 259014720 258949184
21 390854208 390788672
55 221372544 221307008
54 221231040 221165504
2 277835840 277770304
16 409675328 409609792
57 372033152 371967616
35 369472768 409613568
8 221372608 221307072
1 259014784 258949248
12 221231104 221165568
2 277835904 277770368
5 390854272 390788736
1 296656960 390799424
8 409675392 409609856
57 372033216 371967680
52 296657024 390799488
55 259014848 258949312
21 390854336 390788800
55 221372672 221307136
54 221231168 221165632
2 277835968 277770432
16 409675456 409609920
57 372033280 371967744
52 296657088 296591552
55 259014912 258949376
21 390854400 390788864
55 221372736 221307200
54 221231232 221165696
2 277836032 277770496
16 409675520 409609984
57 372033344 371967808
52 296657152 296591616
55 259014976 258949440
21 390854464 390788928
55 221372800 221307264
54 221231296 221165760
2 277836096 277770560
16 409675584 409610048
57 372033408 371967872
52 296657216 296591680
55 259015040 258949504
21 390854528 390788992
55 221372864 221307328
54 221231360 221165824
2 277836160 277770624
16 409675648 409610112
57 372033472 371967936
52 296657280 296591744
55 259015104 258949568
21 390854592 390789056
55 221372928 221307392
54 221231424 221165888
2 277836224 277770688
16 409675712 409610176
57 372033536 371968000
52 296657344 296591808
55 259015168 258949632
21 390854656 390789120
55 221372992 221307456
54 221231488 221165952
2 277836288 277770752
16 409675776 409610240
57 372033600 371968064
52 296657408 296591872
55 259015232 258949696
21 390854720 390789184
55 221373056 221307520
54 221231552 221166016
2 277836352 277770816
16 409675840 409610304
57 372033664 371968128
52 296657472 296591936
55 259015296 258949760
21 390854784 390789248
55 221373120 221307584
54 221231616 221166080
2 277836416 277770880
16 409675904 409610368
57 372033728 371968192
52 296657536 296592000
55 259015360 258949824
21 390854848 390789312
55 221373184 221307648
54 221231680 221166144
2 277836480 277770944
16 409675968 409610432
57 372033792 371968256
52 296657600 296592064
55 259015424 258949888
21 390854912 390789376
55 221373248 221307712
54 221231744 221166208
2 277836544 277771008
16 409676032 409610496
57 372033856 371968320
52 296657664 296592128
55 259015488 258949952
21 390854976 390789440
55 221373312 221307776
54 221231808 221166272
2 277836608 277771072
16 409676096 409610560
57 372033920 371968384
52 296657728 296592192
55 259015552 258950016
21 390855040 390789504
55 221373376 221307840
54 221231872 221166336
2 277836672 277771136
16 409676160 409610624
57 372033984 371968448
52 296657792 296592256
55 259015616 258950080
21 390855104 390789568
55 221373440 221307904
54 221231936 221166400
2 277836736 277771200
16 409676224 409610688
57 372034048 371968512
52 296657856 296592320
55 259015680 258950144
21 390855168 390789632
55 221373504 221307968
54 221232000 221166464
2 277836800 277771264
16 409676288 409610752
57 372034112 371968576
52 296657920 296592384
55 259015744 258950208
21 390855232 390789696
55 221373568 221308032
54 221232064 221166528
2 277836864 277771328
16 409676352 409610816
57 372034176 371968640
52 296657984 296592448
55 259015808 258950272
21 390855296 390789760
55 221373632 221308096
59 259015872 258950336
10 372034240 371968704
1 221232128 221166592
2 277836928 277771392
5 390855360 390789824
1 296658048 296592512
8 409676416 409610880
44 221373696 221308160
54 221232192 221166656
2 277836992 277771456
16 409676480 409610944
57 372034304 371968768
52 296658112 296592576
55 259015936 258950400
21 390855424 390789888
55 221373760 221308224
54 221232256 221166720
2 277837056 277771520
16 409676544 409611008
57 372034368 371968832
52 296658176 296592640
55 259016000 258950464
21 390855488 390789952
55 221373824 221308288
54 221232320 221166784
2 277837120 277771584
16 409676608 409611072
57 372034432 371968896
52 296658240 296592704
55 259016064 258950528
21 390855552 390790016
55 221373888 221308352
54 221232384 221166848
2 277837184 277771648
16 409676672 409611136
57 372034496 371968960
52 296658304 296592768
55 259016128 258950592
21 390855616 390790080
55 221373952 221308416
54 221232448 221166912
2 277837248 277771712
16 409676736 409611200
57 372034560 371969024
52 296658368 296592832
55 259016192 258950656
21 390855680 390790144
55 221374016 221308480
54 221232512 221166976
2 277837312 277771776
16 409676800 409611264
57 372034624 371969088
52 296658432 296592896
55 259016256 258950720
21 390855744 390790208
55 221374080 221308544
54 221232576 221167040
2 277837376 277771840
16 409676864 409611328
57 372034688 371969152
52 296658496 296592960
55 259016320 258950784
21 390855808 390790272
55 221374144 221308608
54 221232640 221167104
2 277837440 277771904
16 409676928 409611392
57 372034752 371969216
52 296658560 296593024
55 259016384 258950848
21 390855872 390790336
55 221374208 221308672
54 221232704 221167168
2 277837504 277771968
16 409676992 409611456
57 372034816 371969280
52 296658624 296593088
55 259016448 258950912
21 390855936 390790400
55 221374272 221308736
54 221232768 221167232
2 277837568 277772032
16 409677056 409611520
57 372034880 371969344
52 296658688 296593152
55 259016512 258950976
21 390856000 390790464
55 221374336 221308800
54 221232832 221167296
2 277837632 277772096
16 409677120 409611584
57 372034944 371969408
52 296658752 296593216
55 259016576 258951040
21 390856064 390790528
55 221374400 221308864
54 221232896 221167360
2 277837696 277772160
16 409677184 409611648
57 372035008 371969472
52 296658816 296593280
55 259016640 258951104
21 390856128 390790592
55 221374464 221308928
54 221232960 221167424
2 277837760 277772224
16 409677248 409611712
57 372035072 371969536
52 296658880 296593344
55 259016704 258951168
21 390856192 390790656
55 221374528 221308992
54 221233024 221167488
2 277837824 277772288
16 409677312 409611776
57 372035136 371969600
52 296658944 296593408
55 259016768 258951232
21 390856256 390790720
55 221374592 221309056
54 221233088 221167552
2 277837888 277772352
16 409677376 409611840
57 372035200 371969664
52 296659008 296593472
55 259016832 258951296
21 390856320 390790784
55 221374656 221309120
54 221233152 221167616
2 277837952 277772416
16 409677440 409611904
57 372035264 371969728
52 296659072 296593536
71 221374720 221309184
1 259016896 258951360
10 372035328 371969792
1 221233216 221167680
2 277838016 277772480
5 390856384 390790848
10 409677504 409611968
30 296659136 296593600
55 259016960 258951424
21 390856448 390790912
55 221374784 221309248
54 221233280 221167744
2 277838080 277772544
16 409677568 409612032
57 372035392 371969856
52 296659200 296593664
55 259017024 258951488
21 390856512 390790976
55 221374848 221309312
54 221233344 221167808
2 277838144 277772608
16 409677632 409612096
57 372035456 371969920
52 296659264 296593728
55 259017088 258951552
21 390856576 390791040
55 221374912 221309376
54 221233408 221167872
2 277838208 277772672
16 409677696 409612160
57 372035520 371969984
52 296659328 296593792
55 259017152 258951616
21 390856640 390791104
55 221374976 221309440
54 221233472 221167936
2 277838272 277772736
16 409677760 409612224
57 372035584 371970048
52 296659392 296593856
55 259017216 258951680
21 390856704 390791168
55 221375040 221309504
54 221233536 221168000
2 277838336 277772800
16 409677824 409612288
57 372035648 371970112
52 296659456 296593920
55 259017280 258951744
21 390856768 390791232
55 221375104 221309568
54 221233600 221168064
2 277838400 277772864
16 409677888 409612352
57 372035712 371970176
52 296659520 296593984
55 259017344 258951808
21 390856832 390791296
55 221375168 221309632
54 221233664 221168128
2 277838464 277772928
16 409677952 409612416
57 372035776 371970240
52 296659584 296594048
55 259017408 258951872
21 390856896 390791360
55 221375232 221309696
54 221233728 221168192
2 277838528 277772992
16 409678016 409612480
57 372035840 371970304
52 296659648 296594112
55 259017472 258951936
21 390856960 390791424
55 221375296 221309760
54 221233792 221168256
2 277838592 277773056
16 409678080 409612544
57 372035904 371970368
52 296659712 296594176
55 259017536 258952000
21 390857024 390791488
55 221375360 221309824
54 221233856 221168320
2 277838656 277773120
16 409678144 409612608
57 372035968 371970432
52 296659776 296594240
55 259017600 258952064
21 390857088 390791552
55 221375424 221309888
54 221233920 221168384
2 277838720 277773184
16 409678208 409612672
57 372036032 371970496
52 296659840 296594304
55 259017664 258952128
21 390857152 390791616
55 221375488 221309952
54 221233984 221168448
2 277838784 277773248
16 409678272 409612736
57 372036096 371970560
52 296659904 296594368
55 259017728 258952192
21 390857216 390791680
55 221375552 221310016
54 221234048 221168512
2 277838848 277773312
16 409678336 409612800
57 372036160 371970624
52 296659968 296594432
55 259017792 258952256
21 390857280 390791744
55 221375616 221310080
54 221234112 221168576
2 277838912 277773376
16 409678400 409612864
57 372036224 371970688
52 296660032 296594496
55 259017856 258952320
21 390857344 390791808
55 221375680 221310144
54 221234176 221168640
2 277838976 277773440
16 409678464 409612928
57 372036288 371970752
52 296660096 296594560
55 259017920 258952384
21 390857408 390791872
55 221375744 221310208
54 221234240 221168704
2 277839040 277773504
16 409678528 409612992
62 221375808 221310272
1 259017984 258952448
10 372036352 371970816
10 390857472 390791936
1 296660160 296594624
28 221234304 221168768
2 277839104 277773568
16 409678592 296596224
57 372036416 371970880
52 296660224 296594688
55 259018048 258952512
21 390857536 390792000
55 221375872 221310336
54 221234368 221168832
2 277839168 277773632
16 409678656 296596288
57 372036480 371970944
52 296660288 296594752
55 259018112 258952576
21 390857600 390792064
55 221375936 221310400
54 221234432 221168896
2 277839232 277773696
16 409678720 296596352
57 372036544 371971008
52 296660352 296594816
55 259018176 258952640
21 390857664 390792128
55 221376000 221310464
54 221234496 221168960
2 277839296 277773760
16 409678784 296596416
57 372036608 371971072
52 296660416 296594880
55 259018240 258952704
21 390857728 390792192
55 221376064 221310528
54 221234560 221169024
2 277839360 277773824
16 409678848 296596480
57 372036672 371971136
52 296660480 296594944
55 259018304 258952768
21 390857792 390792256
55 221376128 221310592
54 221234624 221169088
2 277839424 277773888
16 409678912 296596544
57 372036736 371971200
52 296660544 296595008
55 259018368 258952832
21 390857856 390792320
55 221376192 221310656
54 221234688 221169152
2 277839488 277773952
16 409678976 296596608
57 372036800 371971264
52 296660608 296595072
55 259018432 258952896
21 390857920 390792384
55 221376256 221310720
54 221234752 221169216
2 277839552 277774016
16 409679040 296596672
57 372036864 371971328
52 296660672 296595136
55 259018496 258952960
21 390857984 390792448
55 221376320 221310784
54 221234816 221169280
2 277839616 277774080
16 409679104 296596736
57 372036928 371971392
52 296660736 296595200
55 259018560 258953024
21 390858048 390792512
55 221376384 221310848
54 221234880 221169344
2 277839680 277774144
16 409679168 409613632
57 372036992 371971456
52 296660800 296595264
55 259018624 258953088
21 390858112 390792576
55 221376448 221310912
54 221234944 221169408
2 277839744 277774208
16 409679232 409613696
57 372037056 371971520
52 296660864 296595328
55 259018688 258953152
21 390858176 390792640
55 221376512 221310976
54 221235008 221169472
2 277839808 277774272
16 409679296 409613760
57 372037120 371971584
52 296660928 296595392
55 259018752 258953216
21 390858240 390792704
55 221376576 221311040
54 221235072 221169536
2 277839872 277774336
16 409679360 409613824
57 372037184 371971648
52 296660992 296595456
55 259018816 258953280
21 390858304 390792768
55 221376640 221311104
54 221235136 221169600
2 277839936 277774400
16 409679424 409613888
57 372037248 371971712
52 296661056 296595520
55 259018880 258953344
21 390858368 390792832
55 221376704 221311168
54 221235200 221169664
2 277840000 277774464
16 409679488 409613952
57 372037312 371971776
52 296661120 296595584
55 259018944 258953408
21 390858432 390792896
55 221376768 221311232
54 221235264 221169728
2 277840064 277774528
16 409679552 409614016
57 372037376 371971840
52 296661184 296595648
55 259019008 258953472
21 390858496 390792960
73 221376832 221311296
12 372037440 371971904
1 221235328 221169792
2 277840128 277774592
7 296661248 296595712
8 409679616 409614080
6 259019072 258953536
21 390858560 390793024
55 221376896 221311360
54 221235392 221169856
2 277840192 277774656
16 409679680 409614144
57 372037504 371971968
52 296661312 296595776
55 259019136 258953600
21 390858624 390793088
55 221376960 221311424
54 221235456 221169920
2 277840256 277774720
16 409679744 409614208
57 372037568 371972032
52 296661376 296595840
55 259019200 258953664
21 390858688 390793152
55 221377024 221311488
54 221235520 221169984
2 277840320 277774784
16 409679808 409614272
57 372037632 371972096
52 296661440 296595904
55 259019264 258953728
21 390858752 390793216
55 221377088 221311552
54 221235584 221170048
2 277840384 277774848
16 409679872 409614336
57 372037696 371972160
52 296661504 296595968
55 259019328 258953792
21 390858816 390793280
55 221377152 221311616
54 221235648 221170112
2 277840448 277774912
16 409679936 409614400
57 372037760 371972224
52 296661568 296596032
55 259019392 258953856
21 390858880 390793344
55 221377216 221311680
54 221235712 221170176
2 277840512 277774976
16 409680000 409614464
57 372037824 371972288
52 296661632 296596096
55 259019456 258953920
21 390858944 390793408
55 221377280 221311744
54 221235776 221170240
2 277840576 277775040
16 409680064 409614528
57 372037888 371972352
52 296661696 296596160
55 259019520 258953984
21 390859008 390793472
55 221377344 221311808
54 221235840 221170304
2 277840640 277775104
16 409680128 409614592
57 372037952 371972416
52 296661760 369472256
55 259019584 258954048
21 390859072 390793536
55 221377408 221311872
54 221235904 221170368
2 277840704 277775168
16 409680192 409614656
57 372038016 371972480
52 296661824 369472320
55 259019648 258954112
21 390859136 390793600
55 221377472 221311936
54 221235968 221170432
2 277840768 277775232
16 409680256 409614720
57 372038080 371972544
52 296661888 390804352
55 259019712 258954176
21 390859200 390793664
55 221377536 221312000
54 221236032 221170496
2 277840832 277775296
16 409680320 409614784
57 372038144 371972608
52 296661952 390804416
55 259019776 258954240
21 390859264 390793728
55 221377600 221312064
54 221236096 221170560
2 277840896 277775360
16 409680384 409614848
57 372038208 371972672
52 296662016 390804480
55 259019840 258954304
21 390859328 390793792
55 221377664 221312128
54 221236160 221170624
2 277840960 277775424
16 409680448 409614912
57 372038272 371972736
52 296662080 390804544
55 259019904 258954368
21 390859392 390793856
55 221377728 221312192
54 221236224 221170688
2 277841024 277775488
16 409680512 409614976
57 372038336 371972800
52 296662144 390804608
55 259019968 258954432
21 390859456 390793920
55 221377792 221312256
54 221236288 221170752
2 277841088 277775552
16 409680576 409615040
57 372038400 371972864
52 296662208 390804672
55 259020032 258954496
21 390859520 390793984
55 221377856 221312320
54 221236352 221170816
2 277841152 277775616
16 409680640 409615104
57 372038464 371972928
52 296662272 390804736
31 221377920 221312384
1 259020096 258954560
12 221236416 221170880
2 277841216 277775680
5 390859584 390794048
10 409680704 409615168
17 372038528 371972992
52 296662336 296596800
55 259020160 258954624
21 390859648 390794112
55 221377984 221312448
54 221236480 221170944
2 277841280 277775744
16 409680768 409615232
57 372038592 371973056
52 296662400 296596864
55 259020224 258954688
21 390859712 390794176
55 221378048 221312512
54 221236544 221171008
2 277841344 277775808
16 409680832 409615296
57 372038656 371973120
52 296662464 296596928
55 259020288 258954752
21 390859776 390794240
55 221378112 221312576
54 221236608 221171072
2 277841408 277775872
16 409680896 409615360
57 372038720 371973184
52 296662528 296596992
55 259020352 258954816
21 390859840 390794304
55 221378176 221312640
54 221236672 221171136
2 277841472 277775936
16 409680960 409615424
57 372038784 371973248
52 296662592 296597056
55 259020416 258954880
21 390859904 390794368
55 221378240 221312704
54 221236736 221171200
2 277841536 277776000
16 409681024 409615488
57 372038848 371973312
52 296662656 296597120
55 259020480 258954944
21 390859968 390794432
55 221378304 221312768
54 221236800 221171264
2 277841600 277776064
16 409681088 409615552
57 372038912 371973376
52 296662720 296597184
55 259020544 258955008
21 390860032 390794496
55 221378368 221312832
54 221236864 221171328
2 277841664 277776128
16 409681152 409615616
57 372038976 371973440
52 296662784 296597248
55 259020608 258955072
21 390860096 390794560
55 221378432 221312896
54 221236928 221171392
2 277841728 277776192
16 409681216 409615680
57 372039040 371973504
52 296662848 296597312
55 259020672 258955136
21 390860160 390794624
55 221378496 221312960
54 221236992 221171456
2 277841792 277776256
16 409681280 409615744
57 372039104 371973568
52 296662912 296597376
55 259020736 258955200
21 390860224 390794688
55 221378560 221313024
54 221237056 221171520
2 277841856 277776320
16 409681344 409615808
57 372039168 371973632
52 296662976 296597440
55 259020800 258955264
21 390860288 390794752
55 221378624 221313088
54 221237120 221171584
2 277841920 277776384
16 409681408 409615872
57 372039232 371973696
52 296663040 296597504
55 259020864 258955328
21 390860352 390794816
55 221378688 221313152
54 221237184 221171648
2 277841984 277776448
16 409681472 409615936
57 372039296 371973760
52 296663104 296597568
55 259020928 258955392
21 390860416 390794880
55 221378752 221313216
54 221237248 221171712
2 277842048 277776512
16 409681536 409616000
57 372039360 371973824
52 296663168 296597632
55 259020992 258955456
21 390860480 390794944
55 221378816 221313280
54 221237312 221171776
2 277842112 277776576
16 409681600 409616064
57 372039424 371973888
52 296663232 296597696
55 259021056 258955520
21 390860544 390795008
55 221378880 221313344
54 221237376 221171840
2 277842176 277776640
16 409681664 409616128
57 372039488 371973952
52 296663296 296597760
55 259021120 258955584
21 390860608 390795072
55 221378944 221313408
54 221237440 221171904
2 277842240 277776704
16 409681728 409616192
24 259021184 258955648
10 372039552 371974016
10 390860672 390795136
1 296663360 296597824
13 221379008 221313472
54 221237504 221171968
2 277842304 277776768
16 409681792 409616256
57 372039616 371974080
52 296663424 296597888
55 259021248 258955712
21 390860736 390795200
55 221379072 221313536
54 221237568 221172032
2 277842368 277776832
16 409681856 409616320
57 372039680 371974144
52 296663488 296597952
55 259021312 258955776
21 390860800 390795264
55 221379136 221313600
54 221237632 221172096
2 277842432 277776896
16 409681920 409616384
57 372039744 371974208
52 296663552 296598016
55 259021376 258955840
21 390860864 390795328
55 221379200 221313664
54 221237696 221172160
2 277842496 277776960
16 409681984 409616448
57 372039808 371974272
52 296663616 296598080
55 259021440 258955904
21 390860928 390795392
55 221379264 221313728
54 221237760 221172224
2 277842560 277777024
16 409682048 409616512
57 372039872 371974336
52 296663680 296598144
55 259021504 258955968
21 390860992 390795456
55 221379328 221313792
54 221237824 221172288
2 277842624 277777088
16 409682112 409616576
57 372039936 371974400
52 296663744 296598208
55 259021568 258956032
21 390861056 390795520
55 221379392 221313856
54 221237888 221172352
2 277842688 277777152
16 409682176 409616640
57 372040000 371974464
52 296663808 296598272
55 259021632 258956096
21 390861120 390795584
55 221379456 221313920
54 221237952 221172416
2 277842752 277777216
16 409682240 409616704
57 372040064 371974528
52 296663872 296598336
55 259021696 258956160
21 390861184 390795648
55 221379520 221313984
54 221238016 221172480
2 277842816 277777280
16 409682304 409616768
57 372040128 371974592
52 296663936 296598400
55 259021760 258956224
21 390861248 390795712
55 221379584 221314048
54 221238080 221172544
2 277842880 277777344
16 409682368 409616832
57 372040192 371974656
52 296664000 296598464
55 259021824 258956288
21 390861312 390795776
55 221379648 221314112
54 221238144 221172608
2 277842944 277777408
16 409682432 409616896
57 372040256 371974720
52 296664064 296598528
55 259021888 258956352
21 390861376 390795840
55 221379712 221314176
54 221238208 221172672
2 277843008 277777472
16 409682496 409616960
57 372040320 371974784
52 296664128 296598592
55 259021952 258956416
21 390861440 390795904
55 221379776 221314240
54 221238272 221172736
2 277843072 277777536
16 409682560 409617024
57 372040384 371974848
52 296664192 296598656
55 259022016 258956480
21 390861504 390795968
55 221379840 221314304
54 221238336 221172800
2 277843136 277777600
16 409682624 409617088
57 372040448 371974912
52 296664256 296598720
55 259022080 258956544
21 390861568 390796032
55 221379904 221314368
54 221238400 221172864
2 277843200 277777664
16 409682688 409617152
57 372040512 371974976
52 296664320 296598784
55 259022144 258956608
21 390861632 390796096
55 221379968 221314432
54 221238464 221172928
2 277843264 277777728
16 409682752 409617216
57 372040576 371975040
52 296664384 296598848
55 259022208 258956672
21 390861696 390796160
33 221380032 221314496
12 372040640 371975104
1 221238528 221172992
2 277843328 277777792
7 296664448 296598912
8 409682816 409617280
46 259022272 258956736
21 390861760 390796224
55 221380096 221314560
54 221238592 221173056
2 277843392 277777856
16 409682880 409617344
57 372040704 371975168
52 296664512 296598976
55 259022336 258956800
21 390861824 390796288
55 221380160 221314624
54 221238656 221173120
2 277843456 277777920
16 409682944 409617408
57 372040768 371975232
52 296664576 296599040
55 259022400 258956864
21 390861888 390796352
55 221380224 221314688
54 221238720 221173184
2 277843520 277777984
16 409683008 409617472
57 372040832 371975296
52 296664640 296599104
55 259022464 258956928
21 390861952 390796416
55 221380288 221314752
54 221238784 221173248
2 277843584 277778048
16 409683072 409617536
57 372040896 371975360
52 296664704 296599168
55 259022528 258956992
21 390862016 390796480
55 221380352 221314816
54 221238848 221173312
2 277843648 277778112
16 409683136 409617600
57 372040960 371975424
52 296664768 296599232
55 259022592 258957056
21 390862080 390796544
55 221380416 221314880
54 221238912 221173376
2 277843712 277778176
16 409683200 409617664
57 372041024 371975488
52 296664832 296599296
55 259022656 258957120
21 390862144 390796608
55 221380480 221314944
54 221238976 221173440
2 277843776 277778240
16 409683264 409617728
57 372041088 371975552
52 296664896 296599360
55 259022720 258957184
21 390862208 390796672
55 221380544 221315008
54 221239040 221173504
2 277843840 277778304
16 409683328 409617792
57 372041152 371975616
52 296664960 296599424
55 259022784 258957248
21 390862272 390796736
55 221380608 221315072
54 221239104 221173568
2 277843904 277778368
16 409683392 409617856
57 372041216 371975680
52 296665024 296599488
55 259022848 258957312
21 390862336 390796800
55 221380672 221315136
54 221239168 221173632
2 277843968 277778432
16 409683456 409617920
57 372041280 371975744
52 296665088 296599552
55 259022912 258957376
21 390862400 390796864
55 221380736 221315200
54 221239232 221173696
2 277844032 277778496
16 409683520 409617984
57 372041344 371975808
52 296665152 296599616
55 259022976 258957440
21 390862464 390796928
55 221380800 221315264
54 221239296 221173760
2 277844096 277778560
16 409683584 409618048
57 372041408 371975872
52 296665216 296599680
55 259023040 258957504
21 390862528 390796992
55 221380864 221315328
54 221239360 221173824
2 277844160 277778624
16 409683648 409618112
57 372041472 371975936
52 296665280 296599744
55 259023104 258957568
21 390862592 390797056
55 221380928 221315392
54 221239424 221173888
2 277844224 277778688
16 409683712 409618176
57 372041536 371976000
52 296665344 296599808
55 259023168 258957632
21 390862656 390797120
55 221380992 221315456
54 221239488 221173952
2 277844288 277778752
16 409683776 409618240
57 372041600 371976064
52 296665408 296599872
55 259023232 258957696
21 390862720 390797184
55 221381056 221315520
54 221239552 221174016
2 277844352 277778816
16 409683840 409618304
57 372041664 371976128
35 369472832 390804800
8 221381120 221315584
1 259023296 258957760
12 221239616 221174080
2 277844416 277778880
5 390862784 390797248
1 296665472 296599936
8 409683904 409618368
57 372041728 371976192
52 296665536 296600000
55 259023360 258957824
21 390862848 390797312
55 221381184 221315648
54 221239680 221174144
2 277844480 277778944
16 409683968 409618432
57 372041792 371976256
52 296665600 296600064
55 259023424 258957888
21 390862912 277780544
55 221381248 221315712
54 221239744 221174208
2 277844544 277779008
16 409684032 409618496
57 372041856 371976320
52 296665664 296600128
55 259023488 258957952
21 390862976 277780608
55 221381312 221315776
54 221239808 221174272
2 277844608 277779072
16 409684096 409618560
57 372041920 371976384
52 296665728 296600192
55 259023552 258958016
21 390863040 277780672
55 221381376 221315840
54 221239872 221174336
2 277844672 277779136
16 409684160 409618624
57 372041984 371976448
52 296665792 296600256
55 259023616 258958080
21 390863104 277780736
55 221381440 221315904
54 221239936 221174400
2 277844736 277779200
16 409684224 409618688
57 372042048 371976512
52 296665856 296600320
55 259023680 258958144
21 390863168 277780800
55 221381504 221315968
54 221240000 221174464
2 277844800 277779264
16 409684288 409618752
57 372042112 371976576
52 296665920 296600384
55 259023744 258958208
21 390863232 277780864
55 221381568 221316032
54 221240064 221174528
2 277844864 277779328
16 409684352 409618816
57 372042176 371976640
52 296665984 296600448
55 259023808 258958272
21 390863296 277780928
55 221381632 221316096
54 221240128 221174592
2 277844928 277779392
16 409684416 409618880
57 372042240 371976704
52 296666048 296600512
55 259023872 258958336
21 390863360 277780992
55 221381696 221316160
54 221240192 221174656
2 277844992 277779456
16 409684480 409618944
57 372042304 371976768
52 296666112 296600576
55 259023936 258958400
21 390863424 277781056
55 221381760 221316224
54 221240256 221174720
2 277845056 277779520
16 409684544 409619008
57 372042368 371976832
52 296666176 296600640
55 259024000 258958464
21 390863488 277781120
55 221381824 221316288
54 221240320 221174784
2 277845120 277779584
16 409684608 409619072
57 372042432 371976896
52 296666240 296600704
55 259024064 258958528
21 390863552 277781184
55 221381888 221316352
54 221240384 221174848
2 277845184 277779648
16 409684672 409619136
57 372042496 371976960
52 296666304 296600768
55 259024128 258958592
21 390863616 277781248
55 221381952 221316416
54 221240448 221174912
2 277845248 277779712
16 409684736 409619200
57 372042560 371977024
52 296666368 296600832
55 259024192 258958656
21 390863680 277781312
55 221382016 221316480
54 221240512 221174976
2 277845312 277779776
16 409684800 409619264
57 372042624 371977088
52 296666432 296600896
55 259024256 258958720
21 390863744 277781376
55 221382080 221316544
54 221240576 221175040
2 277845376 277779840
16 409684864 409619328
57 372042688 371977152
52 296666496 296600960
55 259024320 258958784
21 390863808 277781440
55 221382144 221316608
59 259024384 258958848
10 372042752 371977216
1 221240640 221175104
2 277845440 277779904
5 390863872 277781504
1 296666560 296601024
8 409684928 409619392
44 221382208 221316672
54 221240704 221175168
2 277845504 277779968
16 409684992 409619456
57 372042816 371977280
52 296666624 296601088
55 259024448 258958912
21 390863936 277781568
55 221382272 221316736
54 221240768 221175232
2 277845568 277780032
16 409685056 409619520
57 372042880 371977344
52 296666688 296601152
55 259024512 258958976
21 390864000 277781632
55 221382336 221316800
54 221240832 221175296
2 277845632 277780096
16 409685120 409619584
57 372042944 371977408
52 296666752 296601216
55 259024576 258959040
21 390864064 277781696
55 221382400 221316864
54 221240896 221175360
2 277845696 277780160
16 409685184 409619648
57 372043008 371977472
52 296666816 296601280
55 259024640 258959104
21 390864128 277781760
55 221382464 221316928
54 221240960 221175424
2 277845760 277780224
16 409685248 409619712
57 372043072 371977536
52 296666880 296601344
55 259024704 258959168
21 390864192 277781824
55 221382528 221316992
54 221241024 221175488
2 277845824 277780288
16 409685312 409619776
57 372043136 371977600
52 296666944 296601408
55 259024768 258959232
21 390864256 277781888
55 221382592 221317056
54 221241088 221175552
2 277845888 277780352
16 409685376 409619840
57 372043200 371977664
52 296667008 296601472
55 259024832 258959296
21 390864320 277781952
55 221382656 221317120
54 221241152 221175616
2 277845952 277780416
16 409685440 409619904
57 372043264 371977728
52 296667072 296601536
55 259024896 258959360
21 390864384 277782016
55 221382720 221317184
54 221241216 221175680
2 277846016 277780480
16 409685504 409619968
57 372043328 371977792
52 296667136 296601600
55 259024960 258959424
21 390864448 277782080
55 221382784 221317248
54 221241280 221175744
2 277846080 221321280
16 409685568 409620032
57 372043392 371977856
52 296667200 296601664
55 259025024 258959488
21 390864512 277782144
55 221382848 221317312
54 221241344 221175808
2 277846144 221321344
16 409685632 409620096
57 372043456 371977920
52 296667264 296601728
55 259025088 258959552
21 390864576 277782208
55 221382912 221317376
54 221241408 221175872
2 277846208 221321408
16 409685696 409620160
57 372043520 371977984
52 296667328 296601792
55 259025152 258959616
21 390864640 277782272
55 221382976 221317440
54 221241472 221175936
2 277846272 221321472
16 409685760 409620224
57 372043584 371978048
52 296667392 296601856
55 259025216 258959680
21 390864704 277782336
55 221383040 221317504
54 221241536 221176000
2 277846336 221321536
16 409685824 409620288
57 372043648 371978112
52 296667456 296601920
55 259025280 258959744
21 390864768 277782400
55 221383104 221317568
54 221241600 221176064
2 277846400 221321600
16 409685888 409620352
57 372043712 371978176
52 296667520 296601984
55 259025344 258959808
21 390864832 277782464
55 221383168 221317632
54 221241664 221176128
2 277846464 221321664
16 409685952 409620416
57 372043776 371978240
52 296667584 296602048
71 221383232 221317696
1 259025408 258959872
10 372043840 371978304
1 221241728 221176192
2 277846528 221321728
5 390864896 277782528
10 409686016 409620480
30 296667648 296602112
55 259025472 258959936
21 390864960 277782592
55 221383296 221317760
54 221241792 221176256
2 277846592 221321792
16 409686080 409620544
57 372043904 371978368
52 296667712 296602176
55 259025536 258960000
21 390865024 277782656
55 221383360 221317824
54 221241856 221176320
2 277846656 221321856
16 409686144 409620608
57 372043968 371978432
52 296667776 296602240
55 259025600 258960064
21 390865088 390799552
55 221383424 221317888
54 221241920 221176384
2 277846720 221321920
16 409686208 409620672
57 372044032 371978496
52 296667840 296602304
55 259025664 258960128
21 390865152 390799616
55 221383488 221317952
54 221241984 221176448
2 277846784 221321984
16 409686272 409620736
57 372044096 371978560
52 296667904 296602368
55 259025728 258960192
21 390865216 390799680
55 221383552 221318016
54 221242048 221176512
2 277846848 221322048
16 409686336 409620800
57 372044160 371978624
52 296667968 296602432
55 259025792 258960256
21 390865280 390799744
55 221383616 221318080
54 221242112 221176576
2 277846912 221322112
16 409686400 409620864
57 372044224 371978688
52 296668032 296602496
55 259025856 258960320
21 390865344 390799808
55 221383680 221318144
54 221242176 221176640
2 277846976 221322176
16 409686464 409620928
57 372044288 371978752
52 296668096 296602560
55 259025920 258960384
21 390865408 390799872
55 221383744 221318208
54 221242240 221176704
2 277847040 221322240
16 409686528 409620992
57 372044352 371978816
52 296668160 296602624
55 259025984 258960448
21 390865472 390799936
55 221383808 221318272
54 221242304 221176768
2 277847104 221322304
16 409686592 409621056
57 372044416 371978880
52 296668224 296602688
55 259026048 258960512
21 390865536 390800000
55 221383872 221318336
54 221242368 221176832
2 277847168 221322368
16 409686656 409621120
57 372044480 371978944
52 296668288 296602752
55 259026112 258960576
21 390865600 390800064
55 221383936 221318400
54 221242432 221176896
2 277847232 221322432
16 409686720 409621184
57 372044544 371979008
52 296668352 296602816
55 259026176 258960640
21 390865664 390800128
55 221384000 221318464
54 221242496 221176960
2 277847296 221322496
16 409686784 409621248
57 372044608 371979072
52 296668416 296602880
55 259026240 258960704
21 390865728 390800192
55 221384064 221318528
54 221242560 221177024
2 277847360 221322560
16 409686848 409621312
57 372044672 371979136
52 296668480 296602944
55 259026304 258960768
21 390865792 390800256
55 221384128 221318592
54 221242624 221177088
2 277847424 221322624
16 409686912 409621376
57 372044736 371979200
52 296668544 296603008
55 259026368 258960832
21 390865856 390800320
55 221384192 221318656
54 221242688 221177152
2 277847488 221322688
16 409686976 409621440
57 372044800 371979264
52 296668608 296603072
55 259026432 258960896
21 390865920 390800384
55 221384256 221318720
54 221242752 221177216
2 277847552 221322752
16 409687040 409621504
62 221384320 221318784
1 259026496 258960960
10 372044864 371979328
10 390865984 390800448
1 296668672 296603136
28 221242816 221177280
2 277847616 221322816
16 409687104 409621568
57 372044928 371979392
52 296668736 296603200
55 259026560 258961024
21 390866048 390800512
55 221384384 221318848
54 221242880 221177344
2 277847680 221322880
16 409687168 409621632
57 372044992 371979456
52 296668800 296603264
55 259026624 258961088
21 390866112 390800576
55 221384448 221318912
54 221242944 221177408
2 277847744 221322944
16 409687232 409621696
57 372045056 371979520
52 296668864 296603328
55 259026688 258961152
21 390866176 390800640
55 221384512 221318976
54 221243008 221177472
2 277847808 221323008
16 409687296 409621760
57 372045120 371979584
52 296668928 296603392
55 259026752 258961216
21 390866240 390800704
55 221384576 221319040
54 221243072 221177536
2 277847872 221323072
16 409687360 409621824
57 372045184 371979648
52 296668992 296603456
55 259026816 258961280
21 390866304 390800768
55 221384640 221319104
54 221243136 221177600
2 277847936 221323136
16 409687424 409621888
57 372045248 371979712
52 296669056 296603520
55 259026880 258961344
21 390866368 390800832
55 221384704 221319168
54 221243200 221177664
2 277848000 221323200
16 409687488 409621952
57 372045312 371979776
52 296669120 296603584
55 259026944 258961408
21 390866432 390800896
55 221384768 221319232
54 221243264 221177728
2 277848064 221323264
16 409687552 409622016
57 372045376 371979840
52 296669184 296603648
55 259027008 258961472
21 390866496 390800960
55 221384832 221319296
54 221243328 221177792
2 277848128 221323328
16 409687616 409622080
57 372045440 371979904
52 296669248 296603712
55 259027072 258961536
21 390866560 390801024
55 221384896 221319360
54 221243392 221177856
2 277848192 221323392
16 409687680 409622144
57 372045504 371979968
52 296669312 296603776
55 259027136 258961600
21 390866624 390801088
55 221384960 221319424
54 221243456 221177920
2 277848256 277782720
16 409687744 409622208
57 372045568 371980032
52 296669376 296603840
55 259027200 258961664
21 390866688 390801152
55 221385024 221319488
54 221243520 221177984
2 277848320 277782784
16 409687808 409622272
57 372045632 371980096
52 296669440 296603904
55 259027264 258961728
21 390866752 390801216
55 221385088 221319552
54 221243584 221178048
2 277848384 277782848
16 409687872 409622336
57 372045696 371980160
52 296669504 296603968
55 259027328 258961792
21 390866816 390801280
55 221385152 221319616
54 221243648 221178112
2 277848448 277782912
16 409687936 409622400
57 372045760 371980224
52 296669568 296604032
55 259027392 258961856
21 390866880 390801344
55 221385216 221319680
54 221243712 221178176
2 277848512 277782976
16 409688000 409622464
57 372045824 371980288
52 296669632 296604096
55 259027456 258961920
21 390866944 390801408
55 221385280 221319744
54 221243776 221178240
2 277848576 277783040
16 409688064 409622528
57 372045888 371980352
52 296669696 296604160
55 259027520 258961984
21 390867008 390801472
61 140737488348416 409625856
2 140737488348480 409625920
31 369471808 390803776
8 221390656 277784384
1 259032896 371984192
6 221389632 277783360
3 372051264 371985728
1 221249152 371981952
2 277853952 390805248
5 390872384 390806848
1 296675072 409626368
8 409693440 221179136
44 221390720 277784448
54 221249216 371982016
2 277854016 390805312
16 409693504 221179200
57 372051328 371985792
52 296675136 409626432
22 221389696 277783424
32 259032960 371984256
21 390872448 390806912
55 221390784 277784512
54 221249280 371982080
2 277854080 390805376
16 409693568 221179264
57 372051392 371985856
52 296675200 409626496
22 221389760 277783488
32 259033024 371984320
21 390872512 390806976
55 221390848 277784576
54 221249344 371982144
2 277854144 390805440
16 409693632 221179328
57 372051456 371985920
52 296675264 409626560
22 221389824 277783552
32 259033088 371984384
21 390872576 390807040
55 221390912 277784640
54 221249408 371982208
2 277854208 390805504
16 409693696 221179392
57 372051520 371985984
52 296675328 409626624
22 221389888 277783616
32 259033152 371984448
21 390872640 390807104
55 221390976 390801536
54 221249472 371982272
2 277854272 390805568
16 409693760 221179456
57 372051584 371986048
52 296675392 409626688
22 221389952 277783680
32 259033216 371984512
21 390872704 390807168
55 221391040 390801600
54 221249536 371982336
2 277854336 390805632
16 409693824 221179520
57 372051648 371986112
52 296675456 409626752
22 221390016 277783744
32 259033280 371984576
21 390872768 390807232
55 221391104 390801664
54 221249600 371982400
2 277854400 390805696
16 409693888 221179584
57 372051712 371986176
52 296675520 409626816
22 221390080 277783808
32 259033344 371984640
21 390872832 390807296
55 221391168 390801728
54 221249664 371982464
2 277854464 390805760
16 409693952 221179648
57 372051776 371986240
52 296675584 409626880
22 221390144 277783872
32 259033408 371984704
21 390872896 390807360
55 221391232 390801792
54 221249728 371982528
2 277854528 390805824
16 409694016 221179712
57 372051840 371986304
52 296675648 409626944
22 221390208 277783936
32 259033472 371984768
21 390872960 390807424
55 221391296 390801856
54 221249792 371982592
2 277854592 390805888
16 409694080 221179776
57 372051904 371986368
52 296675712 409627008
22 221390272 277784000
32 259033536 371984832
21 390873024 390807488
55 221391360 390801920
54 221249856 371982656
2 277854656 390805952
16 409694144 221179840
57 372051968 371986432
52 296675776 221178304
22 221390336 277784064
32 259033600 371984896
21 390873088 390807552
55 221391424 390801984
54 221249920 371982720
2 277854720 390806016
16 409694208 221179904
57 372052032 371986496
52 296675840 221178368
22 221390400 277784128
32 259033664 371984960
21 390873152 390807616
55 221391488 390802048
54 221249984 371982784
2 277854784 390806080
16 409694272 221179968
57 372052096 371986560
52 296675904 221178432
22 221390464 277784192
32 259033728 371985024
21 390873216 390807680
55 221391552 390802112
54 221250048 371982848
2 277854848 390806144
16 409694336 221180032
57 372052160 371986624
52 296675968 221178496
22 221390528 277784256
32 259033792 371985088
21 390873280 390807744
55 221391616 390802176
54 221250112 371982912
2 277854912 390806208
16 409694400 221180096
57 372052224 371986688
52 296676032 221178560
22 221390592 277784320
32 259033856 371985152
21 390873344 390807808
55 221391680 390802240
54 221250176 371982976
2 277854976 390806272
16 409694464 221180160
57 372052288 371986752
52 296676096 221178624
71 221391744 390802304
1 259033920 371985216
10 372052352 371986816
1 221250240 371983040
2 277855040 390806336
5 390873408 390807872
10 409694528 221180224
30 296676160 221178688
55 259033984 371985280
21 390873472 390807936
55 221391808 390802368
54 221250304 371983104
2 277855104 390806400
16 409694592 221180288
57 372052416 371986880
52 296676224 221178752
55 259034048 371985344
21 390873536 390808000
55 221391872 390802432
54 221250368 371983168
2 277855168 390806464
16 409694656 221180352
57 372052480 371986944
52 296676288 221178816
55 259034112 371985408
21 390873600 390808064
55 221391936 390802496
54 221250432 371983232
2 277855232 390806528
16 409694720 221180416
57 372052544 371987008
52 296676352 221178880
55 259034176 371985472
21 390873664 390808128
55 221392000 390802560
54 221250496 371983296
2 277855296 390806592
16 409694784 221180480
57 372052608 221319808
52 296676416 221178944
55 259034240 371985536
21 390873728 390808192
55 221392064 390802624
54 221250560 371983360
2 277855360 390806656
16 409694848 258962048
57 372052672 221319872
52 296676480 221179008
55 259034304 371985600
21 390873792 390808256
55 221392128 390802688
54 221250624 371983424
2 277855424 390806720
16 409694912 258962112
57 372052736 221319936
52 296676544 221179072
55 259034368 371985664
21 390873856 390808320
55 221392192 390802752
54 221250688 371983488
2 277855488 390806784
16 409694976 258962176
57 372052800 221320000
52 296676608 409627904
55 259034432 258968896
21 390873920 390808384
55 221392256 390802816
54 221250752 371983552
2 277855552 277790016
16 409695040 258962240
57 372052864 221320064
52 296676672 409627968
55 259034496 258968960
21 390873984 390808448
55 221392320 390802880
54 221250816 371983616
2 277855616 277790080
16 409695104 258962304
57 372052928 221320128
52 296676736 409628032
55 259034560 258969024
21 390874048 390808512
55 221392384 390802944
54 221250880 371983680
2 277855680 277790144
16 409695168 258962368
57 372052992 221320192
52 296676800 409628096
55 259034624 258969088
21 390874112 390808576
55 221392448 390803008
54 221250944 371983744
2 277855744 277790208
16 409695232 258962432
57 372053056 221320256
52 296676864 409628160
55 259034688 258969152
21 390874176 390808640
55 221392512 390803072
54 221251008 371983808
2 277855808 277790272
16 409695296 258962496
57 372053120 221320320
52 296676928 409628224
55 259034752 258969216
21 390874240 390808704
55 221392576 390803136
54 221251072 371983872
2 277855872 277790336
16 409695360 258962560
57 372053184 221320384
52 296676992 409628288
55 259034816 258969280
21 390874304 390808768
55 221392640 390803200
54 221251136 371983936
2 277855936 277790400
16 409695424 258962624
57 372053248 221320448
52 296677056 409628352
55 259034880 258969344
21 390874368 390808832
55 221392704 390803264
54 221251200 371984000
2 277856000 277790464
16 409695488 258962688
57 372053312 221320512
52 296677120 409628416
55 259034944 258969408
21 390874432 390808896
55 221392768 390803328
54 221251264 371984064
2 277856064 277790528
16 409695552 258962752
62 221392832 390803392
1 259035008 258969472
10 372053376 221320576
10 390874496 390808960
1 296677184 409628480
28 221251328 371984128
2 277856128 277790592
16 409695616 258962816
57 372053440 221320640
52 296677248 409628544
55 259035072 258969536
21 390874560 390809024
55 221392896 390803456
54 221251392 258967360
2 277856192 277790656
16 409695680 258962880
57 372053504 221320704
52 296677312 409628608
55 259035136 258969600
21 390874624 390809088
55 221392960 390803520
54 221251456 258967424
2 277856256 277790720
16 409695744 258962944
57 372053568 221320768
52 296677376 409628672
55 259035200 258969664
21 390874688 390809152
55 221393024 390803584
54 221251520 258967488
2 277856320 277790784
16 409695808 258963008
57 372053632 221320832
52 296677440 409628736
55 259035264 258969728
21 390874752 390809216
55 221393088 390803648
54 221251584 258967552
2 277856384 277790848
16 409695872 258963072
57 372053696 221320896
52 296677504 409628800
55 259035328 258969792
21 390874816 390809280
55 221393152 390803712
54 221251648 258967616
2 277856448 277790912
16 409695936 258963136
57 372053760 221320960
52 296677568 409628864
55 259035392 258969856
21 390874880 390809344
55 221393216 277786944
54 221251712 258967680
2 277856512 277790976
16 409696000 258963200
57 372053824 221321024
52 296677632 409628928
55 259035456 258969920
21 390874944 390809408
55 221393280 390803840
54 221251776 258967744
2 277856576 277791040
16 409696064 258963264
57 372053888 221321088
52 296677696 409628992
55 259035520 258969984
21 390875008 390809472
55 221393344 390803904
54 221251840 258967808
2 277856640 277791104
16 409696128 258963328
57 372053952 221321152
52 296677760 409629056
55 259035584 258970048
21 390875072 390809536
55 221393408 390803968
54 221251904 258967872
2 277856704 277791168
16 409696192 258963392
57 372054016 221321216
52 296677824 409629120
55 259035648 258970112
21 390875136 390809600
55 221393472 390804032
54 221251968 258967936
2 277856768 277791232
16 409696256 258963456
57 372054080 371988544
52 296677888 409629184
55 259035712 258970176
21 390875200 390809664
55 221393536 390804096
54 221252032 258968000
2 277856832 277791296
16 409696320 258963520
57 372054144 371988608
52 296677952 409629248
55 259035776 371987072
21 390875264 390809728
55 221393600 390804160
54 221252096 258968064
2 277856896 277791360
16 409696384 371980416
57 372054208 371988672
52 296678016 221180544
55 259035840 371987136
21 390875328 390809792
55 221393664 390804224
54 221252160 258968128
2 277856960 277791424
16 409696448 371980480
57 372054272 371988736
52 296678080 221180608
55 259035904 371987200
21 390875392 390809856
55 221393728 390804288
54 221252224 258968192
2 277857024 277791488
16 409696512 371980544
57 372054336 371988800
52 296678144 221180672
55 259035968 371987264
21 390875456 390809920
55 221393792 277787520
54 221252288 258968256
2 277857088 277791552
16 409696576 371980608
57 372054400 371988864
52 296678208 221180736
55 259036032 371987328
21 390875520 390809984
73 221393856 277787584
12 372054464 371988928
1 221252352 258968320
2 277857152 277791616
7 296678272 221180800
8 409696640 371980672
6 259036096 371987392
21 390875584 390810048
55 221393920 277787648
54 221252416 258968384
2 277857216 277791680
16 409696704 371980736
57 372054528 371988992
52 296678336 221180864
55 259036160 371987456
21 390875648 390810112
55 221393984 277787712
54 221252480 258968448
2 277857280 277791744
16 409696768 371980800
57 372054592 371989056
52 296678400 221180928
55 259036224 371987520
21 390875712 390810176
55 221394048 277787776
54 221252544 258968512
2 277857344 277791808
16 409696832 371980864
57 372054656 371989120
52 296678464 221180992
55 259036288 371987584
21 390875776 390810240
55 221394112 277787840
54 221252608 258968576
2 277857408 277791872
16 409696896 371980928
57 372054720 371989184
52 296678528 221181056
55 259036352 371987648
21 390875840 390810304
55 221394176 277787904
54 221252672 258968640
2 277857472 277791936
16 409696960 371980992
57 372054784 371989248
52 296678592 221181120
55 259036416 371987712
21 390875904 390810368
55 221394240 277787968
54 221252736 258968704
2 277857536 277792000
16 409697024 371981056
57 372054848 371989312
52 296678656 221181184
55 259036480 371987776
21 390875968 390810432
55 221394304 390804864
54 221252800 258968768
2 277857600 277792064
16 409697088 371981120
57 372054912 371989376
52 296678720 221181248
55 259036544 371987840
21 390876032 390810496
55 221394368 390804928
54 221252864 258968832
2 277857664 277792128
16 409697152 371981184
57 372054976 371989440
52 296678784 221181312
55 259036608 371987904
21 390876096 390810560
55 221394432 390804992
54 221252928 221187392
2 277857728 277792192
16 409697216 371981248
57 372055040 371989504
52 296678848 221181376
55 259036672 371987968
21 390876160 390810624
55 221394496 390805056
54 221252992 221187456
2 277857792 277792256
16 409697280 371981312
57 372055104 371989568
52 296678912 221181440
55 259036736 371988032
21 390876224 390810688
55 221394560 390805120
54 221253056 221187520
2 277857856 277792320
16 409697344 371981376
57 372055168 371989632
52 296678976 221181504
55 259036800 371988096
21 390876288 390810752
55 221394624 390805184
54 221253120 221187584
2 277857920 277792384
16 409697408 371981440
57 372055232 371989696
52 296679040 221181568
55 259036864 371988160
21 390876352 390810816
55 221394688 277788416
54 221253184 221187648
2 277857984 277792448
16 409697472 371981504
57 372055296 371989760
52 296679104 221181632
55 259036928 371988224
21 390876416 390810880
55 221394752 277788480
54 221253248 221187712
2 277858048 277792512
16 409697536 371981568
57 372055360 371989824
52 296679168 221181696
55 259036992 371988288
21 390876480 390810944
55 221394816 277788544
54 221253312 221187776
2 277858112 277792576
16 409697600 371981632
57 372055424 371989888
52 296679232 221181760
55 259037056 371988352
21 390876544 390811008
55 221394880 277788608
54 221253376 221187840
2 277858176 277792640
16 409697664 371981696
57 372055488 371989952
52 296679296 221181824
22 369471872 277787008
8 221394944 277788672
1 259037120 371988416
12 221253440 221187904
2 277858240 277792704
5 390876608 390811072
10 409697728 371981760
17 372055552 371990016
52 296679360 221181888
55 259037184 371988480
21 390876672 390811136
55 221395008 277788736
54 221253504 221187968
2 277858304 277792768
16 409697792 371981824
57 372055616 371990080
52 296679424 221181952
55 259037248 258971712
21 390876736 390811200
55 221395072 277788800
54 221253568 221188032
2 277858368 277792832
16 409697856 371981888
57 372055680 371990144
52 296679488 221182016
55 259037312 258971776
21 390876800 390811264
55 221395136 277788864
54 221253632 221188096
2 277858432 277792896
16 409697920 258965120
57 372055744 371990208
52 296679552 258963584
55 259037376 258971840
21 390876864 390811328
55 221395200 277788928
54 221253696 221188160
2 277858496 277792960
16 409697984 258965184
57 372055808 371990272
52 296679616 258963648
55 259037440 258971904
21 390876928 390811392
55 221395264 277788992
54 221253760 221188224
2 277858560 277793024
16 409698048 258965248
57 372055872 371990336
52 296679680 258963712
55 259037504 258971968
21 390876992 390811456
55 221395328 277789056
54 221253824 221188288
2 277858624 277793088
16 409698112 258965312
57 372055936 371990400
52 296679744 258963776
55 259037568 258972032
21 390877056 390811520
55 221395392 277789120
54 221253888 221188352
2 277858688 277793152
16 409698176 258965376
57 372056000 371990464
52 296679808 258963840
55 259037632 258972096
21 390877120 390811584
55 221395456 277789184
54 221253952 221188416
2 277858752 277793216
16 409698240 258965440
57 372056064 371990528
52 296679872 258963904
55 259037696 258972160
21 390877184 390811648
55 221395520 277789248
54 221254016 221188480
2 277858816 277793280
16 409698304 258965504
57 372056128 371990592
52 296679936 258963968
55 259037760 258972224
21 390877248 390811712
55 221395584 277789312
54 221254080 221188544
2 277858880 277793344
16 409698368 258965568
57 372056192 371990656
52 296680000 258964032
55 259037824 258972288
21 390877312 390811776
55 221395648 277789376
54 221254144 221188608
2 277858944 277793408
16 409698432 258965632
57 372056256 221323456
52 296680064 258964096
55 259037888 258972352
21 390877376 390811840
55 221395712 277789440
54 221254208 221188672
2 277859008 277793472
16 409698496 258965696
57 372056320 221323520
52 296680128 258964160
55 259037952 258972416
21 390877440 390811904
55 221395776 277789504
54 221254272 258970240
2 277859072 277793536
16 409698560 258965760
57 372056384 221323584
52 296680192 258964224
55 259038016 258972480
21 390877504 390811968
55 221395840 277789568
54 221254336 258970304
2 277859136 277793600
16 409698624 258965824
57 372056448 221323648
52 296680256 258964288
55 259038080 258972544
21 390877568 390812032
55 221395904 277789632
54 221254400 258970368
2 277859200 277793664
16 409698688 258965888
57 372056512 221323712
52 296680320 258964352
55 259038144 258972608
21 390877632 390812096
55 221395968 277789696
54 221254464 258970432
2 277859264 277793728
16 409698752 258965952
24 259038208 258972672
10 372056576 221323776
10 390877696 390812160
1 296680384 258964416
13 221396032 277789760
54 221254528 258970496
2 277859328 277793792
16 409698816 258966016
57 372056640 277783104
52 296680448 258964480
55 259038272 258972736
21 390877760 296604224
55 221396096 277789824
54 221254592 258970560
2 277859392 277793856
16 409698880 258966080
57 372056704 277783168
52 296680512 258964544
55 259038336 258972800
21 390877824 296604288
55 221396160 277789888
54 221254656 258970624
2 277859456 277793920
16 409698944 258966144
57 372056768 277783232
52 296680576 258964608
55 259038400 258972864
21 390877888 296604352
55 221396224 277789952
54 221254720 258970688
2 277859520 277793984
16 409699008 258966208
57 372056832 277783296
52 296680640 258964672
55 259038464 258972928
21 390877952 296604416
55 221396288 221330752
54 221254784 258970752
2 277859584 277794048
16 409699072 258966272
57 372056896 221324096
52 296680704 258964736
55 259038528 258972992
21 390878016 296604480
55 221396352 221330816
54 221254848 258970816
2 277859648 277794112
16 409699136 258966336
57 372056960 221324160
52 296680768 258964800
55 259038592 258973056
21 390878080 296604544
55 221396416 221330880
54 221254912 258970880
2 277859712 277794176
16 409699200 258966400
57 372057024 221324224
52 296680832 258964864
55 259038656 258973120
21 390878144 296604608
55 221396480 221330944
54 221254976 258970944
2 277859776 277794240
16 409699264 258966464
57 372057088 221324288
52 296680896 258964928
55 259038720 258973184
21 390878208 296604672
55 221396544 221331008
54 221255040 258971008
2 277859840 277794304
16 409699328 258966528
57 372057152 221324352
52 296680960 258964992
55 259038784 258973248
21 390878272 296604736
55 221396608 221331072
54 221255104 258971072
2 277859904 277794368
16 409699392 258966592
57 372057216 221324416
52 296681024 258965056
55 259038848 258973312
21 390878336 296604800
55 221396672 221331136
54 221255168 258971136
2 277859968 277794432
16 409699456 258966656
57 372057280 221324480
52 296681088 221183616
55 259038912 258973376
21 390878400 296604864
55 221396736 221331200
54 221255232 258971200
2 277860032 277794496
16 409699520 258966720
57 372057344 221324544
52 296681152 221183680
55 259038976 258973440
21 390878464 296604928
55 221396800 221331264
54 221255296 258971264
2 277860096 277794560
16 409699584 258966784
57 372057408 221324608
52 296681216 221183744
55 259039040 258973504
21 390878528 296604992
55 221396864 221331328
54 221255360 258971328
2 277860160 277794624
16 409699648 258966848
57 372057472 221324672
52 296681280 221183808
55 259039104 258973568
21 390878592 296605056
55 221396928 221331392
54 221255424 258971392
2 277860224 277794688
16 409699712 258966912
57 372057536 221324736
52 296681344 221183872
55 259039168 258973632
21 390878656 296605120
55 221396992 221331456
54 221255488 258971456
2 277860288 277794752
16 409699776 258966976
57 372057600 221324800
52 296681408 221183936
55 259039232 258973696
21 390878720 296605184
33 221397056 221331520
12 372057664 221324864
1 221255552 258971520
2 277860352 277794816
7 296681472 221184000
8 409699840 258967040
46 259039296 258973760
21 390878784 296605248
55 221397120 221331584
54 221255616 258971584
2 277860416 277794880
16 409699904 258967104
57 372057728 221324928
52 296681536 221184064
55 259039360 258973824
21 390878848 296605312
55 221397184 221331648
54 221255680 258971648
2 277860480 277794944
16 409699968 258967168
57 372057792 221324992
52 296681600 221184128
55 259039424 371990720
21 390878912 296605376
55 221397248 221331712
54 221255744 221190208
2 277860544 277795008
16 409700032 258967232
57 372057856 221325056
52 296681664 221184192
55 259039488 371990784
21 390878976 296605440
55 221397312 221331776
54 221255808 221190272
2 277860608 277795072
16 409700096 258967296
57 372057920 221325120
52 296681728 221184256
55 259039552 371990848
21 390879040 296605504
55 221397376 221331840
54 221255872 221190336
2 277860672 277795136
16 409700160 221185856
57 372057984 221325184
52 296681792 221184320
55 259039616 371990912
21 390879104 296605568
55 221397440 221331904
54 221255936 221190400
2 277860736 277795200
16 409700224 221185920
57 372058048 221325248
52 296681856 221184384
55 259039680 371990976
21 390879168 296605632
55 221397504 221331968
54 221256000 221190464
2 277860800 277795264
16 409700288 221185984
57 372058112 221325312
52 296681920 221184448
55 259039744 371991040
21 390879232 296605696
55 221397568 221332032
54 221256064 221190528
2 277860864 277795328
16 409700352 221186048
57 372058176 221325376
52 296681984 221184512
55 259039808 221323840
21 390879296 409622592
55 221397632 221332096
54 221256128 221190592
2 277860928 390812224
16 409700416 221186112
57 372058240 277784704
52 296682048 221184576
55 259039872 221323904
21 390879360 409622656
55 221397696 221332160
54 221256192 221190656
2 277860992 390812288
16 409700480 221186176
57 372058304 277784768
52 296682112 221184640
55 259039936 221323968
21 390879424 409622720
55 221397760 221332224
54 221256256 221190720
2 277861056 390812352
16 409700544 221186240
57 372058368 277784832
52 296682176 221184704
55 259040000 221324032
21 390879488 409622784
55 221397824 221332288
54 221256320 221190784
2 277861120 390812416
16 409700608 221186304
57 372058432 277784896
52 296682240 221184768
55 259040064 371991360
21 390879552 409622848
55 221397888 221332352
54 221256384 221190848
2 277861184 390812480
16 409700672 221186368
57 372058496 277784960
52 296682304 221184832
55 259040128 371991424
21 390879616 409622912
55 221397952 221332416
54 221256448 221190912
2 277861248 390812544
16 409700736 221186432
57 372058560 277785024
52 296682368 221184896
55 259040192 371991488
21 390879680 409622976
55 221398016 221332480
54 221256512 221190976
2 277861312 390812608
16 409700800 221186496
57 372058624 277785088
52 296682432 221184960
55 259040256 371991552
21 390879744 409623040
55 221398080 221332544
54 221256576 221191040
2 277861376 390812672
16 409700864 221186560
57 372058688 277785152
44 221398144 221332608
1 259040320 371991616
12 221256640 221191104
2 277861440 390812736
5 390879808 409623104
1 296682496 221185024
8 409700928 221186624
57 372058752 277785216
52 296682560 221185088
55 259040384 371991680
21 390879872 409623168
55 221398208 221332672
54 221256704 221191168
2 277861504 390812800
16 409700992 221186688
57 372058816 277785280
52 296682624 221185152
55 259040448 371991744
21 390879936 409623232
55 221398272 221332736
54 221256768 221191232
2 277861568 390812864
16 409701056 221186752
57 372058880 277785344
52 296682688 221185216
55 259040512 371991808
21 390880000 409623296
55 221398336 221332800
54 221256832 221191296
2 277861632 390812928
16 409701120 221186816
57 372058944 277785408
52 296682752 221185280
55 259040576 371991872
21 390880064 409623360
55 221398400 221332864
54 221256896 221191360
2 277861696 390812992
16 409701184 221186880
57 372059008 277785472
52 296682816 221185344
55 259040640 371991936
21 390880128 409623424
55 221398464 221332928
54 221256960 221191424
2 277861760 390813056
16 409701248 221186944
57 372059072 277785536
52 296682880 221185408
55 259040704 371992000
21 390880192 409623488
55 221398528 221332992
54 221257024 221191488
2 277861824 390813120
16 409701312 221187008
57 372059136 277785600
52 296682944 221185472
55 259040768 371992064
21 390880256 409623552
55 221398592 221333056
54 221257088 221191552
2 277861888 390813184
16 409701376 221187072
57 372059200 277785664
52 296683008 221185536
55 259040832 371992128
21 390880320 409623616
55 221398656 221333120
54 221257152 221191616
2 277861952 390813248
16 409701440 221187136
57 372059264 277785728
52 296683072 221185600
55 259040896 371992192
21 390880384 409623680
55 221398720 221333184
54 221257216 221191680
2 277862016 390813312
16 409701504 221187200
57 372059328 277785792
52 296683136 221185664
55 259040960 371992256
21 390880448 409623744
55 221398784 221333248
54 221257280 221191744
2 277862080 390813376
16 409701568 221187264
57 372059392 277785856
52 296683200 221185728
55 259041024 371992320
21 390880512 409623808
55 221398848 221333312
54 221257344 221191808
2 277862144 390813440
16 409701632 221187328
57 372059456 277785920
52 296683264 221185792
55 259041088 371992384
21 390880576 409623872
55 221398912 221333376
54 221257408 221191872
2 277862208 390813504
16 409701696 409636160
57 372059520 277785984
52 296683328 409634624
55 259041152 371992448
21 390880640 409623936
55 221398976 221333440
54 221257472 221191936
2 277862272 390813568
16 409701760 409636224
57 372059584 277786048
52 296683392 409634688
55 259041216 371992512
21 390880704 409624000
55 221399040 221333504
54 221257536 221192000
2 277862336 390813632
16 409701824 409636288
57 372059648 277786112
52 296683456 409634752
55 259041280 371992576
21 390880768 409624064
55 221399104 221333568
54 221257600 221192064
2 277862400 390813696
16 409701888 409636352
57 372059712 277786176
52 296683520 409634816
55 259041344 371992640
21 390880832 409624128
55 221399168 221333632
59 259041408 221325440
10 372059776 277786240
1 221257664 221192128
2 277862464 296605760
5 390880896 409624192
1 296683584 409634880
8 409701952 409636416
44 221399232 221333696
54 221257728 221192192
2 277862528 296605824
16 409702016 409636480
57 372059840 277786304
52 296683648 409634944
55 259041472 221325504
21 390880960 409624256
55 221399296 221333760
54 221257792 221192256
2 277862592 296605888
16 409702080 409636544
57 372059904 277786368
52 296683712 409635008
55 259041536 221325568
21 390881024 409624320
55 221399360 221333824
54 221257856 221192320
2 277862656 296605952
16 409702144 409636608
57 372059968 277786432
52 296683776 409635072
55 259041600 221325632
21 390881088 409624384
55 221399424 221333888
54 221257920 258973888
2 277862720 296606016
16 409702208 409636672
57 372060032 277786496
52 296683840 409635136
55 259041664 221325696
21 390881152 409624448
55 221399488 221333952
54 221257984 258973952
2 277862784 296606080
16 409702272 409636736
57 372060096 277786560
52 296683904 409635200
55 259041728 221325760
21 390881216 409624512
55 221399552 221334016
54 221258048 258974016
2 277862848 296606144
16 409702336 409636800
57 372060160 277786624
52 296683968 409635264
55 259041792 221325824
21 390881280 409624576
55 221399616 221334080
54 221258112 258974080
2 277862912 296606208
16 409702400 409636864
57 372060224 277786688
52 296684032 409635328
55 259041856 221325888
21 390881344 409624640
55 221399680 221334144
54 221258176 258974144
2 277862976 296606272
16 409702464 409636928
57 372060288 277786752
52 296684096 409635392
55 259041920 221325952
21 390881408 409624704
55 221399744 221334208
54 221258240 258974208
2 277863040 296606336
16 409702528 409636992
57 372060352 277786816
52 296684160 409635456
55 259041984 221326016
21 390881472 409624768
55 221399808 221334272
54 221258304 371991104
2 277863104 296606400
16 409702592 409637056
57 372060416 277786880
52 296684224 409635520
55 259042048 221326080
21 390881536 409624832
55 221399872 221334336
54 221258368 371991168
2 277863168 296606464
16 409702656 409637120
57 372060480 221327680
52 296684288 409635584
55 259042112 221326144
21 390881600 409624896
55 221399936 221334400
54 221258432 371991232
2 277863232 296606528
16 409702720 409637184
57 372060544 221327744
52 296684352 409635648
55 259042176 221326208
21 390881664 409624960
55 221400000 221334464
54 221258496 371991296
2 277863296 296606592
16 409702784 409637248
57 372060608 277787072
52 296684416 409635712
55 259042240 221326272
21 390881728 409625024
55 221400064 221334528
54 221258560 258974528
2 277863360 296606656
16 409702848 409637312
57 372060672 277787136
52 296684480 409635776
55 259042304 221326336
21 390881792 409625088
55 221400128 221334592
54 221258624 258974592
2 277863424 296606720
16 409702912 409637376
57 372060736 277787200
52 296684544 409635840
55 259042368 221326400
21 390881856 409625152
55 221400192 221334656
54 221258688 258974656
2 277863488 296606784
16 409702976 409637440
57 372060800 277787264
52 296684608 409635904
71 221400256 221334720
1 259042432 221326464
10 372060864 277787328
1 221258752 258974720
2 277863552 296606848
5 390881920 409625216
10 409703040 221188736
30 296684672 409635968
55 259042496 221326528
21 390881984 409625280
55 221400320 221334784
54 221258816 258974784
2 277863616 296606912
16 409703104 221188800
57 372060928 277787392
52 296684736 409636032
55 259042560 221326592
21 390882048 409625344
55 221400384 221334848
54 221258880 258974848
2 277863680 296606976
16 409703168 221188864
57 372060992 277787456
52 296684800 409636096
55 259042624 221326656
21 390882112 409625408
55 221400448 221334912
54 221258944 258974912
2 277863744 296607040
16 409703232 221188928
57 372061056 369472384
52 296684864 296619328
55 259042688 221326720
21 390882176 409625472
55 221400512 221334976
54 221259008 258974976
2 277863808 296607104
16 409703296 221188992
57 372061120 221328320
52 296684928 296619392
55 259042752 221326784
21 390882240 409625536
55 221400576 221335040
54 221259072 258975040
2 277863872 296607168
16 409703360 221189056
57 372061184 221328384
52 296684992 296619456
55 259042816 221326848
21 390882304 409625600
55 221400640 221335104
54 221259136 258975104
2 277863936 296607232
16 409703424 221189120
57 372061248 221328448
52 296685056 296619520
55 259042880 221326912
21 390882368 409625664
55 221400704 221335168
54 221259200 258975168
2 277864000 296607296
16 409703488 221189184
57 372061312 221328512
52 296685120 296619584
55 259042944 221326976
21 390882432 409625728
55 221400768 221335232
54 221259264 258975232
2 277864064 296607360
16 409703552 221189248
57 372061376 221328576
52 296685184 296619648
55 259043008 221327040
21 390882496 409625792
55 221400832 221335296
54 221259328 258975296
2 277864128 296607424
16 409703616 221189312
57 372061440 221328640
52 296685248 296619712
55 259043072 221327104
21 390882560 296609024
55 221400896 221335360
54 221259392 258975360
2 277864192 296607488
16 409703680 221189376
57 372061504 221328704
52 296685312 296619776
55 259043136 221327168
21 390882624 296609088
55 221400960 221335424
54 221259456 258975424
2 277864256 296607552
16 409703744 221189440
57 372061568 277788032
52 296685376 296619840
55 259043200 221327232
21 390882688 409625984
55 221401024 221335488
54 221259520 258975488
2 277864320 296607616
16 409703808 221189504
57 372061632 277788096
52 296685440 296619904
55 259043264 221327296
21 390882752 409626048
55 221401088 221335552
54 221259584 258975552
2 277864384 296607680
16 409703872 221189568
57 372061696 277788160
52 296685504 296619968
55 259043328 221327360
21 390882816 409626112
55 221401152 221335616
54 221259648 258975616
2 277864448 296607744
16 409703936 221189632
57 372061760 277788224
52 296685568 296620032
55 259043392 221327424
21 390882880 409626176
55 221401216 221335680
54 221259712 258975680
2 277864512 296607808
16 409704000 221189696
57 372061824 277788288
52 296685632 296620096
55 259043456 221327488
21 390882944 409626240
55 221401280 221335744
54 221259776 258975744
2 277864576 296607872
16 409704064 221189760
62 221401344 221335808
1 259043520 221327552
10 372061888 277788352
10 390883008 409626304
1 296685696 296620160
28 221259840 258975808
2 277864640 296607936
16 409704128 221189824
57 372061952 221329152
52 296685760 296620224
55 259043584 221327616
21 390883072 296609536
55 221401408 221335872
54 221259904 371992704
2 277864704 296608000
16 409704192 221189888
57 372062016 221329216
52 296685824 296620288
55 259043648 371994944
21 390883136 296609600
55 221401472 221335936
54 221259968 371992768
2 277864768 296608064
16 409704256 221189952
57 372062080 221329280
52 296685888 296620352
55 259043712 371995008
21 390883200 296609664
55 221401536 221336000
54 221260032 371992832
2 277864832 296608128
16 409704320 221190016
57 372062144 221329344
52 296685952 296620416
55 259043776 221327808
21 390883264 296609728
55 221401600 221336064
54 221260096 371992896
2 277864896 296608192
16 409704384 221190080
57 372062208 221329408
52 296686016 296620480
55 259043840 221327872
21 390883328 296609792
55 221401664 277795392
54 221260160 371992960
2 277864960 296608256
16 409704448 221190144
57 372062272 221329472
52 296686080 296620544
55 259043904 221327936
21 390883392 296609856
55 221401728 277795456
54 221260224 371993024
2 277865024 296608320
16 409704512 409638976
57 372062336 221329536
52 296686144 296620608
55 259043968 221328000
21 390883456 296609920
55 221401792 277795520
54 221260288 371993088
2 277865088 296608384
16 409704576 409639040
57 372062400 221329600
52 296686208 409637504
55 259044032 221328064
21 390883520 296609984
55 221401856 277795584
54 221260352 371993152
2 277865152 296608448
16 409704640 409639104
57 372062464 221329664
52 296686272 409637568
55 259044096 221328128
21 390883584 296610048
55 221401920 277795648
54 221260416 371993216
2 277865216 296608512
16 409704704 409639168
57 372062528 221329728
52 296686336 409637632
55 259044160 221328192
21 390883648 296610112
55 221401984 277795712
54 221260480 371993280
2 277865280 296608576
16 409704768 409639232
57 372062592 221329792
52 296686400 409637696
55 259044224 221328256
21 390883712 296610176
55 221402048 277795776
54 221260544 371993344
2 277865344 296608640
16 409704832 409639296
57 372062656 221329856
52 296686464 409637760
55 259044288 371995584
21 390883776 409627072
55 221402112 277795840
54 221260608 371993408
2 277865408 296608704
16 409704896 409639360
57 372062720 221329920
52 296686528 409637824
55 259044352 371995648
21 390883840 409627136
55 221402176 277795904
54 221260672 371993472
2 277865472 296608768
16 409704960 409639424
57 372062784 221329984
52 296686592 409637888
55 259044416 371995712
21 390883904 409627200
55 221402240 277795968
54 221260736 371993536
2 277865536 296608832
16 409705024 409639488
57 372062848 221330048
52 296686656 409637952
55 259044480 371995776
21 390883968 409627264
55 221402304 277796032
54 221260800 371993600
2 277865600 296608896
16 409705088 409639552
57 372062912 221330112
52 296686720 409638016
55 259044544 371995840
21 390884032 409627328
73 221402368 277796096
12 372062976 221330176
1 221260864 371993664
2 277865664 296608960
7 296686784 409638080
8 409705152 409639616
6 259044608 371995904
21 390884096 409627392
55 221402432 277796160
54 221260928 371993728
2 277865728 390817024
16 409705216 409639680
57 372063040 221330240
52 296686848 409638144
55 259044672 371995968
21 390884160 409627456
55 221402496 277796224
54 221260992 371993792
2 277865792 390817088
16 409705280 409639744
57 372063104 221330304
52 296686912 409638208
55 259044736 221328768
21 390884224 409627520
55 221402560 277796288
54 221261056 371993856
2 277865856 296609152
16 409705344 409639808
57 372063168 221330368
52 296686976 409638272
55 259044800 221328832
21 390884288 409627584
55 221402624 277796352
54 221261120 371993920
2 277865920 296609216
16 409705408 409639872
57 372063232 221330432
52 296687040 409638336
55 259044864 221328896
21 390884352 409627648
55 221402688 277796416
54 221261184 371993984
2 277865984 296609280
16 409705472 409639936
57 372063296 221330496
52 296687104 409638400
55 259044928 221328960
21 390884416 409627712
55 221402752 277796480
54 221261248 371994048
2 277866048 296609344
16 409705536 409640000
57 372063360 221330560
52 296687168 409638464
55 259044992 221329024
21 390884480 409627776
55 221402816 277796544
54 221261312 371994112
2 277866112 296609408
16 409705600 409640064
57 372063424 221330624
52 296687232 409638528
55 259045056 221329088
21 390884544 409627840
55 221402880 277796608
54 221261376 371994176
2 277866176 296609472
16 409705664 409640128
57 372063488 221330688
52 296687296 409638592
55 259045120 371996416
21 390884608 296611072
55 221402944 277796672
54 221261440 371994240
2 277866240 390817536
16 409705728 409640192
57 372063552 371998016
52 296687360 409638656
55 259045184 371996480
21 390884672 296611136
55 221403008 277796736
54 221261504 371994304
2 277866304 390817600
16 409705792 409640256
57 372063616 371998080
52 296687424 409638720
55 259045248 371996544
21 390884736 296611200
55 221403072 277796800
54 221261568 371994368
2 277866368 390817664
16 409705856 409640320
57 372063680 371998144
52 296687488 409638784
55 259045312 371996608
21 390884800 296611264
55 221403136 277796864
54 221261632 371994432
2 277866432 390817728
16 409705920 409640384
57 372063744 371998208
52 296687552 409638848
55 259045376 371996672
21 390884864 296611328
55 221403200 390813760
54 221261696 371994496
2 277866496 390817792
16 409705984 409640448
57 372063808 371998272
52 296687616 409638912
55 259045440 371996736
21 390884928 296611392
55 221403264 390813824
54 221261760 371994560
2 277866560 390817856
16 409706048 409640512
57 372063872 371998336
52 296687680 296622144
55 259045504 371996800
21 390884992 296611456
55 221403328 390813888
54 221261824 371994624
2 277866624 390817920
16 409706112 409640576
57 372063936 371998400
52 296687744 296622208
55 259045568 371996864
21 390885056 296611520
55 221403392 390813952
54 221261888 371994688
2 277866688 390817984
16 409706176 409640640
57 372064000 371998464
52 296687808 296622272
22 369471936 371995072
8 221403456 390814016
1 259045632 371996928
12 221261952 371994752
2 277866752 390818048
5 390885120 296611584
10 409706240 409640704
17 372064064 371998528
52 296687872 296622336
55 259045696 371996992
21 390885184 296611648
55 221403520 390814080
54 221262016 371994816
2 277866816 390818112
16 409706304 409640768
57 372064128 371998592
52 296687936 296622400
55 259045760 371997056
21 390885248 296611712
55 221403584 390814144
54 221262080 371994880
2 277866880 390818176
16 409706368 409640832
57 372064192 371998656
52 296688000 296622464
55 259045824 371997120
21 390885312 296611776
55 221403648 390814208
54 221262144 258978112
2 277866944 296610240
16 409706432 409640896
57 372064256 371998720
52 296688064 296622528
55 259045888 371997184
21 390885376 296611840
55 221403712 390814272
54 221262208 258978176
2 277867008 296610304
16 409706496 409640960
57 372064320 371998784
52 296688128 296622592
55 259045952 371997248
21 390885440 296611904
55 221403776 390814336
54 221262272 258978240
2 277867072 296610368
16 409706560 409641024
57 372064384 371998848
52 296688192 296622656
55 259046016 371997312
21 390885504 296611968
55 221403840 390814400
54 221262336 371995136
2 277867136 296610432
16 409706624 409641088
57 372064448 371998912
52 296688256 296622720
55 259046080 371997376
21 390885568 296612032
55 221403904 390814464
54 221262400 371995200
2 277867200 296610496
16 409706688 221192384
57 372064512 371998976
52 296688320 296622784
55 259046144 371997440
21 390885632 296612096
55 221403968 390814528
54 221262464 371995264
2 277867264 296610560
16 409706752 221192448
57 372064576 371999040
52 296688384 296622848
55 259046208 371997504
21 390885696 296612160
55 221404032 390814592
54 221262528 371995328
2 277867328 296610624
16 409706816 221192512
57 372064640 371999104
52 296688448 296622912
55 259046272 371997568
21 390885760 296612224
55 221404096 390814656
54 221262592 371995392
2 277867392 296610688
16 409706880 221192576
57 372064704 371999168
52 296688512 296622976
55 259046336 371997632
21 390885824 296612288
55 221404160 390814720
54 221262656 371995456
2 277867456 296610752
16 409706944 221192640
57 372064768 371999232
52 296688576 296623040
55 259046400 371997696
21 390885888 296612352
55 221404224 390814784
54 221262720 371995520
2 277867520 296610816
16 409707008 221192704
57 372064832 371999296
52 296688640 296623104
55 259046464 371997760
21 390885952 296612416
55 221404288 390814848
54 221262784 258978752
2 277867584 296610880
16 409707072 258974272
57 372064896 371999360
52 296688704 296623168
55 259046528 371997824
21 390886016 409629312
55 221404352 390814912
54 221262848 258978816
2 277867648 296610944
16 409707136 258974336
57 372064960 371999424
52 296688768 296623232
55 259046592 371997888
21 390886080 409629376
55 221404416 390814976
54 221262912 258978880
2 277867712 296611008
16 409707200 258974400
57 372065024 371999488
52 296688832 296623296
55 259046656 371997952
21 390886144 409629440
55 221404480 390815040
54 221262976 258978944
2 277867776 390819072
16 409707264 258974464
24 259046720 258981184
10 372065088 371999552
10 390886208 409629504
1 296688896 296623360
13 221404544 390815104
54 221263040 258979008
2 277867840 390819136
16 409707328 221193024
57 372065152 371999616
52 296688960 296623424
55 259046784 258981248
21 390886272 409629568
55 221404608 390815168
54 221263104 258979072
2 277867904 390819200
16 409707392 221193088
57 372065216 371999680
52 296689024 296623488
55 259046848 258981312
21 390886336 409629632
55 221404672 390815232
54 221263168 258979136
2 277867968 390819264
16 409707456 221193152
57 372065280 371999744
52 296689088 296623552
55 259046912 258981376
21 390886400 409629696
55 221404736 390815296
54 221263232 371996032
2 277868032 390819328
16 409707520 221193216
57 372065344 371999808
52 296689152 296623616
55 259046976 258981440
21 390886464 409629760
55 221404800 390815360
54 221263296 371996096
2 277868096 390819392
16 409707584 221193280
57 372065408 371999872
52 296689216 296623680
55 259047040 258981504
21 390886528 409629824
55 221404864 390815424
54 221263360 371996160
2 277868160 390819456
16 409707648 221193344
57 372065472 371999936
52 296689280 296623744
55 259047104 258981568
21 390886592 409629888
55 221404928 390815488
54 221263424 371996224
2 277868224 390819520
16 409707712 221193408
57 372065536 372000000
52 296689344 296623808
55 259047168 258981632
21 390886656 409629952
55 221404992 390815552
54 221263488 371996288
2 277868288 390819584
16 409707776 221193472
57 372065600 372000064
52 296689408 296623872
55 259047232 258981696
21 390886720 409630016
55 221405056 390815616
54 221263552 371996352
2 277868352 390819648
16 409707840 221193536
57 372065664 372000128
52 296689472 296623936
55 259047296 258981760
21 390886784 409630080
55 221405120 390815680
54 221263616 258979584
2 277868416 390819712
16 409707904 221193600
57 372065728 372000192
52 296689536 296624000
55 259047360 258981824
21 390886848 409630144
55 221405184 390815744
54 221263680 258979648
2 277868480 390819776
16 409707968 221193664
57 372065792 372000256
52 296689600 296624064
55 259047424 258981888
21 390886912 409630208
55 221405248 390815808
54 221263744 258979712
2 277868544 390819840
16 409708032 221193728
57 372065856 372000320
52 296689664 296624128
55 259047488 258981952
21 390886976 409630272
55 221405312 390815872
54 221263808 258979776
2 277868608 390819904
16 409708096 221193792
57 372065920 372000384
52 296689728 296624192
55 259047552 258982016
21 390887040 409630336
55 221405376 390815936
54 221263872 258979840
2 277868672 390819968
16 409708160 221193856
57 372065984 372000448
52 296689792 296624256
55 259047616 258982080
21 390887104 409630400
55 221405440 390816000
54 221263936 258979904
2 277868736 390820032
16 409708224 221193920
57 372066048 372000512
52 296689856 409641152
55 259047680 258982144
21 390887168 409630464
55 221405504 390816064
54 221264000 258979968
2 277868800 390820096
16 409708288 221193984
57 372066112 372000576
52 296689920 409641216
55 259047744 258982208
21 390887232 409630528
33 221405568 390816128
12 372066176 372000640
1 221264064 258980032
2 277868864 390820160
7 296689984 409641280
8 409708352 221194048
46 259047808 258982272
21 390887296 409630592
55 221405632 390816192
54 221264128 258980096
2 277868928 390820224
16 409708416 221194112
57 372066240 372000704
52 296690048 409641344
55 259047872 258982336
21 390887360 409630656
55 221405696 390816256
54 221264192 258980160
2 277868992 390820288
16 409708480 221194176
57 372066304 372000768
52 296690112 409641408
55 259047936 258982400
21 390887424 409630720
55 221405760 390816320
54 221264256 258980224
2 277869056 390820352
16 409708544 221194240
57 372066368 372000832
52 296690176 409641472
55 259048000 258982464
21 390887488 409630784
55 221405824 390816384
54 221264320 258980288
2 277869120 390820416
16 409708608 221194304
57 372066432 372000896
52 296690240 221192768
55 259048064 258982528
21 390887552 221182080
55 221405888 390816448
54 221264384 258980352
2 277869184 296612480
16 409708672 258975872
57 372066496 372000960
52 296690304 221192832
55 259048128 258982592
21 390887616 221182144
55 221405952 390816512
54 221264448 258980416
2 277869248 296612544
16 409708736 258975936
57 372066560 372001024
52 296690368 221192896
55 259048192 258982656
21 390887680 221182208
55 221406016 390816576
54 221264512 258980480
2 277869312 296612608
16 409708800 258976000
57 372066624 372001088
52 296690432 221192960
55 259048256 258982720
21 390887744 221182272
55 221406080 390816640
54 221264576 258980544
2 277869376 296612672
16 409708864 258976064
57 372066688 372001152
52 296690496 409641792
55 259048320 258982784
21 390887808 221182336
55 221406144 390816704
54 221264640 258980608
2 277869440 296612736
16 409708928 258976128
57 372066752 372001216
52 296690560 409641856
55 259048384 258982848
21 390887872 221182400
55 221406208 390816768
54 221264704 258980672
2 277869504 296612800
16 409708992 258976192
57 372066816 372001280
52 296690624 409641920
55 259048448 258982912
21 390887936 221182464
55 221406272 390816832
54 221264768 258980736
2 277869568 296612864
16 409709056 258976256
57 372066880 372001344
52 296690688 409641984
55 259048512 258982976
21 390888000 221182528
55 221406336 390816896
54 221264832 258980800
2 277869632 296612928
16 409709120 258976320
57 372066944 372001408
52 296690752 409642048
55 259048576 258983040
21 390888064 221182592
55 221406400 390816960
54 221264896 258980864
2 277869696 296612992
16 409709184 258976384
57 372067008 372001472
52 296690816 409642112
55 259048640 258983104
21 390888128 221182656
55 221406464 277800192
54 221264960 258980928
2 277869760 296613056
16 409709248 258976448
57 372067072 372001536
52 296690880 409642176
55 259048704 258983168
21 390888192 221182720
55 221406528 277800256
54 221265024 258980992
2 277869824 296613120
16 409709312 258976512
57 372067136 372001600
52 296690944 409642240
55 259048768 258983232
21 390888256 221182784
55 221406592 390817152
54 221265088 258981056
2 277869888 296613184
16 409709376 258976576
57 372067200 372001664
44 221406656 390817216
1 259048832 258983296
12 221265152 258981120
2 277869952 296613248
5 390888320 221182848
1 296691008 409642304
8 409709440 258976640
57 372067264 372001728
52 296691072 409642368
55 259048896 258983360
21 390888384 221182912
55 221406720 390817280
54 221265216 221199680
2 277870016 296613312
16 409709504 258976704
57 372067328 372001792
52 296691136 409642432
55 259048960 258983424
21 390888448 221182976
55 221406784 390817344
54 221265280 221199744
2 277870080 296613376
16 409709568 258976768
57 372067392 372001856
52 296691200 409642496
55 259049024 258983488
21 390888512 221183040
55 221406848 390817408
54 221265344 221199808
2 277870144 296613440
16 409709632 258976832
57 372067456 372001920
52 296691264 409642560
55 259049088 258983552
21 390888576 221183104
55 221406912 390817472
54 221265408 221199872
2 277870208 296613504
16 409709696 258976896
57 372067520 372001984
52 296691328 409642624
55 259049152 258983616
21 390888640 221183168
55 221406976 277800704
54 221265472 221199936
2 277870272 296613568
16 409709760 258976960
57 372067584 372002048
52 296691392 409642688
55 259049216 258983680
21 390888704 221183232
55 221407040 277800768
54 221265536 221200000
2 277870336 296613632
16 409709824 258977024
57 372067648 372002112
52 296691456 409642752
55 259049280 258983744
21 390888768 221183296
55 221407104 277800832
54 221265600 221200064
2 277870400 296613696
16 409709888 258977088
57 372067712 372002176
52 296691520 409642816
55 259049344 258983808
21 390888832 221183360
55 221407168 277800896
54 221265664 221200128
2 277870464 296613760
16 409709952 258977152
57 372067776 372002240
52 296691584 409642880
55 259049408 258983872
21 390888896 221183424
55 221407232 277800960
54 221265728 221200192
2 277870528 296613824
16 409710016 258977216
57 372067840 372002304
52 296691648 409642944
55 259049472 258983936
21 390888960 221183488
55 221407296 277801024
54 221265792 221200256
2 277870592 296613888
16 409710080 258977280
57 372067904 372002368
52 296691712 409643008
55 259049536 258984000
21 390889024 221183552
55 221407360 277801088
54 221265856 221200320
2 277870656 296613952
16 409710144 258977344
57 372067968 372002432
52 296691776 409643072
55 259049600 258984064
21 390889088 409632384
55 221407424 277801152
54 221265920 221200384
2 277870720 409630848
16 409710208 258977408
57 372068032 372002496
52 296691840 221194368
55 259049664 258984128
21 390889152 409632448
55 221407488 277801216
54 221265984 221200448
2 277870784 409630912
16 409710272 258977472
57 372068096 372002560
52 296691904 221194432
55 259049728 258984192
21 390889216 409632512
55 221407552 277801280
54 221266048 221200512
2 277870848 409630976
16 409710336 258977536
57 372068160 372002624
52 296691968 221194496
55 259049792 258984256
21 390889280 409632576
55 221407616 277801344
54 221266112 221200576
2 277870912 409631040
16 409710400 258977600
57 372068224 372002688
52 296692032 221194560
55 259049856 258984320
21 390889344 409632640
55 221407680 390818240
59 259049920 258984384
10 372068288 372002752
1 221266176 221200640
2 277870976 409631104
5 390889408 409632704
1 296692096 221194624
8 409710464 258977664
44 221407744 390818304
54 221266240 221200704
2 277871040 409631168
16 409710528 258977728
57 372068352 372002816
52 296692160 221194688
55 259049984 258984448
21 390889472 409632768
55 221407808 390818368
54 221266304 221200768
2 277871104 409631232
16 409710592 258977792
57 372068416 372002880
52 296692224 221194752
55 259050048 258984512
21 390889536 409632832
55 221407872 390818432
54 221266368 221200832
2 277871168 409631296
16 409710656 258977856
57 372068480 372002944
52 296692288 221194816
55 259050112 258984576
21 390889600 409632896
55 221407936 390818496
54 221266432 221200896
2 277871232 409631360
16 409710720 258977920
57 372068544 372003008
52 296692352 221194880
55 259050176 258984640
21 390889664 409632960
55 221408000 390818560
54 221266496 221200960
2 277871296 409631424
16 409710784 258977984
57 372068608 372003072
52 296692416 221194944
55 259050240 258984704
21 390889728 409633024
55 221408064 390818624
54 221266560 221201024
2 277871360 409631488
16 409710848 258978048
57 372068672 372003136
52 296692480 221195008
55 259050304 258984768
21 390889792 409633088
55 221408128 390818688
54 221266624 221201088
2 277871424 409631552
16 409710912 221196608
57 372068736 372003200
52 296692544 221195072
55 259050368 258984832
21 390889856 409633152
55 221408192 390818752
54 221266688 221201152
2 277871488 409631616
16 409710976 221196672
57 372068800 372003264
52 296692608 221195136
55 259050432 258984896
21 390889920 409633216
55 221408256 390818816
54 221266752 221201216
2 277871552 409631680
16 409711040 221196736
57 372068864 372003328
52 296692672 221195200
55 259050496 258984960
21 390889984 409633280
55 221408320 390818880
54 221266816 221201280
2 277871616 409631744
16 409711104 258978304
57 372068928 221336128
52 296692736 221195264
55 259050560 258985024
21 390890048 409633344
55 221408384 390818944
54 221266880 221201344
2 277871680 409631808
16 409711168 258978368
57 372068992 221336192
52 296692800 221195328
55 259050624 258985088
21 390890112 409633408
55 221408448 390819008
54 221266944 221201408
2 277871744 409631872
16 409711232 258978432
57 372069056 221336256
52 296692864 221195392
55 259050688 258985152
21 390890176 409633472
55 221408512 277802240
54 221267008 221201472
2 277871808 409631936
16 409711296 258978496
57 372069120 221336320
52 296692928 221195456
55 259050752 258985216
21 390890240 409633536
55 221408576 277802304
54 221267072 221201536
2 277871872 409632000
16 409711360 258978560
57 372069184 221336384
52 296692992 221195520
55 259050816 258985280
21 390890304 409633600
55 221408640 277802368
54 221267136 221201600
2 277871936 409632064
16 409711424 258978624
57 372069248 221336448
52 296693056 221195584
55 259050880 258985344
21 390890368 409633664
55 221408704 277802432
54 221267200 221201664
2 277872000 409632128
16 409711488 258978688
57 372069312 221336512
52 296693120 221195648
71 221408768 277802496
1 259050944 258985408
10 372069376 221336576
1 221267264 221201728
2 277872064 409632192
5 390890432 409633728
10 409711552 369472448
30 296693184 221195712
55 259051008 258985472
21 390890496 409633792
55 221408832 277802560
54 221267328 221201792
2 277872128 409632256
16 409711616 221197312
57 372069440 221336640
52 296693248 221195776
55 259051072 258985536
21 390890560 409633856
55 221408896 277802624
54 221267392 221201856
2 277872192 409632320
16 409711680 221197376
57 372069504 221336704
52 296693312 221195840
55 259051136 258985600
21 390890624 409633920
55 221408960 277802688
54 221267456 221201920
2 277872256 296615552
16 409711744 221197440
57 372069568 221336768
52 296693376 221195904
55 259051200 258985664
21 390890688 409633984
55 221409024 277802752
54 221267520 221201984
2 277872320 296615616
16 409711808 221197504
57 372069632 221336832
52 296693440 221195968
55 259051264 258985728
21 390890752 409634048
55 221409088 277802816
54 221267584 221202048
2 277872384 296615680
16 409711872 221197568
57 372069696 221336896
52 296693504 221196032
55 259051328 258985792
21 390890816 409634112
55 221409152 277802880
54 221267648 221202112
2 277872448 296615744
16 409711936 221197632
57 372069760 221336960
52 296693568 221196096
55 259051392 258985856
21 390890880 409634176
55 221409216 277802944
54 221267712 221202176
2 277872512 296615808
16 409712000 258979200
57 372069824 221337024
52 296693632 221196160
55 259051456 258985920
21 390890944 409634240
55 221409280 277803008
54 221267776 221202240
2 277872576 296615872
16 409712064 258979264
57 372069888 221337088
52 296693696 221196224
55 259051520 258985984
21 390891008 409634304
55 221409344 277803072
54 221267840 221202304
2 277872640 296615936
16 409712128 258979328
57 372069952 221337152
52 296693760 221196288
55 259051584 258986048
21 390891072 409634368
55 221409408 277803136
54 221267904 221202368
2 277872704 296616000
16 409712192 258979392
57 372070016 221337216
52 296693824 221196352
55 259051648 258986112
21 390891136 409634432
55 221409472 277803200
54 221267968 221202432
2 277872768 296616064
16 409712256 258979456
57 372070080 221337280
52 296693888 221196416
55 259051712 258986176
21 390891200 409634496
55 221409536 277803264
54 221268032 221202496
2 277872832 296616128
16 409712320 258979520
57 372070144 221337344
52 296693952 221196480
55 259051776 258986240
21 390891264 409634560
55 221409600 277803328
54 221268096 221202560
2 277872896 296616192
16 409712384 221198080
57 372070208 221337408
52 296694016 221196544
55 259051840 258986304
21 390891328 296617792
55 221409664 277803392
54 221268160 221202624
2 277872960 296616256
16 409712448 221198144
57 372070272 221337472
52 296694080 409645376
55 259051904 258986368
21 390891392 296617856
55 221409728 277803456
54 221268224 221202688
2 277873024 296616320
16 409712512 221198208
57 372070336 221337536
52 296694144 409645440
55 259051968 258986432
21 390891456 296617920
55 221409792 277803520
54 221268288 221202752
2 277873088 296616384
16 409712576 221198272
62 221409856 277803584
1 259052032 258986496
10 372070400 221337600
10 390891520 296617984
1 296694208 409645504
28 221268352 221202816
2 277873152 296616448
16 409712640 221198336
57 372070464 277796928
52 296694272 221196800
55 259052096 372003392
21 390891584 296618048
55 221409920 390820480
54 221268416 221202880
2 277873216 296616512
16 409712704 221198400
57 372070528 277796992
52 296694336 221196864
55 259052160 372003456
21 390891648 296618112
55 221409984 390820544
54 221268480 221202944
2 277873280 296616576
16 409712768 221198464
57 372070592 277797056
52 296694400 221196928
55 259052224 372003520
21 390891712 296618176
55 221410048 390820608
54 221268544 221203008
2 277873344 296616640
16 409712832 221198528
57 372070656 277797120
52 296694464 221196992
55 259052288 372003584
21 390891776 296618240
55 221410112 390820672
54 221268608 221203072
2 277873408 296616704
16 409712896 221198592
57 372070720 277797184
52 296694528 221197056
55 259052352 372003648
21 390891840 296618304
55 221410176 390820736
54 221268672 221203136
2 277873472 296616768
16 409712960 221198656
57 372070784 277797248
52 296694592 221197120
55 259052416 372003712
21 390891904 296618368
55 221410240 390820800
54 221268736 221203200
2 277873536 296616832
16 409713024 221198720
57 372070848 277797312
52 296694656 221197184
55 259052480 372003776
21 390891968 296618432
55 221410304 390820864
54 221268800 221203264
2 277873600 296616896
16 409713088 221198784
57 372070912 277797376
52 296694720 221197248
55 259052544 372003840
21 390892032 296618496
55 221410368 390820928
54 221268864 221203328
2 277873664 296616960
16 409713152 221198848
57 372070976 277797440
52 296694784 409646080
55 259052608 372003904
21 390892096 296618560
55 221410432 390820992
54 221268928 221203392
2 277873728 296617024
16 409713216 221198912
57 372071040 277797504
52 296694848 409646144
55 259052672 372003968
21 390892160 296618624
55 221410496 390821056
54 221268992 221203456
2 277873792 296617088
16 409713280 221198976
57 372071104 277797568
52 296694912 409646208
55 259052736 372004032
21 390892224 296618688
55 221410560 390821120
54 221269056 221203520
2 277873856 296617152
16 409713344 221199040
57 372071168 277797632
52 296694976 409646272
55 259052800 372004096
21 390892288 296618752
55 221410624 390821184
54 221269120 221203584
2 277873920 296617216
16 409713408 221199104
